[37mmkdir[0m [90m-p apps/c/helloworld[0m
    [92;1mBuilding[0m App: helloworld, Arch: aarch64, Platform: aarch64-qemu-virt, App type: c
[37mcargo build[0m [90m--target aarch64-unknown-none-softfloat --target-dir /home/flex/CodeHub/mono_kernel/ruxos/target --profile=reldebug  -p ruxmusl --features "ruxfeat/log-level-debug ruxfeat/rtc ruxfeat/virtio-9p ruxfeat/tls ruxmusl/paging ruxmusl/alloc ruxmusl/irq ruxmusl/musl ruxmusl/multitask ruxmusl/fs ruxmusl/pipe ruxmusl/poll ruxmusl/signal ruxmusl/fp_simd ruxmusl/fd ruxmusl/musl ruxmusl/fp_simd ruxmusl/fd ruxmusl/sched_rr"[0m
[37maarch64-linux-musl-gcc[0m [90m-nostdinc -fno-builtin -ffreestanding -Wall -isystem/home/flex/CodeHub/mono_kernel/ruxos/ulib/ruxmusl/install_aarch64_reldebug/include -O3 -g  -c -o apps/c/helloworld/main.o apps/c/helloworld/main.c[0m
    [96;1mLinking[0m apps/c/helloworld/helloworld_aarch64-qemu-virt.elf
[37mrust-lld -flavor gnu[0m [90m-nostdlib -static -no-pie --gc-sections -T/home/flex/CodeHub/mono_kernel/ruxos/modules/ruxhal/linker_aarch64-qemu-virt.lds ulib/ruxmusl/install_aarch64_reldebug/lib/libc.a target/aarch64-unknown-none-softfloat/reldebug/libruxmusl.a  apps/c/helloworld/main.o -o apps/c/helloworld/helloworld_aarch64-qemu-virt.elf[0m
[37mrust-objcopy --binary-architecture=aarch64[0m [90mapps/c/helloworld/helloworld_aarch64-qemu-virt.elf --strip-all -O binary apps/c/helloworld/helloworld_aarch64-qemu-virt.bin[0m
    [96;1mRunning[0m on qemu...
[37mqemu-system-aarch64[0m [90m-m 2G -smp 1 -cpu cortex-a72 -machine virt -kernel apps/c/helloworld/helloworld_aarch64-qemu-virt.bin -append ";/bin/hello;" -device virtio-net-device,netdev=net0 -fsdev local,id=myid,path=apps/c/helloworld/rootfs,security_model=none -device virtio-9p-device,fsdev=myid,mount_tag=rootfs -netdev user,id=net0,hostfwd=tcp::5555-:5555,hostfwd=udp::5555-:5555,hostfwd=tcp::5556-:5556,hostfwd=udp::5556-:5556,hostfwd=tcp::5557-:5557,hostfwd=udp::5557-:5557,hostfwd=tcp::5558-:5558,hostfwd=udp::5558-:5558,hostfwd=tcp::5559-:5559,hostfwd=udp::5559-:5559, -nographic[0m

8888888b.                     .d88888b.   .d8888b.  
888   Y88b                   d88P" "Y88b d88P  Y88b 
888    888                   888     888 Y88b.      
888   d88P 888  888 888  888 888     888  "Y888b.   
8888888P"  888  888 `Y8bd8P' 888     888     "Y88b. 
888 T88b   888  888   X88K   888     888       "888 
888  T88b  Y88b 888 .d8""8b. Y88b. .d88P Y88b  d88P 
888   T88b  "Y88888 888  888  "Y88888P"   "Y8888P" 

arch = aarch64
platform = aarch64-qemu-virt
target = aarch64-unknown-none-softfloat
smp = 1
build_mode = reldebug
log_level = debug

[37m[1733834993.003588 0 ruxruntime:175] [32mLogging is enabled.[m
[m[37m[1733834993.004768 0 ruxruntime:176] [32mPrimary CPU 0 started, dtb = 0x48000000.[m
[m[37m[1733834993.005170 0 ruxruntime:178] [32mFound physcial memory regions:[m
[m[37m[1733834993.005601 0 ruxruntime:180] [32m  [PA:0x40080000, PA:0x400e5000) .text (READ | EXECUTE | RESERVED)[m
[m[37m[1733834993.006118 0 ruxruntime:180] [32m  [PA:0x400e5000, PA:0x400f5000) .rodata (READ | RESERVED)[m
[m[37m[1733834993.006441 0 ruxruntime:180] [32m  [PA:0x400f5000, PA:0x400f9000) .data .tdata .tbss .percpu (READ | WRITE | RESERVED)[m
[m[37m[1733834993.006783 0 ruxruntime:180] [32m  [PA:0x400f9000, PA:0x40179000) boot stack (READ | WRITE | RESERVED)[m
[m[37m[1733834993.007076 0 ruxruntime:180] [32m  [PA:0x40179000, PA:0x4019e000) .bss (READ | WRITE | RESERVED)[m
[m[37m[1733834993.007370 0 ruxruntime:180] [32m  [PA:0x4019e000, PA:0xc0000000) free memory (READ | WRITE | EXECUTE | FREE)[m
[m[37m[1733834993.007735 0 ruxruntime:180] [32m  [PA:0x9000000, PA:0x9001000) mmio (READ | WRITE | DEVICE | RESERVED)[m
[m[37m[1733834993.008029 0 ruxruntime:180] [32m  [PA:0x8000000, PA:0x8020000) mmio (READ | WRITE | DEVICE | RESERVED)[m
[m[37m[1733834993.008312 0 ruxruntime:180] [32m  [PA:0xa000000, PA:0xa004000) mmio (READ | WRITE | DEVICE | RESERVED)[m
[m[37m[1733834993.008596 0 ruxruntime:180] [32m  [PA:0x10000000, PA:0x3eff0000) mmio (READ | WRITE | DEVICE | RESERVED)[m
[m[37m[1733834993.008905 0 ruxruntime:180] [32m  [PA:0x4010000000, PA:0x4020000000) mmio (READ | WRITE | DEVICE | RESERVED)[m
[m[37m[1733834993.009204 0 ruxruntime:180] [32m  [PA:0x9010000, PA:0x9011000) mmio (READ | WRITE | DEVICE | RESERVED)[m
[m[37m[1733834993.009548 0 ruxruntime:344] [32mInitialize global memory allocator...[m
[m[37m[1733834993.009817 0 ruxruntime:345] [32m  use slab allocator.[m
[m[37m[1733834993.010325 0 axalloc:221] [36minitialize global allocator at: [0xffff00004019e000, 0xffff0000c0000000)[m
[m[37m[1733834993.012086 0 ruxruntime:195] [32mInitialize platform devices...[m
[m[37m[1733834993.012343 0 ruxhal::platform::aarch64_common::gic:60] [32mInitialize GICv2...[m
[m[37m[1733834993.013207 0 ruxhal::platform::aarch64_common::pl031:23] [32mInitialize pl031 rtc...[m
[m[37m[1733834993.013588 0 ruxhal::platform::aarch64_common::pl031:25] [36m1733834993[m
[m[37m[1733834993.014111 0 ruxtask::api:80] [32mInitialize scheduling...[m
[m[37m[1733834993.014861 0 ruxhal::tls:138] [31mTLS area: 0xffff0000401a4f00, size: 0x10[m
[m[37m[1733834993.015643 0 axalloc:127] [36mexpand heap memory: [0xffff0000401a7000, 0xffff0000401b7000)[m
[m[37m[1733834993.016778 0 ruxtask::task:668] [36mnew init task: Task(1, "main")[m
[m[37m[1733834993.017145 0 ruxtask::task:336] [36mset_stack_top: begin=0xffff0000400f9000, size=0x80000[m
[m[37m[1733834993.017717 0 axalloc:127] [36mexpand heap memory: [0xffff0000401b7000, 0xffff0000401d7000)[m
[m[37m[1733834993.018635 0 ruxtask::task:248] [36mnew_common: process_id=Task(1, "main"), name=2[m
[m[37m[1733834993.019379 0 ruxtask::task:387] [36mnew task: Task(2, "idle")[m
[m[37m[1733834993.019743 0 axalloc:127] [36mexpand heap memory: [0xffff0000401d7000, 0xffff000040257000)[m
[m[37m[1733834993.020605 0 ruxtask::task:248] [36mnew_common: process_id=Task(1, "main"), name=3[m
[m[37m[1733834993.020941 0 ruxtask::task:387] [36mnew task: Task(3, "gc")[m
[m[37m[1733834993.021243 0 axalloc:127] [36mexpand heap memory: [0xffff000040257000, 0xffff000040457000)[m
[m[37m[1733834993.022069 0 ruxtask::api:88] [32m  use Round-robin scheduler.[m
[m[37m[1733834993.022441 0 ruxruntime:210] [32mInitialize kernel page table...[m
[m[37m[1733834993.023791 0 ruxmm::paging:39] [33mkernel page table root: 0xPA:0x401a6000[m
[m[37m[1733834993.024126 0 ruxdriver:168] [32mInitialize device drivers...[m
[m[37m[1733834993.024387 0 ruxdriver:169] [32m  device model: static[m
[m[37m[1733834993.024913 0 virtio_drivers::device::v9p:30] [32mdevice features: VIRTIO_9P_F_MOUNT_TAG[m
[m[37m[1733834993.025842 0 ruxdriver::bus::mmio:20] [32mregistered a new _9P device at [PA:0xa003c00, PA:0xa003e00): "virtio-9p"[m
[m[37m[1733834993.026422 0 ruxdriver:184] [36mnumber of block devices: 0[m
[m[37m[1733834993.026694 0 ruxdriver:200] [36mnumber of 9p devices: 1[m
[m[37m[1733834993.026938 0 ruxdriver:203] [36m  9p device 0: "virtio-9p"[m
[m[37m[1733834993.027281 0 rux9p:51] [32mInitialize virtio 9pfs...[m
[m[37m[1733834993.027607 0 rux9p:54] [32m  use 9pfs device 0: "virtio-9p"[m
[m[37m[1733834993.027945 0 rux9p::drv:45] [32m9p dev init success[m
[m[37m[1733834993.029740 0 rux9p::fs:49] [32m9pfs server's protocol: 9P2000.L[m
[m[37m[1733834993.031827 0 axfs_ramfs::dir:130] [36mcreate File at ramfs: cpuinfo[m
[m[37m[1733834993.033568 0 axfs_ramfs::dir:130] [36mcreate File at ramfs: meminfo[m
[m[37m[1733834993.034524 0 axfs_ramfs::dir:130] [36mcreate Dir at ramfs: sys[m
[m[37m[1733834993.034824 0 axfs_ramfs::dir:130] [36mcreate Dir at ramfs: sys/net[m
[m[37m[1733834993.035157 0 axfs_ramfs::dir:130] [36mcreate Dir at ramfs: net[m
[m[37m[1733834993.035388 0 axfs_ramfs::dir:130] [36mcreate Dir at ramfs: sys/net/core[m
[m[37m[1733834993.035617 0 axfs_ramfs::dir:130] [36mcreate Dir at ramfs: net/core[m
[m[37m[1733834993.035826 0 axfs_ramfs::dir:130] [36mcreate Dir at ramfs: core[m
[m[37m[1733834993.036048 0 axfs_ramfs::dir:130] [36mcreate File at ramfs: sys/net/core/somaxconn[m
[m[37m[1733834993.036364 0 axfs_ramfs::dir:130] [36mcreate File at ramfs: net/core/somaxconn[m
[m[37m[1733834993.036599 0 axfs_ramfs::dir:130] [36mcreate File at ramfs: core/somaxconn[m
[m[37m[1733834993.036825 0 axfs_ramfs::dir:130] [36mcreate File at ramfs: somaxconn[m
[m[37m[1733834993.037111 0 axfs_ramfs::dir:130] [36mcreate Dir at ramfs: sys[m
[m[37m[1733834993.037375 0 axfs_ramfs::dir:55] [31mAlreadyExists sys[m
[m[37m[1733834993.037560 0 axfs_ramfs::dir:130] [36mcreate Dir at ramfs: sys/vm[m
[m[37m[1733834993.037765 0 axfs_ramfs::dir:130] [36mcreate Dir at ramfs: vm[m
[m[37m[1733834993.037973 0 axfs_ramfs::dir:130] [36mcreate File at ramfs: sys/vm/overcommit_memory[m
[m[37m[1733834993.038238 0 axfs_ramfs::dir:130] [36mcreate File at ramfs: vm/overcommit_memory[m
[m[37m[1733834993.038486 0 axfs_ramfs::dir:130] [36mcreate File at ramfs: overcommit_memory[m
[m[37m[1733834993.038806 0 axfs_ramfs::dir:130] [36mcreate Dir at ramfs: self[m
[m[37m[1733834993.039051 0 axfs_ramfs::dir:130] [36mcreate File at ramfs: self/stat[m
[m[37m[1733834993.039265 0 axfs_ramfs::dir:130] [36mcreate File at ramfs: stat[m
[m[37m[1733834993.039625 0 axfs_ramfs::dir:130] [36mcreate Dir at ramfs: kernel[m
[m[37m[1733834993.039833 0 axfs_ramfs::dir:130] [36mcreate Dir at ramfs: kernel/mm[m
[m[37m[1733834993.040043 0 axfs_ramfs::dir:130] [36mcreate Dir at ramfs: mm[m
[m[37m[1733834993.040239 0 axfs_ramfs::dir:130] [36mcreate Dir at ramfs: kernel/mm/transparent_hugepage[m
[m[37m[1733834993.040497 0 axfs_ramfs::dir:130] [36mcreate Dir at ramfs: mm/transparent_hugepage[m
[m[37m[1733834993.040739 0 axfs_ramfs::dir:130] [36mcreate Dir at ramfs: transparent_hugepage[m
[m[37m[1733834993.040977 0 axfs_ramfs::dir:130] [36mcreate File at ramfs: kernel/mm/transparent_hugepage/enabled[m
[m[37m[1733834993.041255 0 axfs_ramfs::dir:130] [36mcreate File at ramfs: mm/transparent_hugepage/enabled[m
[m[37m[1733834993.041519 0 axfs_ramfs::dir:130] [36mcreate File at ramfs: transparent_hugepage/enabled[m
[m[37m[1733834993.041775 0 axfs_ramfs::dir:130] [36mcreate File at ramfs: enabled[m
[m[37m[1733834993.042031 0 axfs_ramfs::dir:130] [36mcreate Dir at ramfs: devices[m
[m[37m[1733834993.042242 0 axfs_ramfs::dir:130] [36mcreate Dir at ramfs: devices/system[m
[m[37m[1733834993.042464 0 axfs_ramfs::dir:130] [36mcreate Dir at ramfs: system[m
[m[37m[1733834993.042669 0 axfs_ramfs::dir:130] [36mcreate Dir at ramfs: devices/system/clocksource[m
[m[37m[1733834993.042918 0 axfs_ramfs::dir:130] [36mcreate Dir at ramfs: system/clocksource[m
[m[37m[1733834993.043149 0 axfs_ramfs::dir:130] [36mcreate Dir at ramfs: clocksource[m
[m[37m[1733834993.043376 0 axfs_ramfs::dir:130] [36mcreate Dir at ramfs: devices/system/clocksource/clocksource0[m
[m[37m[1733834993.043657 0 axfs_ramfs::dir:130] [36mcreate Dir at ramfs: system/clocksource/clocksource0[m
[m[37m[1733834993.043917 0 axfs_ramfs::dir:130] [36mcreate Dir at ramfs: clocksource/clocksource0[m
[m[37m[1733834993.044163 0 axfs_ramfs::dir:130] [36mcreate Dir at ramfs: clocksource0[m
[m[37m[1733834993.044384 0 axfs_ramfs::dir:130] [36mcreate File at ramfs: devices/system/clocksource/clocksource0/current_clocksource[m
[m[37m[1733834993.044713 0 axfs_ramfs::dir:130] [36mcreate File at ramfs: system/clocksource/clocksource0/current_clocksource[m
[m[37m[1733834993.045021 0 axfs_ramfs::dir:130] [36mcreate File at ramfs: clocksource/clocksource0/current_clocksource[m
[m[37m[1733834993.045315 0 axfs_ramfs::dir:130] [36mcreate File at ramfs: clocksource0/current_clocksource[m
[m[37m[1733834993.045583 0 axfs_ramfs::dir:130] [36mcreate File at ramfs: current_clocksource[m
[m[37m[1733834993.046083 0 axfs_ramfs::dir:130] [36mcreate File at ramfs: passwd[m
[m[37m[1733834993.046342 0 axfs_ramfs::dir:130] [36mcreate File at ramfs: group[m
[m[37m[1733834993.046600 0 axfs_ramfs::dir:130] [36mcreate File at ramfs: localtime[m
[m[37m[1733834993.046838 0 axfs_ramfs::dir:130] [36mcreate File at ramfs: hosts[m
[m[37m[1733834993.047167 0 axfs_ramfs::dir:130] [36mcreate File at ramfs: resolv.conf[m
[m[37m[1733834993.047667 0 ruxtask::fs:261] [32mmounting /dev[m
[m[37m[1733834993.047962 0 rux9p::fs:445] [36mlookup 9pfs: /dev[m
[m[37m[1733834993.049680 0 rux9p::fs:445] [36mlookup 9pfs: /dev[m
[m[37m[1733834993.050554 0 ruxtask::fs:261] [32mmounting /tmp[m
[m[37m[1733834993.050755 0 rux9p::fs:445] [36mlookup 9pfs: /tmp[m
[m[37m[1733834993.051113 0 rux9p::fs:445] [36mlookup 9pfs: /tmp[m
[m[37m[1733834993.051627 0 ruxtask::fs:261] [32mmounting /proc[m
[m[37m[1733834993.051797 0 rux9p::fs:445] [36mlookup 9pfs: /proc[m
[m[37m[1733834993.052097 0 rux9p::fs:445] [36mlookup 9pfs: /proc[m
[m[37m[1733834993.052406 0 ruxtask::fs:261] [32mmounting /sys[m
[m[37m[1733834993.052570 0 rux9p::fs:445] [36mlookup 9pfs: /sys[m
[m[37m[1733834993.052922 0 rux9p::fs:445] [36mlookup 9pfs: /sys[m
[m[37m[1733834993.053217 0 ruxtask::fs:261] [32mmounting /etc[m
[m[37m[1733834993.053380 0 rux9p::fs:445] [36mlookup 9pfs: /etc[m
[m[37m[1733834993.053727 0 rux9p::fs:445] [36mlookup 9pfs: /etc[m
[m[37m[1733834993.054178 0 ruxos_posix_api::imp::fs:32] [36minit initial process's fd_table[m
[m[37m[1733834993.054726 0 ruxruntime:265] [32mInitialize interrupt handlers...[m
[m[37m[1733834993.055524 0 ruxruntime:275] [32mPrimary CPU 0 init OK.[m
[m[37m[1733834993.056411 0:1 ruxtask::task:464] [31mtls area addr: 0x0000200040000000[m
[m[37m[1733834993.056907 0:1 ruxtask::task:466] [36mnew task; name="init", pagetable's rootaddr=PA:0x40462000[m
[m[37m[1733834993.057182 0:1 ruxtask::task:336] [36mset_stack_top: begin=0x7ffffff7f000, size=0x80000[m
[m[37m[1733834993.057524 0:1 ruxtask::task:476] [33mnew_task: kstack_top=VA:0xffff000040380000[m
[m[37m[1733834993.058049 0:1 ruxtask::run_queue:46] [36mtask spawn: Task(4, "init")[m
[m[37m[1733834993.058472 0:1 ruxtask::run_queue:103] [36mtask exit: Task(1, "main"), exit_code=0[m
[m[37m[1733834993.059119 0:1 ruxtask::task:972] [33m-----------set_current-------------,next ptr=Task(3, "gc")[m
[m[37m[1733834993.059615 0:3 ruxhal::arch::aarch64::context:146] [36mnew page table addr: 0x401a6000[m
[m[37m[1733834993.059896 0:3 ruxhal::arch::aarch64::context:147] [36mstack ptr for el1: 0xffff000040300000[m
[m[37m[1733834993.060632 0:3 ruxtask::run_queue:125] [36mtask block: Task(3, "gc")[m
[m[37m[1733834993.060951 0:3 ruxtask::task:972] [33m-----------set_current-------------,next ptr=Task(4, "init")[m
[m[37m[1733834993.061212 0:4 ruxhal::arch::aarch64::context:146] [36mnew page table addr: 0x40462000[m
[m[37m[1733834993.061444 0:4 ruxhal::arch::aarch64::context:147] [36mstack ptr for el1: 0xffff000040380000[m
[m[37m[1733834993.061758 0:4 ruxtask::execv:38] [36melf load: new elf prog: bin/busybox[m
[m[37m[1733834993.062032 0:4 ruxfs::fops:125] [36mopen file: bin/busybox READ | WRITE[m
[m[37m[1733834993.062515 0:4 ruxfs::root:90] [36mlookup at root: bin/busybox[m
[m[37m[1733834993.062853 0:4 rux9p::fs:445] [36mlookup 9pfs: bin/busybox[m
[m[37m[1733834993.064267 0:4 rux9p::fs:401] [36mget_attr Ok(FileAttr { vaild: 6143, qid: _9PQid { ftype: 0, version: 1766478974, path: 2950302 }, mode: 33188, n_link: 1, uid: 1000, gid: 1000, rdev: 0, size: 919232, blk_size: 4096, n_blk: 1800, atime_sec: 1733748370, atime_ns: 577976328, mtime_sec: 1733071998, mtime_ns: 391682500, ctime_sec: 1733071998, ctime_ns: 391682500, btime_sec: 0, btime_ns: 0, gen: 324795, date_version: 0 })[m
[m[37m[1733834993.066683 0:4 rux9p::fs:401] [36mget_attr Ok(FileAttr { vaild: 6143, qid: _9PQid { ftype: 0, version: 1766478974, path: 2950302 }, mode: 33188, n_link: 1, uid: 1000, gid: 1000, rdev: 0, size: 919232, blk_size: 4096, n_blk: 1800, atime_sec: 1733748370, atime_ns: 577976328, mtime_sec: 1733071998, mtime_ns: 391682500, ctime_sec: 1733071998, ctime_ns: 391682500, btime_sec: 0, btime_ns: 0, gen: 324795, date_version: 0 })[m
[m[37m[1733834993.067800 0:4 ruxtask::execv:52] [36msys_execve: file size 0xe06c0[m
[m[37m[1733834993.068059 0:4 axalloc:127] [36mexpand heap memory: [0xffff000040463000, 0xffff000040863000)[m
[m[37m[1733834993.069115 0:4 rux9p::fs:556] [36mread 9pid:2 length: 919232[m
[m[37m[1733834993.072901 0:4 ruxtask::execv:57] [36msys_execve: read file size 0xe06c0[m
[m[37m[1733834993.073468 0:4 ruxtask::execv:70] [36mload_elf: loading ELF in 0x400000[m
[m[37m[1733834993.074050 0:4 ruxtask::execv:77] [33mload_elf: loading segment 0x0 to 0x400000, size 0xd86cc[m
[m[37m[1733834993.074523 0:4 ruxhal::arch::aarch64::trap:102] [36missue=0x44, vaddr=0x400000, cause=WRITE[m
[m[37m[1733834993.075007 0:4 ruxos_posix_api::imp::mmap::trap:61] [36mPage Fault Happening, vaddr:0x400000, casue:WRITE, map_flags:MappingFlags(READ | WRITE | EXECUTE | USER)[m
[m[37m[1733834993.076050 0:4 ruxos_posix_api::imp::mmap::trap:113] [33mis copy-on-write: false, vaddr=0x400000[m
[m[37m[1733834993.076732 0:4 ruxhal::arch::aarch64::trap:102] [36missue=0x47, vaddr=0x401000, cause=WRITE[m
[m[37m[1733834993.077011 0:4 ruxos_posix_api::imp::mmap::trap:61] [36mPage Fault Happening, vaddr:0x401000, casue:WRITE, map_flags:MappingFlags(READ | WRITE | EXECUTE | USER)[m
[m[37m[1733834993.077533 0:4 ruxos_posix_api::imp::mmap::trap:113] [33mis copy-on-write: false, vaddr=0x401000[m
[m[37m[1733834993.077844 0:4 ruxhal::arch::aarch64::trap:102] [36missue=0x47, vaddr=0x402000, cause=WRITE[m
[m[37m[1733834993.078111 0:4 ruxos_posix_api::imp::mmap::trap:61] [36mPage Fault Happening, vaddr:0x402000, casue:WRITE, map_flags:MappingFlags(READ | WRITE | EXECUTE | USER)[m
[m[37m[1733834993.078537 0:4 ruxos_posix_api::imp::mmap::trap:113] [33mis copy-on-write: false, vaddr=0x402000[m
[m[37m[1733834993.078845 0:4 ruxhal::arch::aarch64::trap:102] [36missue=0x47, vaddr=0x403000, cause=WRITE[m
[m[37m[1733834993.079109 0:4 ruxos_posix_api::imp::mmap::trap:61] [36mPage Fault Happening, vaddr:0x403000, casue:WRITE, map_flags:MappingFlags(READ | WRITE | EXECUTE | USER)[m
[m[37m[1733834993.079534 0:4 ruxos_posix_api::imp::mmap::trap:113] [33mis copy-on-write: false, vaddr=0x403000[m
[m[37m[1733834993.079824 0:4 ruxhal::arch::aarch64::trap:102] [36missue=0x47, vaddr=0x404000, cause=WRITE[m
[m[37m[1733834993.080089 0:4 ruxos_posix_api::imp::mmap::trap:61] [36mPage Fault Happening, vaddr:0x404000, casue:WRITE, map_flags:MappingFlags(READ | WRITE | EXECUTE | USER)[m
[m[37m[1733834993.080513 0:4 ruxos_posix_api::imp::mmap::trap:113] [33mis copy-on-write: false, vaddr=0x404000[m
[m[37m[1733834993.080803 0:4 ruxhal::arch::aarch64::trap:102] [36missue=0x47, vaddr=0x405000, cause=WRITE[m
[m[37m[1733834993.081067 0:4 ruxos_posix_api::imp::mmap::trap:61] [36mPage Fault Happening, vaddr:0x405000, casue:WRITE, map_flags:MappingFlags(READ | WRITE | EXECUTE | USER)[m
[m[37m[1733834993.081490 0:4 ruxos_posix_api::imp::mmap::trap:113] [33mis copy-on-write: false, vaddr=0x405000[m
[m[37m[1733834993.081780 0:4 ruxhal::arch::aarch64::trap:102] [36missue=0x47, vaddr=0x406000, cause=WRITE[m
[m[37m[1733834993.082044 0:4 ruxos_posix_api::imp::mmap::trap:61] [36mPage Fault Happening, vaddr:0x406000, casue:WRITE, map_flags:MappingFlags(READ | WRITE | EXECUTE | USER)[m
[m[37m[1733834993.082469 0:4 ruxos_posix_api::imp::mmap::trap:113] [33mis copy-on-write: false, vaddr=0x406000[m
[m[37m[1733834993.082758 0:4 ruxhal::arch::aarch64::trap:102] [36missue=0x47, vaddr=0x407000, cause=WRITE[m
[m[37m[1733834993.083023 0:4 ruxos_posix_api::imp::mmap::trap:61] [36mPage Fault Happening, vaddr:0x407000, casue:WRITE, map_flags:MappingFlags(READ | WRITE | EXECUTE | USER)[m
[m[37m[1733834993.083445 0:4 ruxos_posix_api::imp::mmap::trap:113] [33mis copy-on-write: false, vaddr=0x407000[m
[m[37m[1733834993.083735 0:4 ruxhal::arch::aarch64::trap:102] [36missue=0x47, vaddr=0x408000, cause=WRITE[m
[m[37m[1733834993.084008 0:4 ruxos_posix_api::imp::mmap::trap:61] [36mPage Fault Happening, vaddr:0x408000, casue:WRITE, map_flags:MappingFlags(READ | WRITE | EXECUTE | USER)[m
[m[37m[1733834993.084431 0:4 ruxos_posix_api::imp::mmap::trap:113] [33mis copy-on-write: false, vaddr=0x408000[m
[m[37m[1733834993.084721 0:4 ruxhal::arch::aarch64::trap:102] [36missue=0x47, vaddr=0x409000, cause=WRITE[m
[m[37m[1733834993.084986 0:4 ruxos_posix_api::imp::mmap::trap:61] [36mPage Fault Happening, vaddr:0x409000, casue:WRITE, map_flags:MappingFlags(READ | WRITE | EXECUTE | USER)[m
[m[37m[1733834993.085410 0:4 ruxos_posix_api::imp::mmap::trap:113] [33mis copy-on-write: false, vaddr=0x409000[m
[m[37m[1733834993.085701 0:4 ruxhal::arch::aarch64::trap:102] [36missue=0x47, vaddr=0x40a000, cause=WRITE[m
[m[37m[1733834993.085965 0:4 ruxos_posix_api::imp::mmap::trap:61] [36mPage Fault Happening, vaddr:0x40a000, casue:WRITE, map_flags:MappingFlags(READ | WRITE | EXECUTE | USER)[m
[m[37m[1733834993.086388 0:4 ruxos_posix_api::imp::mmap::trap:113] [33mis copy-on-write: false, vaddr=0x40a000[m
[m[37m[1733834993.086678 0:4 ruxhal::arch::aarch64::trap:102] [36missue=0x47, vaddr=0x40b000, cause=WRITE[m
[m[37m[1733834993.086942 0:4 ruxos_posix_api::imp::mmap::trap:61] [36mPage Fault Happening, vaddr:0x40b000, casue:WRITE, map_flags:MappingFlags(READ | WRITE | EXECUTE | USER)[m
[m[37m[1733834993.087366 0:4 ruxos_posix_api::imp::mmap::trap:113] [33mis copy-on-write: false, vaddr=0x40b000[m
[m[37m[1733834993.087816 0:4 ruxhal::arch::aarch64::trap:102] [36missue=0x47, vaddr=0x40c000, cause=WRITE[m
[m[37m[1733834993.088083 0:4 ruxos_posix_api::imp::mmap::trap:61] [36mPage Fault Happening, vaddr:0x40c000, casue:WRITE, map_flags:MappingFlags(READ | WRITE | EXECUTE | USER)[m
[m[37m[1733834993.088521 0:4 ruxos_posix_api::imp::mmap::trap:113] [33mis copy-on-write: false, vaddr=0x40c000[m
[m[37m[1733834993.088827 0:4 ruxhal::arch::aarch64::trap:102] [36missue=0x47, vaddr=0x40d000, cause=WRITE[m
[m[37m[1733834993.089093 0:4 ruxos_posix_api::imp::mmap::trap:61] [36mPage Fault Happening, vaddr:0x40d000, casue:WRITE, map_flags:MappingFlags(READ | WRITE | EXECUTE | USER)[m
[m[37m[1733834993.089517 0:4 ruxos_posix_api::imp::mmap::trap:113] [33mis copy-on-write: false, vaddr=0x40d000[m
[m[37m[1733834993.089812 0:4 ruxhal::arch::aarch64::trap:102] [36missue=0x47, vaddr=0x40e000, cause=WRITE[m
[m[37m[1733834993.090078 0:4 ruxos_posix_api::imp::mmap::trap:61] [36mPage Fault Happening, vaddr:0x40e000, casue:WRITE, map_flags:MappingFlags(READ | WRITE | EXECUTE | USER)[m
[m[37m[1733834993.090503 0:4 ruxos_posix_api::imp::mmap::trap:113] [33mis copy-on-write: false, vaddr=0x40e000[m
[m[37m[1733834993.090793 0:4 ruxhal::arch::aarch64::trap:102] [36missue=0x47, vaddr=0x40f000, cause=WRITE[m
[m[37m[1733834993.091058 0:4 ruxos_posix_api::imp::mmap::trap:61] [36mPage Fault Happening, vaddr:0x40f000, casue:WRITE, map_flags:MappingFlags(READ | WRITE | EXECUTE | USER)[m
[m[37m[1733834993.091482 0:4 ruxos_posix_api::imp::mmap::trap:113] [33mis copy-on-write: false, vaddr=0x40f000[m
[m[37m[1733834993.091773 0:4 ruxhal::arch::aarch64::trap:102] [36missue=0x47, vaddr=0x410000, cause=WRITE[m
[m[37m[1733834993.092038 0:4 ruxos_posix_api::imp::mmap::trap:61] [36mPage Fault Happening, vaddr:0x410000, casue:WRITE, map_flags:MappingFlags(READ | WRITE | EXECUTE | USER)[m
[m[37m[1733834993.092464 0:4 ruxos_posix_api::imp::mmap::trap:113] [33mis copy-on-write: false, vaddr=0x410000[m
[m[37m[1733834993.092755 0:4 ruxhal::arch::aarch64::trap:102] [36missue=0x47, vaddr=0x411000, cause=WRITE[m
[m[37m[1733834993.093022 0:4 ruxos_posix_api::imp::mmap::trap:61] [36mPage Fault Happening, vaddr:0x411000, casue:WRITE, map_flags:MappingFlags(READ | WRITE | EXECUTE | USER)[m
[m[37m[1733834993.093445 0:4 ruxos_posix_api::imp::mmap::trap:113] [33mis copy-on-write: false, vaddr=0x411000[m
[m[37m[1733834993.093737 0:4 ruxhal::arch::aarch64::trap:102] [36missue=0x47, vaddr=0x412000, cause=WRITE[m
[m[37m[1733834993.094009 0:4 ruxos_posix_api::imp::mmap::trap:61] [36mPage Fault Happening, vaddr:0x412000, casue:WRITE, map_flags:MappingFlags(READ | WRITE | EXECUTE | USER)[m
[m[37m[1733834993.094434 0:4 ruxos_posix_api::imp::mmap::trap:113] [33mis copy-on-write: false, vaddr=0x412000[m
[m[37m[1733834993.094783 0:4 ruxhal::arch::aarch64::trap:102] [36missue=0x47, vaddr=0x413000, cause=WRITE[m
[m[37m[1733834993.095049 0:4 ruxos_posix_api::imp::mmap::trap:61] [36mPage Fault Happening, vaddr:0x413000, casue:WRITE, map_flags:MappingFlags(READ | WRITE | EXECUTE | USER)[m
[m[37m[1733834993.095476 0:4 ruxos_posix_api::imp::mmap::trap:113] [33mis copy-on-write: false, vaddr=0x413000[m
[m[37m[1733834993.095768 0:4 ruxhal::arch::aarch64::trap:102] [36missue=0x47, vaddr=0x414000, cause=WRITE[m
[m[37m[1733834993.096032 0:4 ruxos_posix_api::imp::mmap::trap:61] [36mPage Fault Happening, vaddr:0x414000, casue:WRITE, map_flags:MappingFlags(READ | WRITE | EXECUTE | USER)[m
[m[37m[1733834993.096458 0:4 ruxos_posix_api::imp::mmap::trap:113] [33mis copy-on-write: false, vaddr=0x414000[m
[m[37m[1733834993.096748 0:4 ruxhal::arch::aarch64::trap:102] [36missue=0x47, vaddr=0x415000, cause=WRITE[m
[m[37m[1733834993.097013 0:4 ruxos_posix_api::imp::mmap::trap:61] [36mPage Fault Happening, vaddr:0x415000, casue:WRITE, map_flags:MappingFlags(READ | WRITE | EXECUTE | USER)[m
[m[37m[1733834993.097437 0:4 ruxos_posix_api::imp::mmap::trap:113] [33mis copy-on-write: false, vaddr=0x415000[m
[m[37m[1733834993.097727 0:4 ruxhal::arch::aarch64::trap:102] [36missue=0x47, vaddr=0x416000, cause=WRITE[m
[m[37m[1733834993.097992 0:4 ruxos_posix_api::imp::mmap::trap:61] [36mPage Fault Happening, vaddr:0x416000, casue:WRITE, map_flags:MappingFlags(READ | WRITE | EXECUTE | USER)[m
[m[37m[1733834993.098414 0:4 ruxos_posix_api::imp::mmap::trap:113] [33mis copy-on-write: false, vaddr=0x416000[m
[m[37m[1733834993.098704 0:4 ruxhal::arch::aarch64::trap:102] [36missue=0x47, vaddr=0x417000, cause=WRITE[m
[m[37m[1733834993.098971 0:4 ruxos_posix_api::imp::mmap::trap:61] [36mPage Fault Happening, vaddr:0x417000, casue:WRITE, map_flags:MappingFlags(READ | WRITE | EXECUTE | USER)[m
[m[37m[1733834993.099395 0:4 ruxos_posix_api::imp::mmap::trap:113] [33mis copy-on-write: false, vaddr=0x417000[m
[m[37m[1733834993.099686 0:4 ruxhal::arch::aarch64::trap:102] [36missue=0x47, vaddr=0x418000, cause=WRITE[m
[m[37m[1733834993.099951 0:4 ruxos_posix_api::imp::mmap::trap:61] [36mPage Fault Happening, vaddr:0x418000, casue:WRITE, map_flags:MappingFlags(READ | WRITE | EXECUTE | USER)[m
[m[37m[1733834993.100375 0:4 ruxos_posix_api::imp::mmap::trap:113] [33mis copy-on-write: false, vaddr=0x418000[m
[m[37m[1733834993.100665 0:4 ruxhal::arch::aarch64::trap:102] [36missue=0x47, vaddr=0x419000, cause=WRITE[m
[m[37m[1733834993.100930 0:4 ruxos_posix_api::imp::mmap::trap:61] [36mPage Fault Happening, vaddr:0x419000, casue:WRITE, map_flags:MappingFlags(READ | WRITE | EXECUTE | USER)[m
[m[37m[1733834993.101354 0:4 ruxos_posix_api::imp::mmap::trap:113] [33mis copy-on-write: false, vaddr=0x419000[m
[m[37m[1733834993.101644 0:4 ruxhal::arch::aarch64::trap:102] [36missue=0x47, vaddr=0x41a000, cause=WRITE[m
[m[37m[1733834993.101909 0:4 ruxos_posix_api::imp::mmap::trap:61] [36mPage Fault Happening, vaddr:0x41a000, casue:WRITE, map_flags:MappingFlags(READ | WRITE | EXECUTE | USER)[m
[m[37m[1733834993.102335 0:4 ruxos_posix_api::imp::mmap::trap:113] [33mis copy-on-write: false, vaddr=0x41a000[m
[m[37m[1733834993.102625 0:4 ruxhal::arch::aarch64::trap:102] [36missue=0x47, vaddr=0x41b000, cause=WRITE[m
[m[37m[1733834993.102889 0:4 ruxos_posix_api::imp::mmap::trap:61] [36mPage Fault Happening, vaddr:0x41b000, casue:WRITE, map_flags:MappingFlags(READ | WRITE | EXECUTE | USER)[m
[m[37m[1733834993.103311 0:4 ruxos_posix_api::imp::mmap::trap:113] [33mis copy-on-write: false, vaddr=0x41b000[m
[m[37m[1733834993.103601 0:4 ruxhal::arch::aarch64::trap:102] [36missue=0x47, vaddr=0x41c000, cause=WRITE[m
[m[37m[1733834993.103868 0:4 ruxos_posix_api::imp::mmap::trap:61] [36mPage Fault Happening, vaddr:0x41c000, casue:WRITE, map_flags:MappingFlags(READ | WRITE | EXECUTE | USER)[m
[m[37m[1733834993.104291 0:4 ruxos_posix_api::imp::mmap::trap:113] [33mis copy-on-write: false, vaddr=0x41c000[m
[m[37m[1733834993.104580 0:4 ruxhal::arch::aarch64::trap:102] [36missue=0x47, vaddr=0x41d000, cause=WRITE[m
[m[37m[1733834993.104844 0:4 ruxos_posix_api::imp::mmap::trap:61] [36mPage Fault Happening, vaddr:0x41d000, casue:WRITE, map_flags:MappingFlags(READ | WRITE | EXECUTE | USER)[m
[m[37m[1733834993.105267 0:4 ruxos_posix_api::imp::mmap::trap:113] [33mis copy-on-write: false, vaddr=0x41d000[m
[m[37m[1733834993.105558 0:4 ruxhal::arch::aarch64::trap:102] [36missue=0x47, vaddr=0x41e000, cause=WRITE[m
[m[37m[1733834993.105822 0:4 ruxos_posix_api::imp::mmap::trap:61] [36mPage Fault Happening, vaddr:0x41e000, casue:WRITE, map_flags:MappingFlags(READ | WRITE | EXECUTE | USER)[m
[m[37m[1733834993.106244 0:4 ruxos_posix_api::imp::mmap::trap:113] [33mis copy-on-write: false, vaddr=0x41e000[m
[m[37m[1733834993.106534 0:4 ruxhal::arch::aarch64::trap:102] [36missue=0x47, vaddr=0x41f000, cause=WRITE[m
[m[37m[1733834993.106798 0:4 ruxos_posix_api::imp::mmap::trap:61] [36mPage Fault Happening, vaddr:0x41f000, casue:WRITE, map_flags:MappingFlags(READ | WRITE | EXECUTE | USER)[m
[m[37m[1733834993.107220 0:4 ruxos_posix_api::imp::mmap::trap:113] [33mis copy-on-write: false, vaddr=0x41f000[m
[m[37m[1733834993.107510 0:4 ruxhal::arch::aarch64::trap:102] [36missue=0x47, vaddr=0x420000, cause=WRITE[m
[m[37m[1733834993.107774 0:4 ruxos_posix_api::imp::mmap::trap:61] [36mPage Fault Happening, vaddr:0x420000, casue:WRITE, map_flags:MappingFlags(READ | WRITE | EXECUTE | USER)[m
[m[37m[1733834993.108198 0:4 ruxos_posix_api::imp::mmap::trap:113] [33mis copy-on-write: false, vaddr=0x420000[m
[m[37m[1733834993.108488 0:4 ruxhal::arch::aarch64::trap:102] [36missue=0x47, vaddr=0x421000, cause=WRITE[m
[m[37m[1733834993.108752 0:4 ruxos_posix_api::imp::mmap::trap:61] [36mPage Fault Happening, vaddr:0x421000, casue:WRITE, map_flags:MappingFlags(READ | WRITE | EXECUTE | USER)[m
[m[37m[1733834993.109176 0:4 ruxos_posix_api::imp::mmap::trap:113] [33mis copy-on-write: false, vaddr=0x421000[m
[m[37m[1733834993.109466 0:4 ruxhal::arch::aarch64::trap:102] [36missue=0x47, vaddr=0x422000, cause=WRITE[m
[m[37m[1733834993.109733 0:4 ruxos_posix_api::imp::mmap::trap:61] [36mPage Fault Happening, vaddr:0x422000, casue:WRITE, map_flags:MappingFlags(READ | WRITE | EXECUTE | USER)[m
[m[37m[1733834993.110172 0:4 ruxos_posix_api::imp::mmap::trap:113] [33mis copy-on-write: false, vaddr=0x422000[m
[m[37m[1733834993.110467 0:4 ruxhal::arch::aarch64::trap:102] [36missue=0x47, vaddr=0x423000, cause=WRITE[m
[m[37m[1733834993.110735 0:4 ruxos_posix_api::imp::mmap::trap:61] [36mPage Fault Happening, vaddr:0x423000, casue:WRITE, map_flags:MappingFlags(READ | WRITE | EXECUTE | USER)[m
[m[37m[1733834993.111164 0:4 ruxos_posix_api::imp::mmap::trap:113] [33mis copy-on-write: false, vaddr=0x423000[m
[m[37m[1733834993.111460 0:4 ruxhal::arch::aarch64::trap:102] [36missue=0x47, vaddr=0x424000, cause=WRITE[m
[m[37m[1733834993.111725 0:4 ruxos_posix_api::imp::mmap::trap:61] [36mPage Fault Happening, vaddr:0x424000, casue:WRITE, map_flags:MappingFlags(READ | WRITE | EXECUTE | USER)[m
[m[37m[1733834993.112151 0:4 ruxos_posix_api::imp::mmap::trap:113] [33mis copy-on-write: false, vaddr=0x424000[m
[m[37m[1733834993.112440 0:4 ruxhal::arch::aarch64::trap:102] [36missue=0x47, vaddr=0x425000, cause=WRITE[m
[m[37m[1733834993.112707 0:4 ruxos_posix_api::imp::mmap::trap:61] [36mPage Fault Happening, vaddr:0x425000, casue:WRITE, map_flags:MappingFlags(READ | WRITE | EXECUTE | USER)[m
[m[37m[1733834993.113132 0:4 ruxos_posix_api::imp::mmap::trap:113] [33mis copy-on-write: false, vaddr=0x425000[m
[m[37m[1733834993.113424 0:4 ruxhal::arch::aarch64::trap:102] [36missue=0x47, vaddr=0x426000, cause=WRITE[m
[m[37m[1733834993.113689 0:4 ruxos_posix_api::imp::mmap::trap:61] [36mPage Fault Happening, vaddr:0x426000, casue:WRITE, map_flags:MappingFlags(READ | WRITE | EXECUTE | USER)[m
[m[37m[1733834993.114112 0:4 ruxos_posix_api::imp::mmap::trap:113] [33mis copy-on-write: false, vaddr=0x426000[m
[m[37m[1733834993.114401 0:4 ruxhal::arch::aarch64::trap:102] [36missue=0x47, vaddr=0x427000, cause=WRITE[m
[m[37m[1733834993.114666 0:4 ruxos_posix_api::imp::mmap::trap:61] [36mPage Fault Happening, vaddr:0x427000, casue:WRITE, map_flags:MappingFlags(READ | WRITE | EXECUTE | USER)[m
[m[37m[1733834993.115089 0:4 ruxos_posix_api::imp::mmap::trap:113] [33mis copy-on-write: false, vaddr=0x427000[m
[m[37m[1733834993.115381 0:4 ruxhal::arch::aarch64::trap:102] [36missue=0x47, vaddr=0x428000, cause=WRITE[m
[m[37m[1733834993.115646 0:4 ruxos_posix_api::imp::mmap::trap:61] [36mPage Fault Happening, vaddr:0x428000, casue:WRITE, map_flags:MappingFlags(READ | WRITE | EXECUTE | USER)[m
[m[37m[1733834993.116070 0:4 ruxos_posix_api::imp::mmap::trap:113] [33mis copy-on-write: false, vaddr=0x428000[m
[m[37m[1733834993.116359 0:4 ruxhal::arch::aarch64::trap:102] [36missue=0x47, vaddr=0x429000, cause=WRITE[m
[m[37m[1733834993.116624 0:4 ruxos_posix_api::imp::mmap::trap:61] [36mPage Fault Happening, vaddr:0x429000, casue:WRITE, map_flags:MappingFlags(READ | WRITE | EXECUTE | USER)[m
[m[37m[1733834993.117047 0:4 ruxos_posix_api::imp::mmap::trap:113] [33mis copy-on-write: false, vaddr=0x429000[m
[m[37m[1733834993.117337 0:4 ruxhal::arch::aarch64::trap:102] [36missue=0x47, vaddr=0x42a000, cause=WRITE[m
[m[37m[1733834993.117600 0:4 ruxos_posix_api::imp::mmap::trap:61] [36mPage Fault Happening, vaddr:0x42a000, casue:WRITE, map_flags:MappingFlags(READ | WRITE | EXECUTE | USER)[m
[m[37m[1733834993.118024 0:4 ruxos_posix_api::imp::mmap::trap:113] [33mis copy-on-write: false, vaddr=0x42a000[m
[m[37m[1733834993.118313 0:4 ruxhal::arch::aarch64::trap:102] [36missue=0x47, vaddr=0x42b000, cause=WRITE[m
[m[37m[1733834993.118577 0:4 ruxos_posix_api::imp::mmap::trap:61] [36mPage Fault Happening, vaddr:0x42b000, casue:WRITE, map_flags:MappingFlags(READ | WRITE | EXECUTE | USER)[m
[m[37m[1733834993.119002 0:4 ruxos_posix_api::imp::mmap::trap:113] [33mis copy-on-write: false, vaddr=0x42b000[m
[m[37m[1733834993.119291 0:4 ruxhal::arch::aarch64::trap:102] [36missue=0x47, vaddr=0x42c000, cause=WRITE[m
[m[37m[1733834993.119555 0:4 ruxos_posix_api::imp::mmap::trap:61] [36mPage Fault Happening, vaddr:0x42c000, casue:WRITE, map_flags:MappingFlags(READ | WRITE | EXECUTE | USER)[m
[m[37m[1733834993.119977 0:4 ruxos_posix_api::imp::mmap::trap:113] [33mis copy-on-write: false, vaddr=0x42c000[m
[m[37m[1733834993.120267 0:4 ruxhal::arch::aarch64::trap:102] [36missue=0x47, vaddr=0x42d000, cause=WRITE[m
[m[37m[1733834993.120531 0:4 ruxos_posix_api::imp::mmap::trap:61] [36mPage Fault Happening, vaddr:0x42d000, casue:WRITE, map_flags:MappingFlags(READ | WRITE | EXECUTE | USER)[m
[m[37m[1733834993.120953 0:4 ruxos_posix_api::imp::mmap::trap:113] [33mis copy-on-write: false, vaddr=0x42d000[m
[m[37m[1733834993.121241 0:4 ruxhal::arch::aarch64::trap:102] [36missue=0x47, vaddr=0x42e000, cause=WRITE[m
[m[37m[1733834993.121506 0:4 ruxos_posix_api::imp::mmap::trap:61] [36mPage Fault Happening, vaddr:0x42e000, casue:WRITE, map_flags:MappingFlags(READ | WRITE | EXECUTE | USER)[m
[m[37m[1733834993.121928 0:4 ruxos_posix_api::imp::mmap::trap:113] [33mis copy-on-write: false, vaddr=0x42e000[m
[m[37m[1733834993.122224 0:4 ruxhal::arch::aarch64::trap:102] [36missue=0x47, vaddr=0x42f000, cause=WRITE[m
[m[37m[1733834993.122488 0:4 ruxos_posix_api::imp::mmap::trap:61] [36mPage Fault Happening, vaddr:0x42f000, casue:WRITE, map_flags:MappingFlags(READ | WRITE | EXECUTE | USER)[m
[m[37m[1733834993.122912 0:4 ruxos_posix_api::imp::mmap::trap:113] [33mis copy-on-write: false, vaddr=0x42f000[m
[m[37m[1733834993.123203 0:4 ruxhal::arch::aarch64::trap:102] [36missue=0x47, vaddr=0x430000, cause=WRITE[m
[m[37m[1733834993.123468 0:4 ruxos_posix_api::imp::mmap::trap:61] [36mPage Fault Happening, vaddr:0x430000, casue:WRITE, map_flags:MappingFlags(READ | WRITE | EXECUTE | USER)[m
[m[37m[1733834993.123891 0:4 ruxos_posix_api::imp::mmap::trap:113] [33mis copy-on-write: false, vaddr=0x430000[m
[m[37m[1733834993.124180 0:4 ruxhal::arch::aarch64::trap:102] [36missue=0x47, vaddr=0x431000, cause=WRITE[m
[m[37m[1733834993.124444 0:4 ruxos_posix_api::imp::mmap::trap:61] [36mPage Fault Happening, vaddr:0x431000, casue:WRITE, map_flags:MappingFlags(READ | WRITE | EXECUTE | USER)[m
[m[37m[1733834993.124867 0:4 ruxos_posix_api::imp::mmap::trap:113] [33mis copy-on-write: false, vaddr=0x431000[m
[m[37m[1733834993.125156 0:4 ruxhal::arch::aarch64::trap:102] [36missue=0x47, vaddr=0x432000, cause=WRITE[m
[m[37m[1733834993.125420 0:4 ruxos_posix_api::imp::mmap::trap:61] [36mPage Fault Happening, vaddr:0x432000, casue:WRITE, map_flags:MappingFlags(READ | WRITE | EXECUTE | USER)[m
[m[37m[1733834993.125846 0:4 ruxos_posix_api::imp::mmap::trap:113] [33mis copy-on-write: false, vaddr=0x432000[m
[m[37m[1733834993.126135 0:4 ruxhal::arch::aarch64::trap:102] [36missue=0x47, vaddr=0x433000, cause=WRITE[m
[m[37m[1733834993.126400 0:4 ruxos_posix_api::imp::mmap::trap:61] [36mPage Fault Happening, vaddr:0x433000, casue:WRITE, map_flags:MappingFlags(READ | WRITE | EXECUTE | USER)[m
[m[37m[1733834993.126822 0:4 ruxos_posix_api::imp::mmap::trap:113] [33mis copy-on-write: false, vaddr=0x433000[m
[m[37m[1733834993.127113 0:4 ruxhal::arch::aarch64::trap:102] [36missue=0x47, vaddr=0x434000, cause=WRITE[m
[m[37m[1733834993.127378 0:4 ruxos_posix_api::imp::mmap::trap:61] [36mPage Fault Happening, vaddr:0x434000, casue:WRITE, map_flags:MappingFlags(READ | WRITE | EXECUTE | USER)[m
[m[37m[1733834993.127806 0:4 ruxos_posix_api::imp::mmap::trap:113] [33mis copy-on-write: false, vaddr=0x434000[m
[m[37m[1733834993.128098 0:4 ruxhal::arch::aarch64::trap:102] [36missue=0x47, vaddr=0x435000, cause=WRITE[m
[m[37m[1733834993.128362 0:4 ruxos_posix_api::imp::mmap::trap:61] [36mPage Fault Happening, vaddr:0x435000, casue:WRITE, map_flags:MappingFlags(READ | WRITE | EXECUTE | USER)[m
[m[37m[1733834993.128786 0:4 ruxos_posix_api::imp::mmap::trap:113] [33mis copy-on-write: false, vaddr=0x435000[m
[m[37m[1733834993.129081 0:4 ruxhal::arch::aarch64::trap:102] [36missue=0x47, vaddr=0x436000, cause=WRITE[m
[m[37m[1733834993.129344 0:4 ruxos_posix_api::imp::mmap::trap:61] [36mPage Fault Happening, vaddr:0x436000, casue:WRITE, map_flags:MappingFlags(READ | WRITE | EXECUTE | USER)[m
[m[37m[1733834993.129768 0:4 ruxos_posix_api::imp::mmap::trap:113] [33mis copy-on-write: false, vaddr=0x436000[m
[m[37m[1733834993.130058 0:4 ruxhal::arch::aarch64::trap:102] [36missue=0x47, vaddr=0x437000, cause=WRITE[m
[m[37m[1733834993.130322 0:4 ruxos_posix_api::imp::mmap::trap:61] [36mPage Fault Happening, vaddr:0x437000, casue:WRITE, map_flags:MappingFlags(READ | WRITE | EXECUTE | USER)[m
[m[37m[1733834993.130744 0:4 ruxos_posix_api::imp::mmap::trap:113] [33mis copy-on-write: false, vaddr=0x437000[m
[m[37m[1733834993.131061 0:4 ruxhal::arch::aarch64::trap:102] [36missue=0x47, vaddr=0x438000, cause=WRITE[m
[m[37m[1733834993.131324 0:4 ruxos_posix_api::imp::mmap::trap:61] [36mPage Fault Happening, vaddr:0x438000, casue:WRITE, map_flags:MappingFlags(READ | WRITE | EXECUTE | USER)[m
[m[37m[1733834993.131748 0:4 ruxos_posix_api::imp::mmap::trap:113] [33mis copy-on-write: false, vaddr=0x438000[m
[m[37m[1733834993.132039 0:4 ruxhal::arch::aarch64::trap:102] [36missue=0x47, vaddr=0x439000, cause=WRITE[m
[m[37m[1733834993.132304 0:4 ruxos_posix_api::imp::mmap::trap:61] [36mPage Fault Happening, vaddr:0x439000, casue:WRITE, map_flags:MappingFlags(READ | WRITE | EXECUTE | USER)[m
[m[37m[1733834993.132728 0:4 ruxos_posix_api::imp::mmap::trap:113] [33mis copy-on-write: false, vaddr=0x439000[m
[m[37m[1733834993.133020 0:4 ruxhal::arch::aarch64::trap:102] [36missue=0x47, vaddr=0x43a000, cause=WRITE[m
[m[37m[1733834993.133286 0:4 ruxos_posix_api::imp::mmap::trap:61] [36mPage Fault Happening, vaddr:0x43a000, casue:WRITE, map_flags:MappingFlags(READ | WRITE | EXECUTE | USER)[m
[m[37m[1733834993.133709 0:4 ruxos_posix_api::imp::mmap::trap:113] [33mis copy-on-write: false, vaddr=0x43a000[m
[m[37m[1733834993.133999 0:4 ruxhal::arch::aarch64::trap:102] [36missue=0x47, vaddr=0x43b000, cause=WRITE[m
[m[37m[1733834993.134263 0:4 ruxos_posix_api::imp::mmap::trap:61] [36mPage Fault Happening, vaddr:0x43b000, casue:WRITE, map_flags:MappingFlags(READ | WRITE | EXECUTE | USER)[m
[m[37m[1733834993.134686 0:4 ruxos_posix_api::imp::mmap::trap:113] [33mis copy-on-write: false, vaddr=0x43b000[m
[m[37m[1733834993.134974 0:4 ruxhal::arch::aarch64::trap:102] [36missue=0x47, vaddr=0x43c000, cause=WRITE[m
[m[37m[1733834993.135238 0:4 ruxos_posix_api::imp::mmap::trap:61] [36mPage Fault Happening, vaddr:0x43c000, casue:WRITE, map_flags:MappingFlags(READ | WRITE | EXECUTE | USER)[m
[m[37m[1733834993.135663 0:4 ruxos_posix_api::imp::mmap::trap:113] [33mis copy-on-write: false, vaddr=0x43c000[m
[m[37m[1733834993.135952 0:4 ruxhal::arch::aarch64::trap:102] [36missue=0x47, vaddr=0x43d000, cause=WRITE[m
[m[37m[1733834993.136216 0:4 ruxos_posix_api::imp::mmap::trap:61] [36mPage Fault Happening, vaddr:0x43d000, casue:WRITE, map_flags:MappingFlags(READ | WRITE | EXECUTE | USER)[m
[m[37m[1733834993.136639 0:4 ruxos_posix_api::imp::mmap::trap:113] [33mis copy-on-write: false, vaddr=0x43d000[m
[m[37m[1733834993.136927 0:4 ruxhal::arch::aarch64::trap:102] [36missue=0x47, vaddr=0x43e000, cause=WRITE[m
[m[37m[1733834993.137191 0:4 ruxos_posix_api::imp::mmap::trap:61] [36mPage Fault Happening, vaddr:0x43e000, casue:WRITE, map_flags:MappingFlags(READ | WRITE | EXECUTE | USER)[m
[m[37m[1733834993.137614 0:4 ruxos_posix_api::imp::mmap::trap:113] [33mis copy-on-write: false, vaddr=0x43e000[m
[m[37m[1733834993.137904 0:4 ruxhal::arch::aarch64::trap:102] [36missue=0x47, vaddr=0x43f000, cause=WRITE[m
[m[37m[1733834993.138167 0:4 ruxos_posix_api::imp::mmap::trap:61] [36mPage Fault Happening, vaddr:0x43f000, casue:WRITE, map_flags:MappingFlags(READ | WRITE | EXECUTE | USER)[m
[m[37m[1733834993.138589 0:4 ruxos_posix_api::imp::mmap::trap:113] [33mis copy-on-write: false, vaddr=0x43f000[m
[m[37m[1733834993.138881 0:4 ruxhal::arch::aarch64::trap:102] [36missue=0x47, vaddr=0x440000, cause=WRITE[m
[m[37m[1733834993.139146 0:4 ruxos_posix_api::imp::mmap::trap:61] [36mPage Fault Happening, vaddr:0x440000, casue:WRITE, map_flags:MappingFlags(READ | WRITE | EXECUTE | USER)[m
[m[37m[1733834993.139569 0:4 ruxos_posix_api::imp::mmap::trap:113] [33mis copy-on-write: false, vaddr=0x440000[m
[m[37m[1733834993.139860 0:4 ruxhal::arch::aarch64::trap:102] [36missue=0x47, vaddr=0x441000, cause=WRITE[m
[m[37m[1733834993.140124 0:4 ruxos_posix_api::imp::mmap::trap:61] [36mPage Fault Happening, vaddr:0x441000, casue:WRITE, map_flags:MappingFlags(READ | WRITE | EXECUTE | USER)[m
[m[37m[1733834993.140548 0:4 ruxos_posix_api::imp::mmap::trap:113] [33mis copy-on-write: false, vaddr=0x441000[m
[m[37m[1733834993.140838 0:4 ruxhal::arch::aarch64::trap:102] [36missue=0x47, vaddr=0x442000, cause=WRITE[m
[m[37m[1733834993.141102 0:4 ruxos_posix_api::imp::mmap::trap:61] [36mPage Fault Happening, vaddr:0x442000, casue:WRITE, map_flags:MappingFlags(READ | WRITE | EXECUTE | USER)[m
[m[37m[1733834993.141526 0:4 ruxos_posix_api::imp::mmap::trap:113] [33mis copy-on-write: false, vaddr=0x442000[m
[m[37m[1733834993.141816 0:4 ruxhal::arch::aarch64::trap:102] [36missue=0x47, vaddr=0x443000, cause=WRITE[m
[m[37m[1733834993.142080 0:4 ruxos_posix_api::imp::mmap::trap:61] [36mPage Fault Happening, vaddr:0x443000, casue:WRITE, map_flags:MappingFlags(READ | WRITE | EXECUTE | USER)[m
[m[37m[1733834993.142506 0:4 ruxos_posix_api::imp::mmap::trap:113] [33mis copy-on-write: false, vaddr=0x443000[m
[m[37m[1733834993.142798 0:4 ruxhal::arch::aarch64::trap:102] [36missue=0x47, vaddr=0x444000, cause=WRITE[m
[m[37m[1733834993.143061 0:4 ruxos_posix_api::imp::mmap::trap:61] [36mPage Fault Happening, vaddr:0x444000, casue:WRITE, map_flags:MappingFlags(READ | WRITE | EXECUTE | USER)[m
[m[37m[1733834993.143576 0:4 ruxos_posix_api::imp::mmap::trap:113] [33mis copy-on-write: false, vaddr=0x444000[m
[m[37m[1733834993.143878 0:4 ruxhal::arch::aarch64::trap:102] [36missue=0x47, vaddr=0x445000, cause=WRITE[m
[m[37m[1733834993.144143 0:4 ruxos_posix_api::imp::mmap::trap:61] [36mPage Fault Happening, vaddr:0x445000, casue:WRITE, map_flags:MappingFlags(READ | WRITE | EXECUTE | USER)[m
[m[37m[1733834993.144568 0:4 ruxos_posix_api::imp::mmap::trap:113] [33mis copy-on-write: false, vaddr=0x445000[m
[m[37m[1733834993.144858 0:4 ruxhal::arch::aarch64::trap:102] [36missue=0x47, vaddr=0x446000, cause=WRITE[m
[m[37m[1733834993.145122 0:4 ruxos_posix_api::imp::mmap::trap:61] [36mPage Fault Happening, vaddr:0x446000, casue:WRITE, map_flags:MappingFlags(READ | WRITE | EXECUTE | USER)[m
[m[37m[1733834993.145552 0:4 ruxos_posix_api::imp::mmap::trap:113] [33mis copy-on-write: false, vaddr=0x446000[m
[m[37m[1733834993.145842 0:4 ruxhal::arch::aarch64::trap:102] [36missue=0x47, vaddr=0x447000, cause=WRITE[m
[m[37m[1733834993.146107 0:4 ruxos_posix_api::imp::mmap::trap:61] [36mPage Fault Happening, vaddr:0x447000, casue:WRITE, map_flags:MappingFlags(READ | WRITE | EXECUTE | USER)[m
[m[37m[1733834993.146529 0:4 ruxos_posix_api::imp::mmap::trap:113] [33mis copy-on-write: false, vaddr=0x447000[m
[m[37m[1733834993.146819 0:4 ruxhal::arch::aarch64::trap:102] [36missue=0x47, vaddr=0x448000, cause=WRITE[m
[m[37m[1733834993.147084 0:4 ruxos_posix_api::imp::mmap::trap:61] [36mPage Fault Happening, vaddr:0x448000, casue:WRITE, map_flags:MappingFlags(READ | WRITE | EXECUTE | USER)[m
[m[37m[1733834993.147507 0:4 ruxos_posix_api::imp::mmap::trap:113] [33mis copy-on-write: false, vaddr=0x448000[m
[m[37m[1733834993.147797 0:4 ruxhal::arch::aarch64::trap:102] [36missue=0x47, vaddr=0x449000, cause=WRITE[m
[m[37m[1733834993.148061 0:4 ruxos_posix_api::imp::mmap::trap:61] [36mPage Fault Happening, vaddr:0x449000, casue:WRITE, map_flags:MappingFlags(READ | WRITE | EXECUTE | USER)[m
[m[37m[1733834993.148483 0:4 ruxos_posix_api::imp::mmap::trap:113] [33mis copy-on-write: false, vaddr=0x449000[m
[m[37m[1733834993.148773 0:4 ruxhal::arch::aarch64::trap:102] [36missue=0x47, vaddr=0x44a000, cause=WRITE[m
[m[37m[1733834993.149039 0:4 ruxos_posix_api::imp::mmap::trap:61] [36mPage Fault Happening, vaddr:0x44a000, casue:WRITE, map_flags:MappingFlags(READ | WRITE | EXECUTE | USER)[m
[m[37m[1733834993.149462 0:4 ruxos_posix_api::imp::mmap::trap:113] [33mis copy-on-write: false, vaddr=0x44a000[m
[m[37m[1733834993.149754 0:4 ruxhal::arch::aarch64::trap:102] [36missue=0x47, vaddr=0x44b000, cause=WRITE[m
[m[37m[1733834993.150018 0:4 ruxos_posix_api::imp::mmap::trap:61] [36mPage Fault Happening, vaddr:0x44b000, casue:WRITE, map_flags:MappingFlags(READ | WRITE | EXECUTE | USER)[m
[m[37m[1733834993.150443 0:4 ruxos_posix_api::imp::mmap::trap:113] [33mis copy-on-write: false, vaddr=0x44b000[m
[m[37m[1733834993.150733 0:4 ruxhal::arch::aarch64::trap:102] [36missue=0x47, vaddr=0x44c000, cause=WRITE[m
[m[37m[1733834993.150998 0:4 ruxos_posix_api::imp::mmap::trap:61] [36mPage Fault Happening, vaddr:0x44c000, casue:WRITE, map_flags:MappingFlags(READ | WRITE | EXECUTE | USER)[m
[m[37m[1733834993.151420 0:4 ruxos_posix_api::imp::mmap::trap:113] [33mis copy-on-write: false, vaddr=0x44c000[m
[m[37m[1733834993.151710 0:4 ruxhal::arch::aarch64::trap:102] [36missue=0x47, vaddr=0x44d000, cause=WRITE[m
[m[37m[1733834993.151972 0:4 ruxos_posix_api::imp::mmap::trap:61] [36mPage Fault Happening, vaddr:0x44d000, casue:WRITE, map_flags:MappingFlags(READ | WRITE | EXECUTE | USER)[m
[m[37m[1733834993.152401 0:4 ruxos_posix_api::imp::mmap::trap:113] [33mis copy-on-write: false, vaddr=0x44d000[m
[m[37m[1733834993.152690 0:4 ruxhal::arch::aarch64::trap:102] [36missue=0x47, vaddr=0x44e000, cause=WRITE[m
[m[37m[1733834993.152956 0:4 ruxos_posix_api::imp::mmap::trap:61] [36mPage Fault Happening, vaddr:0x44e000, casue:WRITE, map_flags:MappingFlags(READ | WRITE | EXECUTE | USER)[m
[m[37m[1733834993.153379 0:4 ruxos_posix_api::imp::mmap::trap:113] [33mis copy-on-write: false, vaddr=0x44e000[m
[m[37m[1733834993.153669 0:4 ruxhal::arch::aarch64::trap:102] [36missue=0x47, vaddr=0x44f000, cause=WRITE[m
[m[37m[1733834993.153933 0:4 ruxos_posix_api::imp::mmap::trap:61] [36mPage Fault Happening, vaddr:0x44f000, casue:WRITE, map_flags:MappingFlags(READ | WRITE | EXECUTE | USER)[m
[m[37m[1733834993.154356 0:4 ruxos_posix_api::imp::mmap::trap:113] [33mis copy-on-write: false, vaddr=0x44f000[m
[m[37m[1733834993.154648 0:4 ruxhal::arch::aarch64::trap:102] [36missue=0x47, vaddr=0x450000, cause=WRITE[m
[m[37m[1733834993.154911 0:4 ruxos_posix_api::imp::mmap::trap:61] [36mPage Fault Happening, vaddr:0x450000, casue:WRITE, map_flags:MappingFlags(READ | WRITE | EXECUTE | USER)[m
[m[37m[1733834993.155334 0:4 ruxos_posix_api::imp::mmap::trap:113] [33mis copy-on-write: false, vaddr=0x450000[m
[m[37m[1733834993.155626 0:4 ruxhal::arch::aarch64::trap:102] [36missue=0x47, vaddr=0x451000, cause=WRITE[m
[m[37m[1733834993.155889 0:4 ruxos_posix_api::imp::mmap::trap:61] [36mPage Fault Happening, vaddr:0x451000, casue:WRITE, map_flags:MappingFlags(READ | WRITE | EXECUTE | USER)[m
[m[37m[1733834993.156311 0:4 ruxos_posix_api::imp::mmap::trap:113] [33mis copy-on-write: false, vaddr=0x451000[m
[m[37m[1733834993.156601 0:4 ruxhal::arch::aarch64::trap:102] [36missue=0x47, vaddr=0x452000, cause=WRITE[m
[m[37m[1733834993.156865 0:4 ruxos_posix_api::imp::mmap::trap:61] [36mPage Fault Happening, vaddr:0x452000, casue:WRITE, map_flags:MappingFlags(READ | WRITE | EXECUTE | USER)[m
[m[37m[1733834993.157289 0:4 ruxos_posix_api::imp::mmap::trap:113] [33mis copy-on-write: false, vaddr=0x452000[m
[m[37m[1733834993.157579 0:4 ruxhal::arch::aarch64::trap:102] [36missue=0x47, vaddr=0x453000, cause=WRITE[m
[m[37m[1733834993.157844 0:4 ruxos_posix_api::imp::mmap::trap:61] [36mPage Fault Happening, vaddr:0x453000, casue:WRITE, map_flags:MappingFlags(READ | WRITE | EXECUTE | USER)[m
[m[37m[1733834993.158267 0:4 ruxos_posix_api::imp::mmap::trap:113] [33mis copy-on-write: false, vaddr=0x453000[m
[m[37m[1733834993.158556 0:4 ruxhal::arch::aarch64::trap:102] [36missue=0x47, vaddr=0x454000, cause=WRITE[m
[m[37m[1733834993.158821 0:4 ruxos_posix_api::imp::mmap::trap:61] [36mPage Fault Happening, vaddr:0x454000, casue:WRITE, map_flags:MappingFlags(READ | WRITE | EXECUTE | USER)[m
[m[37m[1733834993.159244 0:4 ruxos_posix_api::imp::mmap::trap:113] [33mis copy-on-write: false, vaddr=0x454000[m
[m[37m[1733834993.159534 0:4 ruxhal::arch::aarch64::trap:102] [36missue=0x47, vaddr=0x455000, cause=WRITE[m
[m[37m[1733834993.159797 0:4 ruxos_posix_api::imp::mmap::trap:61] [36mPage Fault Happening, vaddr:0x455000, casue:WRITE, map_flags:MappingFlags(READ | WRITE | EXECUTE | USER)[m
[m[37m[1733834993.160222 0:4 ruxos_posix_api::imp::mmap::trap:113] [33mis copy-on-write: false, vaddr=0x455000[m
[m[37m[1733834993.160515 0:4 ruxhal::arch::aarch64::trap:102] [36missue=0x47, vaddr=0x456000, cause=WRITE[m
[m[37m[1733834993.160779 0:4 ruxos_posix_api::imp::mmap::trap:61] [36mPage Fault Happening, vaddr:0x456000, casue:WRITE, map_flags:MappingFlags(READ | WRITE | EXECUTE | USER)[m
[m[37m[1733834993.161203 0:4 ruxos_posix_api::imp::mmap::trap:113] [33mis copy-on-write: false, vaddr=0x456000[m
[m[37m[1733834993.161494 0:4 ruxhal::arch::aarch64::trap:102] [36missue=0x47, vaddr=0x457000, cause=WRITE[m
[m[37m[1733834993.161758 0:4 ruxos_posix_api::imp::mmap::trap:61] [36mPage Fault Happening, vaddr:0x457000, casue:WRITE, map_flags:MappingFlags(READ | WRITE | EXECUTE | USER)[m
[m[37m[1733834993.162206 0:4 ruxos_posix_api::imp::mmap::trap:113] [33mis copy-on-write: false, vaddr=0x457000[m
[m[37m[1733834993.162496 0:4 ruxhal::arch::aarch64::trap:102] [36missue=0x47, vaddr=0x458000, cause=WRITE[m
[m[37m[1733834993.162760 0:4 ruxos_posix_api::imp::mmap::trap:61] [36mPage Fault Happening, vaddr:0x458000, casue:WRITE, map_flags:MappingFlags(READ | WRITE | EXECUTE | USER)[m
[m[37m[1733834993.163182 0:4 ruxos_posix_api::imp::mmap::trap:113] [33mis copy-on-write: false, vaddr=0x458000[m
[m[37m[1733834993.163680 0:4 ruxhal::arch::aarch64::trap:102] [36missue=0x47, vaddr=0x459000, cause=WRITE[m
[m[37m[1733834993.163946 0:4 ruxos_posix_api::imp::mmap::trap:61] [36mPage Fault Happening, vaddr:0x459000, casue:WRITE, map_flags:MappingFlags(READ | WRITE | EXECUTE | USER)[m
[m[37m[1733834993.164369 0:4 ruxos_posix_api::imp::mmap::trap:113] [33mis copy-on-write: false, vaddr=0x459000[m
[m[37m[1733834993.164660 0:4 ruxhal::arch::aarch64::trap:102] [36missue=0x47, vaddr=0x45a000, cause=WRITE[m
[m[37m[1733834993.164924 0:4 ruxos_posix_api::imp::mmap::trap:61] [36mPage Fault Happening, vaddr:0x45a000, casue:WRITE, map_flags:MappingFlags(READ | WRITE | EXECUTE | USER)[m
[m[37m[1733834993.165346 0:4 ruxos_posix_api::imp::mmap::trap:113] [33mis copy-on-write: false, vaddr=0x45a000[m
[m[37m[1733834993.165638 0:4 ruxhal::arch::aarch64::trap:102] [36missue=0x47, vaddr=0x45b000, cause=WRITE[m
[m[37m[1733834993.165902 0:4 ruxos_posix_api::imp::mmap::trap:61] [36mPage Fault Happening, vaddr:0x45b000, casue:WRITE, map_flags:MappingFlags(READ | WRITE | EXECUTE | USER)[m
[m[37m[1733834993.166325 0:4 ruxos_posix_api::imp::mmap::trap:113] [33mis copy-on-write: false, vaddr=0x45b000[m
[m[37m[1733834993.166615 0:4 ruxhal::arch::aarch64::trap:102] [36missue=0x47, vaddr=0x45c000, cause=WRITE[m
[m[37m[1733834993.166878 0:4 ruxos_posix_api::imp::mmap::trap:61] [36mPage Fault Happening, vaddr:0x45c000, casue:WRITE, map_flags:MappingFlags(READ | WRITE | EXECUTE | USER)[m
[m[37m[1733834993.167302 0:4 ruxos_posix_api::imp::mmap::trap:113] [33mis copy-on-write: false, vaddr=0x45c000[m
[m[37m[1733834993.167593 0:4 ruxhal::arch::aarch64::trap:102] [36missue=0x47, vaddr=0x45d000, cause=WRITE[m
[m[37m[1733834993.167856 0:4 ruxos_posix_api::imp::mmap::trap:61] [36mPage Fault Happening, vaddr:0x45d000, casue:WRITE, map_flags:MappingFlags(READ | WRITE | EXECUTE | USER)[m
[m[37m[1733834993.168280 0:4 ruxos_posix_api::imp::mmap::trap:113] [33mis copy-on-write: false, vaddr=0x45d000[m
[m[37m[1733834993.168569 0:4 ruxhal::arch::aarch64::trap:102] [36missue=0x47, vaddr=0x45e000, cause=WRITE[m
[m[37m[1733834993.168835 0:4 ruxos_posix_api::imp::mmap::trap:61] [36mPage Fault Happening, vaddr:0x45e000, casue:WRITE, map_flags:MappingFlags(READ | WRITE | EXECUTE | USER)[m
[m[37m[1733834993.169257 0:4 ruxos_posix_api::imp::mmap::trap:113] [33mis copy-on-write: false, vaddr=0x45e000[m
[m[37m[1733834993.169548 0:4 ruxhal::arch::aarch64::trap:102] [36missue=0x47, vaddr=0x45f000, cause=WRITE[m
[m[37m[1733834993.169812 0:4 ruxos_posix_api::imp::mmap::trap:61] [36mPage Fault Happening, vaddr:0x45f000, casue:WRITE, map_flags:MappingFlags(READ | WRITE | EXECUTE | USER)[m
[m[37m[1733834993.170235 0:4 ruxos_posix_api::imp::mmap::trap:113] [33mis copy-on-write: false, vaddr=0x45f000[m
[m[37m[1733834993.170524 0:4 ruxhal::arch::aarch64::trap:102] [36missue=0x47, vaddr=0x460000, cause=WRITE[m
[m[37m[1733834993.170789 0:4 ruxos_posix_api::imp::mmap::trap:61] [36mPage Fault Happening, vaddr:0x460000, casue:WRITE, map_flags:MappingFlags(READ | WRITE | EXECUTE | USER)[m
[m[37m[1733834993.171210 0:4 ruxos_posix_api::imp::mmap::trap:113] [33mis copy-on-write: false, vaddr=0x460000[m
[m[37m[1733834993.171501 0:4 ruxhal::arch::aarch64::trap:102] [36missue=0x47, vaddr=0x461000, cause=WRITE[m
[m[37m[1733834993.171764 0:4 ruxos_posix_api::imp::mmap::trap:61] [36mPage Fault Happening, vaddr:0x461000, casue:WRITE, map_flags:MappingFlags(READ | WRITE | EXECUTE | USER)[m
[m[37m[1733834993.172191 0:4 ruxos_posix_api::imp::mmap::trap:113] [33mis copy-on-write: false, vaddr=0x461000[m
[m[37m[1733834993.172481 0:4 ruxhal::arch::aarch64::trap:102] [36missue=0x47, vaddr=0x462000, cause=WRITE[m
[m[37m[1733834993.172744 0:4 ruxos_posix_api::imp::mmap::trap:61] [36mPage Fault Happening, vaddr:0x462000, casue:WRITE, map_flags:MappingFlags(READ | WRITE | EXECUTE | USER)[m
[m[37m[1733834993.173166 0:4 ruxos_posix_api::imp::mmap::trap:113] [33mis copy-on-write: false, vaddr=0x462000[m
[m[37m[1733834993.173455 0:4 ruxhal::arch::aarch64::trap:102] [36missue=0x47, vaddr=0x463000, cause=WRITE[m
[m[37m[1733834993.173721 0:4 ruxos_posix_api::imp::mmap::trap:61] [36mPage Fault Happening, vaddr:0x463000, casue:WRITE, map_flags:MappingFlags(READ | WRITE | EXECUTE | USER)[m
[m[37m[1733834993.174143 0:4 ruxos_posix_api::imp::mmap::trap:113] [33mis copy-on-write: false, vaddr=0x463000[m
[m[37m[1733834993.174433 0:4 ruxhal::arch::aarch64::trap:102] [36missue=0x47, vaddr=0x464000, cause=WRITE[m
[m[37m[1733834993.174697 0:4 ruxos_posix_api::imp::mmap::trap:61] [36mPage Fault Happening, vaddr:0x464000, casue:WRITE, map_flags:MappingFlags(READ | WRITE | EXECUTE | USER)[m
[m[37m[1733834993.175119 0:4 ruxos_posix_api::imp::mmap::trap:113] [33mis copy-on-write: false, vaddr=0x464000[m
[m[37m[1733834993.175408 0:4 ruxhal::arch::aarch64::trap:102] [36missue=0x47, vaddr=0x465000, cause=WRITE[m
[m[37m[1733834993.175674 0:4 ruxos_posix_api::imp::mmap::trap:61] [36mPage Fault Happening, vaddr:0x465000, casue:WRITE, map_flags:MappingFlags(READ | WRITE | EXECUTE | USER)[m
[m[37m[1733834993.176098 0:4 ruxos_posix_api::imp::mmap::trap:113] [33mis copy-on-write: false, vaddr=0x465000[m
[m[37m[1733834993.176387 0:4 ruxhal::arch::aarch64::trap:102] [36missue=0x47, vaddr=0x466000, cause=WRITE[m
[m[37m[1733834993.176651 0:4 ruxos_posix_api::imp::mmap::trap:61] [36mPage Fault Happening, vaddr:0x466000, casue:WRITE, map_flags:MappingFlags(READ | WRITE | EXECUTE | USER)[m
[m[37m[1733834993.177170 0:4 ruxos_posix_api::imp::mmap::trap:113] [33mis copy-on-write: false, vaddr=0x466000[m
[m[37m[1733834993.177570 0:4 ruxhal::arch::aarch64::trap:102] [36missue=0x47, vaddr=0x467000, cause=WRITE[m
[m[37m[1733834993.177835 0:4 ruxos_posix_api::imp::mmap::trap:61] [36mPage Fault Happening, vaddr:0x467000, casue:WRITE, map_flags:MappingFlags(READ | WRITE | EXECUTE | USER)[m
[m[37m[1733834993.178259 0:4 ruxos_posix_api::imp::mmap::trap:113] [33mis copy-on-write: false, vaddr=0x467000[m
[m[37m[1733834993.178549 0:4 ruxhal::arch::aarch64::trap:102] [36missue=0x47, vaddr=0x468000, cause=WRITE[m
[m[37m[1733834993.178815 0:4 ruxos_posix_api::imp::mmap::trap:61] [36mPage Fault Happening, vaddr:0x468000, casue:WRITE, map_flags:MappingFlags(READ | WRITE | EXECUTE | USER)[m
[m[37m[1733834993.179237 0:4 ruxos_posix_api::imp::mmap::trap:113] [33mis copy-on-write: false, vaddr=0x468000[m
[m[37m[1733834993.179529 0:4 ruxhal::arch::aarch64::trap:102] [36missue=0x47, vaddr=0x469000, cause=WRITE[m
[m[37m[1733834993.179793 0:4 ruxos_posix_api::imp::mmap::trap:61] [36mPage Fault Happening, vaddr:0x469000, casue:WRITE, map_flags:MappingFlags(READ | WRITE | EXECUTE | USER)[m
[m[37m[1733834993.180217 0:4 ruxos_posix_api::imp::mmap::trap:113] [33mis copy-on-write: false, vaddr=0x469000[m
[m[37m[1733834993.180508 0:4 ruxhal::arch::aarch64::trap:102] [36missue=0x47, vaddr=0x46a000, cause=WRITE[m
[m[37m[1733834993.180773 0:4 ruxos_posix_api::imp::mmap::trap:61] [36mPage Fault Happening, vaddr:0x46a000, casue:WRITE, map_flags:MappingFlags(READ | WRITE | EXECUTE | USER)[m
[m[37m[1733834993.181196 0:4 ruxos_posix_api::imp::mmap::trap:113] [33mis copy-on-write: false, vaddr=0x46a000[m
[m[37m[1733834993.181486 0:4 ruxhal::arch::aarch64::trap:102] [36missue=0x47, vaddr=0x46b000, cause=WRITE[m
[m[37m[1733834993.181752 0:4 ruxos_posix_api::imp::mmap::trap:61] [36mPage Fault Happening, vaddr:0x46b000, casue:WRITE, map_flags:MappingFlags(READ | WRITE | EXECUTE | USER)[m
[m[37m[1733834993.182181 0:4 ruxos_posix_api::imp::mmap::trap:113] [33mis copy-on-write: false, vaddr=0x46b000[m
[m[37m[1733834993.182472 0:4 ruxhal::arch::aarch64::trap:102] [36missue=0x47, vaddr=0x46c000, cause=WRITE[m
[m[37m[1733834993.182736 0:4 ruxos_posix_api::imp::mmap::trap:61] [36mPage Fault Happening, vaddr:0x46c000, casue:WRITE, map_flags:MappingFlags(READ | WRITE | EXECUTE | USER)[m
[m[37m[1733834993.183158 0:4 ruxos_posix_api::imp::mmap::trap:113] [33mis copy-on-write: false, vaddr=0x46c000[m
[m[37m[1733834993.183447 0:4 ruxhal::arch::aarch64::trap:102] [36missue=0x47, vaddr=0x46d000, cause=WRITE[m
[m[37m[1733834993.183710 0:4 ruxos_posix_api::imp::mmap::trap:61] [36mPage Fault Happening, vaddr:0x46d000, casue:WRITE, map_flags:MappingFlags(READ | WRITE | EXECUTE | USER)[m
[m[37m[1733834993.184132 0:4 ruxos_posix_api::imp::mmap::trap:113] [33mis copy-on-write: false, vaddr=0x46d000[m
[m[37m[1733834993.184422 0:4 ruxhal::arch::aarch64::trap:102] [36missue=0x47, vaddr=0x46e000, cause=WRITE[m
[m[37m[1733834993.184686 0:4 ruxos_posix_api::imp::mmap::trap:61] [36mPage Fault Happening, vaddr:0x46e000, casue:WRITE, map_flags:MappingFlags(READ | WRITE | EXECUTE | USER)[m
[m[37m[1733834993.185110 0:4 ruxos_posix_api::imp::mmap::trap:113] [33mis copy-on-write: false, vaddr=0x46e000[m
[m[37m[1733834993.185402 0:4 ruxhal::arch::aarch64::trap:102] [36missue=0x47, vaddr=0x46f000, cause=WRITE[m
[m[37m[1733834993.185668 0:4 ruxos_posix_api::imp::mmap::trap:61] [36mPage Fault Happening, vaddr:0x46f000, casue:WRITE, map_flags:MappingFlags(READ | WRITE | EXECUTE | USER)[m
[m[37m[1733834993.186092 0:4 ruxos_posix_api::imp::mmap::trap:113] [33mis copy-on-write: false, vaddr=0x46f000[m
[m[37m[1733834993.186382 0:4 ruxhal::arch::aarch64::trap:102] [36missue=0x47, vaddr=0x470000, cause=WRITE[m
[m[37m[1733834993.186646 0:4 ruxos_posix_api::imp::mmap::trap:61] [36mPage Fault Happening, vaddr:0x470000, casue:WRITE, map_flags:MappingFlags(READ | WRITE | EXECUTE | USER)[m
[m[37m[1733834993.187069 0:4 ruxos_posix_api::imp::mmap::trap:113] [33mis copy-on-write: false, vaddr=0x470000[m
[m[37m[1733834993.187360 0:4 ruxhal::arch::aarch64::trap:102] [36missue=0x47, vaddr=0x471000, cause=WRITE[m
[m[37m[1733834993.187624 0:4 ruxos_posix_api::imp::mmap::trap:61] [36mPage Fault Happening, vaddr:0x471000, casue:WRITE, map_flags:MappingFlags(READ | WRITE | EXECUTE | USER)[m
[m[37m[1733834993.188047 0:4 ruxos_posix_api::imp::mmap::trap:113] [33mis copy-on-write: false, vaddr=0x471000[m
[m[37m[1733834993.188336 0:4 ruxhal::arch::aarch64::trap:102] [36missue=0x47, vaddr=0x472000, cause=WRITE[m
[m[37m[1733834993.188599 0:4 ruxos_posix_api::imp::mmap::trap:61] [36mPage Fault Happening, vaddr:0x472000, casue:WRITE, map_flags:MappingFlags(READ | WRITE | EXECUTE | USER)[m
[m[37m[1733834993.189025 0:4 ruxos_posix_api::imp::mmap::trap:113] [33mis copy-on-write: false, vaddr=0x472000[m
[m[37m[1733834993.189314 0:4 ruxhal::arch::aarch64::trap:102] [36missue=0x47, vaddr=0x473000, cause=WRITE[m
[m[37m[1733834993.189578 0:4 ruxos_posix_api::imp::mmap::trap:61] [36mPage Fault Happening, vaddr:0x473000, casue:WRITE, map_flags:MappingFlags(READ | WRITE | EXECUTE | USER)[m
[m[37m[1733834993.190001 0:4 ruxos_posix_api::imp::mmap::trap:113] [33mis copy-on-write: false, vaddr=0x473000[m
[m[37m[1733834993.190291 0:4 ruxhal::arch::aarch64::trap:102] [36missue=0x47, vaddr=0x474000, cause=WRITE[m
[m[37m[1733834993.190554 0:4 ruxos_posix_api::imp::mmap::trap:61] [36mPage Fault Happening, vaddr:0x474000, casue:WRITE, map_flags:MappingFlags(READ | WRITE | EXECUTE | USER)[m
[m[37m[1733834993.190977 0:4 ruxos_posix_api::imp::mmap::trap:113] [33mis copy-on-write: false, vaddr=0x474000[m
[m[37m[1733834993.191267 0:4 ruxhal::arch::aarch64::trap:102] [36missue=0x47, vaddr=0x475000, cause=WRITE[m
[m[37m[1733834993.191531 0:4 ruxos_posix_api::imp::mmap::trap:61] [36mPage Fault Happening, vaddr:0x475000, casue:WRITE, map_flags:MappingFlags(READ | WRITE | EXECUTE | USER)[m
[m[37m[1733834993.191955 0:4 ruxos_posix_api::imp::mmap::trap:113] [33mis copy-on-write: false, vaddr=0x475000[m
[m[37m[1733834993.192248 0:4 ruxhal::arch::aarch64::trap:102] [36missue=0x47, vaddr=0x476000, cause=WRITE[m
[m[37m[1733834993.192511 0:4 ruxos_posix_api::imp::mmap::trap:61] [36mPage Fault Happening, vaddr:0x476000, casue:WRITE, map_flags:MappingFlags(READ | WRITE | EXECUTE | USER)[m
[m[37m[1733834993.192933 0:4 ruxos_posix_api::imp::mmap::trap:113] [33mis copy-on-write: false, vaddr=0x476000[m
[m[37m[1733834993.193223 0:4 ruxhal::arch::aarch64::trap:102] [36missue=0x47, vaddr=0x477000, cause=WRITE[m
[m[37m[1733834993.193486 0:4 ruxos_posix_api::imp::mmap::trap:61] [36mPage Fault Happening, vaddr:0x477000, casue:WRITE, map_flags:MappingFlags(READ | WRITE | EXECUTE | USER)[m
[m[37m[1733834993.193910 0:4 ruxos_posix_api::imp::mmap::trap:113] [33mis copy-on-write: false, vaddr=0x477000[m
[m[37m[1733834993.194200 0:4 ruxhal::arch::aarch64::trap:102] [36missue=0x47, vaddr=0x478000, cause=WRITE[m
[m[37m[1733834993.194464 0:4 ruxos_posix_api::imp::mmap::trap:61] [36mPage Fault Happening, vaddr:0x478000, casue:WRITE, map_flags:MappingFlags(READ | WRITE | EXECUTE | USER)[m
[m[37m[1733834993.194888 0:4 ruxos_posix_api::imp::mmap::trap:113] [33mis copy-on-write: false, vaddr=0x478000[m
[m[37m[1733834993.195177 0:4 ruxhal::arch::aarch64::trap:102] [36missue=0x47, vaddr=0x479000, cause=WRITE[m
[m[37m[1733834993.195441 0:4 ruxos_posix_api::imp::mmap::trap:61] [36mPage Fault Happening, vaddr:0x479000, casue:WRITE, map_flags:MappingFlags(READ | WRITE | EXECUTE | USER)[m
[m[37m[1733834993.195865 0:4 ruxos_posix_api::imp::mmap::trap:113] [33mis copy-on-write: false, vaddr=0x479000[m
[m[37m[1733834993.196154 0:4 ruxhal::arch::aarch64::trap:102] [36missue=0x47, vaddr=0x47a000, cause=WRITE[m
[m[37m[1733834993.196418 0:4 ruxos_posix_api::imp::mmap::trap:61] [36mPage Fault Happening, vaddr:0x47a000, casue:WRITE, map_flags:MappingFlags(READ | WRITE | EXECUTE | USER)[m
[m[37m[1733834993.196841 0:4 ruxos_posix_api::imp::mmap::trap:113] [33mis copy-on-write: false, vaddr=0x47a000[m
[m[37m[1733834993.197128 0:4 ruxhal::arch::aarch64::trap:102] [36missue=0x47, vaddr=0x47b000, cause=WRITE[m
[m[37m[1733834993.197393 0:4 ruxos_posix_api::imp::mmap::trap:61] [36mPage Fault Happening, vaddr:0x47b000, casue:WRITE, map_flags:MappingFlags(READ | WRITE | EXECUTE | USER)[m
[m[37m[1733834993.197817 0:4 ruxos_posix_api::imp::mmap::trap:113] [33mis copy-on-write: false, vaddr=0x47b000[m
[m[37m[1733834993.198107 0:4 ruxhal::arch::aarch64::trap:102] [36missue=0x47, vaddr=0x47c000, cause=WRITE[m
[m[37m[1733834993.198371 0:4 ruxos_posix_api::imp::mmap::trap:61] [36mPage Fault Happening, vaddr:0x47c000, casue:WRITE, map_flags:MappingFlags(READ | WRITE | EXECUTE | USER)[m
[m[37m[1733834993.198795 0:4 ruxos_posix_api::imp::mmap::trap:113] [33mis copy-on-write: false, vaddr=0x47c000[m
[m[37m[1733834993.199087 0:4 ruxhal::arch::aarch64::trap:102] [36missue=0x47, vaddr=0x47d000, cause=WRITE[m
[m[37m[1733834993.199351 0:4 ruxos_posix_api::imp::mmap::trap:61] [36mPage Fault Happening, vaddr:0x47d000, casue:WRITE, map_flags:MappingFlags(READ | WRITE | EXECUTE | USER)[m
[m[37m[1733834993.199775 0:4 ruxos_posix_api::imp::mmap::trap:113] [33mis copy-on-write: false, vaddr=0x47d000[m
[m[37m[1733834993.200064 0:4 ruxhal::arch::aarch64::trap:102] [36missue=0x47, vaddr=0x47e000, cause=WRITE[m
[m[37m[1733834993.200328 0:4 ruxos_posix_api::imp::mmap::trap:61] [36mPage Fault Happening, vaddr:0x47e000, casue:WRITE, map_flags:MappingFlags(READ | WRITE | EXECUTE | USER)[m
[m[37m[1733834993.200752 0:4 ruxos_posix_api::imp::mmap::trap:113] [33mis copy-on-write: false, vaddr=0x47e000[m
[m[37m[1733834993.201043 0:4 ruxhal::arch::aarch64::trap:102] [36missue=0x47, vaddr=0x47f000, cause=WRITE[m
[m[37m[1733834993.201309 0:4 ruxos_posix_api::imp::mmap::trap:61] [36mPage Fault Happening, vaddr:0x47f000, casue:WRITE, map_flags:MappingFlags(READ | WRITE | EXECUTE | USER)[m
[m[37m[1733834993.201734 0:4 ruxos_posix_api::imp::mmap::trap:113] [33mis copy-on-write: false, vaddr=0x47f000[m
[m[37m[1733834993.202026 0:4 ruxhal::arch::aarch64::trap:102] [36missue=0x47, vaddr=0x480000, cause=WRITE[m
[m[37m[1733834993.202292 0:4 ruxos_posix_api::imp::mmap::trap:61] [36mPage Fault Happening, vaddr:0x480000, casue:WRITE, map_flags:MappingFlags(READ | WRITE | EXECUTE | USER)[m
[m[37m[1733834993.202714 0:4 ruxos_posix_api::imp::mmap::trap:113] [33mis copy-on-write: false, vaddr=0x480000[m
[m[37m[1733834993.203004 0:4 ruxhal::arch::aarch64::trap:102] [36missue=0x47, vaddr=0x481000, cause=WRITE[m
[m[37m[1733834993.203268 0:4 ruxos_posix_api::imp::mmap::trap:61] [36mPage Fault Happening, vaddr:0x481000, casue:WRITE, map_flags:MappingFlags(READ | WRITE | EXECUTE | USER)[m
[m[37m[1733834993.203690 0:4 ruxos_posix_api::imp::mmap::trap:113] [33mis copy-on-write: false, vaddr=0x481000[m
[m[37m[1733834993.203979 0:4 ruxhal::arch::aarch64::trap:102] [36missue=0x47, vaddr=0x482000, cause=WRITE[m
[m[37m[1733834993.204243 0:4 ruxos_posix_api::imp::mmap::trap:61] [36mPage Fault Happening, vaddr:0x482000, casue:WRITE, map_flags:MappingFlags(READ | WRITE | EXECUTE | USER)[m
[m[37m[1733834993.204665 0:4 ruxos_posix_api::imp::mmap::trap:113] [33mis copy-on-write: false, vaddr=0x482000[m
[m[37m[1733834993.204955 0:4 ruxhal::arch::aarch64::trap:102] [36missue=0x47, vaddr=0x483000, cause=WRITE[m
[m[37m[1733834993.205219 0:4 ruxos_posix_api::imp::mmap::trap:61] [36mPage Fault Happening, vaddr:0x483000, casue:WRITE, map_flags:MappingFlags(READ | WRITE | EXECUTE | USER)[m
[m[37m[1733834993.205644 0:4 ruxos_posix_api::imp::mmap::trap:113] [33mis copy-on-write: false, vaddr=0x483000[m
[m[37m[1733834993.205933 0:4 ruxhal::arch::aarch64::trap:102] [36missue=0x47, vaddr=0x484000, cause=WRITE[m
[m[37m[1733834993.206196 0:4 ruxos_posix_api::imp::mmap::trap:61] [36mPage Fault Happening, vaddr:0x484000, casue:WRITE, map_flags:MappingFlags(READ | WRITE | EXECUTE | USER)[m
[m[37m[1733834993.206619 0:4 ruxos_posix_api::imp::mmap::trap:113] [33mis copy-on-write: false, vaddr=0x484000[m
[m[37m[1733834993.206909 0:4 ruxhal::arch::aarch64::trap:102] [36missue=0x47, vaddr=0x485000, cause=WRITE[m
[m[37m[1733834993.207173 0:4 ruxos_posix_api::imp::mmap::trap:61] [36mPage Fault Happening, vaddr:0x485000, casue:WRITE, map_flags:MappingFlags(READ | WRITE | EXECUTE | USER)[m
[m[37m[1733834993.207594 0:4 ruxos_posix_api::imp::mmap::trap:113] [33mis copy-on-write: false, vaddr=0x485000[m
[m[37m[1733834993.207883 0:4 ruxhal::arch::aarch64::trap:102] [36missue=0x47, vaddr=0x486000, cause=WRITE[m
[m[37m[1733834993.208147 0:4 ruxos_posix_api::imp::mmap::trap:61] [36mPage Fault Happening, vaddr:0x486000, casue:WRITE, map_flags:MappingFlags(READ | WRITE | EXECUTE | USER)[m
[m[37m[1733834993.208571 0:4 ruxos_posix_api::imp::mmap::trap:113] [33mis copy-on-write: false, vaddr=0x486000[m
[m[37m[1733834993.208862 0:4 ruxhal::arch::aarch64::trap:102] [36missue=0x47, vaddr=0x487000, cause=WRITE[m
[m[37m[1733834993.209126 0:4 ruxos_posix_api::imp::mmap::trap:61] [36mPage Fault Happening, vaddr:0x487000, casue:WRITE, map_flags:MappingFlags(READ | WRITE | EXECUTE | USER)[m
[m[37m[1733834993.209549 0:4 ruxos_posix_api::imp::mmap::trap:113] [33mis copy-on-write: false, vaddr=0x487000[m
[m[37m[1733834993.209838 0:4 ruxhal::arch::aarch64::trap:102] [36missue=0x47, vaddr=0x488000, cause=WRITE[m
[m[37m[1733834993.210101 0:4 ruxos_posix_api::imp::mmap::trap:61] [36mPage Fault Happening, vaddr:0x488000, casue:WRITE, map_flags:MappingFlags(READ | WRITE | EXECUTE | USER)[m
[m[37m[1733834993.210524 0:4 ruxos_posix_api::imp::mmap::trap:113] [33mis copy-on-write: false, vaddr=0x488000[m
[m[37m[1733834993.210815 0:4 ruxhal::arch::aarch64::trap:102] [36missue=0x47, vaddr=0x489000, cause=WRITE[m
[m[37m[1733834993.211083 0:4 ruxos_posix_api::imp::mmap::trap:61] [36mPage Fault Happening, vaddr:0x489000, casue:WRITE, map_flags:MappingFlags(READ | WRITE | EXECUTE | USER)[m
[m[37m[1733834993.211508 0:4 ruxos_posix_api::imp::mmap::trap:113] [33mis copy-on-write: false, vaddr=0x489000[m
[m[37m[1733834993.211807 0:4 ruxhal::arch::aarch64::trap:102] [36missue=0x47, vaddr=0x48a000, cause=WRITE[m
[m[37m[1733834993.212073 0:4 ruxos_posix_api::imp::mmap::trap:61] [36mPage Fault Happening, vaddr:0x48a000, casue:WRITE, map_flags:MappingFlags(READ | WRITE | EXECUTE | USER)[m
[m[37m[1733834993.212498 0:4 ruxos_posix_api::imp::mmap::trap:113] [33mis copy-on-write: false, vaddr=0x48a000[m
[m[37m[1733834993.212787 0:4 ruxhal::arch::aarch64::trap:102] [36missue=0x47, vaddr=0x48b000, cause=WRITE[m
[m[37m[1733834993.213053 0:4 ruxos_posix_api::imp::mmap::trap:61] [36mPage Fault Happening, vaddr:0x48b000, casue:WRITE, map_flags:MappingFlags(READ | WRITE | EXECUTE | USER)[m
[m[37m[1733834993.213476 0:4 ruxos_posix_api::imp::mmap::trap:113] [33mis copy-on-write: false, vaddr=0x48b000[m
[m[37m[1733834993.213766 0:4 ruxhal::arch::aarch64::trap:102] [36missue=0x47, vaddr=0x48c000, cause=WRITE[m
[m[37m[1733834993.214030 0:4 ruxos_posix_api::imp::mmap::trap:61] [36mPage Fault Happening, vaddr:0x48c000, casue:WRITE, map_flags:MappingFlags(READ | WRITE | EXECUTE | USER)[m
[m[37m[1733834993.214453 0:4 ruxos_posix_api::imp::mmap::trap:113] [33mis copy-on-write: false, vaddr=0x48c000[m
[m[37m[1733834993.214743 0:4 ruxhal::arch::aarch64::trap:102] [36missue=0x47, vaddr=0x48d000, cause=WRITE[m
[m[37m[1733834993.215006 0:4 ruxos_posix_api::imp::mmap::trap:61] [36mPage Fault Happening, vaddr:0x48d000, casue:WRITE, map_flags:MappingFlags(READ | WRITE | EXECUTE | USER)[m
[m[37m[1733834993.215429 0:4 ruxos_posix_api::imp::mmap::trap:113] [33mis copy-on-write: false, vaddr=0x48d000[m
[m[37m[1733834993.215722 0:4 ruxhal::arch::aarch64::trap:102] [36missue=0x47, vaddr=0x48e000, cause=WRITE[m
[m[37m[1733834993.215986 0:4 ruxos_posix_api::imp::mmap::trap:61] [36mPage Fault Happening, vaddr:0x48e000, casue:WRITE, map_flags:MappingFlags(READ | WRITE | EXECUTE | USER)[m
[m[37m[1733834993.216408 0:4 ruxos_posix_api::imp::mmap::trap:113] [33mis copy-on-write: false, vaddr=0x48e000[m
[m[37m[1733834993.216698 0:4 ruxhal::arch::aarch64::trap:102] [36missue=0x47, vaddr=0x48f000, cause=WRITE[m
[m[37m[1733834993.216963 0:4 ruxos_posix_api::imp::mmap::trap:61] [36mPage Fault Happening, vaddr:0x48f000, casue:WRITE, map_flags:MappingFlags(READ | WRITE | EXECUTE | USER)[m
[m[37m[1733834993.217385 0:4 ruxos_posix_api::imp::mmap::trap:113] [33mis copy-on-write: false, vaddr=0x48f000[m
[m[37m[1733834993.217676 0:4 ruxhal::arch::aarch64::trap:102] [36missue=0x47, vaddr=0x490000, cause=WRITE[m
[m[37m[1733834993.217940 0:4 ruxos_posix_api::imp::mmap::trap:61] [36mPage Fault Happening, vaddr:0x490000, casue:WRITE, map_flags:MappingFlags(READ | WRITE | EXECUTE | USER)[m
[m[37m[1733834993.218363 0:4 ruxos_posix_api::imp::mmap::trap:113] [33mis copy-on-write: false, vaddr=0x490000[m
[m[37m[1733834993.218653 0:4 ruxhal::arch::aarch64::trap:102] [36missue=0x47, vaddr=0x491000, cause=WRITE[m
[m[37m[1733834993.218919 0:4 ruxos_posix_api::imp::mmap::trap:61] [36mPage Fault Happening, vaddr:0x491000, casue:WRITE, map_flags:MappingFlags(READ | WRITE | EXECUTE | USER)[m
[m[37m[1733834993.219342 0:4 ruxos_posix_api::imp::mmap::trap:113] [33mis copy-on-write: false, vaddr=0x491000[m
[m[37m[1733834993.219631 0:4 ruxhal::arch::aarch64::trap:102] [36missue=0x47, vaddr=0x492000, cause=WRITE[m
[m[37m[1733834993.219896 0:4 ruxos_posix_api::imp::mmap::trap:61] [36mPage Fault Happening, vaddr:0x492000, casue:WRITE, map_flags:MappingFlags(READ | WRITE | EXECUTE | USER)[m
[m[37m[1733834993.220319 0:4 ruxos_posix_api::imp::mmap::trap:113] [33mis copy-on-write: false, vaddr=0x492000[m
[m[37m[1733834993.220609 0:4 ruxhal::arch::aarch64::trap:102] [36missue=0x47, vaddr=0x493000, cause=WRITE[m
[m[37m[1733834993.220876 0:4 ruxos_posix_api::imp::mmap::trap:61] [36mPage Fault Happening, vaddr:0x493000, casue:WRITE, map_flags:MappingFlags(READ | WRITE | EXECUTE | USER)[m
[m[37m[1733834993.221299 0:4 ruxos_posix_api::imp::mmap::trap:113] [33mis copy-on-write: false, vaddr=0x493000[m
[m[37m[1733834993.221589 0:4 ruxhal::arch::aarch64::trap:102] [36missue=0x47, vaddr=0x494000, cause=WRITE[m
[m[37m[1733834993.221853 0:4 ruxos_posix_api::imp::mmap::trap:61] [36mPage Fault Happening, vaddr:0x494000, casue:WRITE, map_flags:MappingFlags(READ | WRITE | EXECUTE | USER)[m
[m[37m[1733834993.222277 0:4 ruxos_posix_api::imp::mmap::trap:113] [33mis copy-on-write: false, vaddr=0x494000[m
[m[37m[1733834993.222569 0:4 ruxhal::arch::aarch64::trap:102] [36missue=0x47, vaddr=0x495000, cause=WRITE[m
[m[37m[1733834993.222834 0:4 ruxos_posix_api::imp::mmap::trap:61] [36mPage Fault Happening, vaddr:0x495000, casue:WRITE, map_flags:MappingFlags(READ | WRITE | EXECUTE | USER)[m
[m[37m[1733834993.223258 0:4 ruxos_posix_api::imp::mmap::trap:113] [33mis copy-on-write: false, vaddr=0x495000[m
[m[37m[1733834993.223547 0:4 ruxhal::arch::aarch64::trap:102] [36missue=0x47, vaddr=0x496000, cause=WRITE[m
[m[37m[1733834993.223812 0:4 ruxos_posix_api::imp::mmap::trap:61] [36mPage Fault Happening, vaddr:0x496000, casue:WRITE, map_flags:MappingFlags(READ | WRITE | EXECUTE | USER)[m
[m[37m[1733834993.224234 0:4 ruxos_posix_api::imp::mmap::trap:113] [33mis copy-on-write: false, vaddr=0x496000[m
[m[37m[1733834993.224523 0:4 ruxhal::arch::aarch64::trap:102] [36missue=0x47, vaddr=0x497000, cause=WRITE[m
[m[37m[1733834993.224788 0:4 ruxos_posix_api::imp::mmap::trap:61] [36mPage Fault Happening, vaddr:0x497000, casue:WRITE, map_flags:MappingFlags(READ | WRITE | EXECUTE | USER)[m
[m[37m[1733834993.225211 0:4 ruxos_posix_api::imp::mmap::trap:113] [33mis copy-on-write: false, vaddr=0x497000[m
[m[37m[1733834993.225503 0:4 ruxhal::arch::aarch64::trap:102] [36missue=0x47, vaddr=0x498000, cause=WRITE[m
[m[37m[1733834993.225766 0:4 ruxos_posix_api::imp::mmap::trap:61] [36mPage Fault Happening, vaddr:0x498000, casue:WRITE, map_flags:MappingFlags(READ | WRITE | EXECUTE | USER)[m
[m[37m[1733834993.226189 0:4 ruxos_posix_api::imp::mmap::trap:113] [33mis copy-on-write: false, vaddr=0x498000[m
[m[37m[1733834993.226479 0:4 ruxhal::arch::aarch64::trap:102] [36missue=0x47, vaddr=0x499000, cause=WRITE[m
[m[37m[1733834993.226744 0:4 ruxos_posix_api::imp::mmap::trap:61] [36mPage Fault Happening, vaddr:0x499000, casue:WRITE, map_flags:MappingFlags(READ | WRITE | EXECUTE | USER)[m
[m[37m[1733834993.227167 0:4 ruxos_posix_api::imp::mmap::trap:113] [33mis copy-on-write: false, vaddr=0x499000[m
[m[37m[1733834993.227458 0:4 ruxhal::arch::aarch64::trap:102] [36missue=0x47, vaddr=0x49a000, cause=WRITE[m
[m[37m[1733834993.227724 0:4 ruxos_posix_api::imp::mmap::trap:61] [36mPage Fault Happening, vaddr:0x49a000, casue:WRITE, map_flags:MappingFlags(READ | WRITE | EXECUTE | USER)[m
[m[37m[1733834993.228147 0:4 ruxos_posix_api::imp::mmap::trap:113] [33mis copy-on-write: false, vaddr=0x49a000[m
[m[37m[1733834993.228437 0:4 ruxhal::arch::aarch64::trap:102] [36missue=0x47, vaddr=0x49b000, cause=WRITE[m
[m[37m[1733834993.228702 0:4 ruxos_posix_api::imp::mmap::trap:61] [36mPage Fault Happening, vaddr:0x49b000, casue:WRITE, map_flags:MappingFlags(READ | WRITE | EXECUTE | USER)[m
[m[37m[1733834993.229128 0:4 ruxos_posix_api::imp::mmap::trap:113] [33mis copy-on-write: false, vaddr=0x49b000[m
[m[37m[1733834993.229416 0:4 ruxhal::arch::aarch64::trap:102] [36missue=0x47, vaddr=0x49c000, cause=WRITE[m
[m[37m[1733834993.229680 0:4 ruxos_posix_api::imp::mmap::trap:61] [36mPage Fault Happening, vaddr:0x49c000, casue:WRITE, map_flags:MappingFlags(READ | WRITE | EXECUTE | USER)[m
[m[37m[1733834993.230104 0:4 ruxos_posix_api::imp::mmap::trap:113] [33mis copy-on-write: false, vaddr=0x49c000[m
[m[37m[1733834993.230395 0:4 ruxhal::arch::aarch64::trap:102] [36missue=0x47, vaddr=0x49d000, cause=WRITE[m
[m[37m[1733834993.230659 0:4 ruxos_posix_api::imp::mmap::trap:61] [36mPage Fault Happening, vaddr:0x49d000, casue:WRITE, map_flags:MappingFlags(READ | WRITE | EXECUTE | USER)[m
[m[37m[1733834993.231083 0:4 ruxos_posix_api::imp::mmap::trap:113] [33mis copy-on-write: false, vaddr=0x49d000[m
[m[37m[1733834993.231372 0:4 ruxhal::arch::aarch64::trap:102] [36missue=0x47, vaddr=0x49e000, cause=WRITE[m
[m[37m[1733834993.231635 0:4 ruxos_posix_api::imp::mmap::trap:61] [36mPage Fault Happening, vaddr:0x49e000, casue:WRITE, map_flags:MappingFlags(READ | WRITE | EXECUTE | USER)[m
[m[37m[1733834993.232059 0:4 ruxos_posix_api::imp::mmap::trap:113] [33mis copy-on-write: false, vaddr=0x49e000[m
[m[37m[1733834993.232351 0:4 ruxhal::arch::aarch64::trap:102] [36missue=0x47, vaddr=0x49f000, cause=WRITE[m
[m[37m[1733834993.232615 0:4 ruxos_posix_api::imp::mmap::trap:61] [36mPage Fault Happening, vaddr:0x49f000, casue:WRITE, map_flags:MappingFlags(READ | WRITE | EXECUTE | USER)[m
[m[37m[1733834993.233037 0:4 ruxos_posix_api::imp::mmap::trap:113] [33mis copy-on-write: false, vaddr=0x49f000[m
[m[37m[1733834993.233326 0:4 ruxhal::arch::aarch64::trap:102] [36missue=0x47, vaddr=0x4a0000, cause=WRITE[m
[m[37m[1733834993.233590 0:4 ruxos_posix_api::imp::mmap::trap:61] [36mPage Fault Happening, vaddr:0x4a0000, casue:WRITE, map_flags:MappingFlags(READ | WRITE | EXECUTE | USER)[m
[m[37m[1733834993.234014 0:4 ruxos_posix_api::imp::mmap::trap:113] [33mis copy-on-write: false, vaddr=0x4a0000[m
[m[37m[1733834993.234303 0:4 ruxhal::arch::aarch64::trap:102] [36missue=0x47, vaddr=0x4a1000, cause=WRITE[m
[m[37m[1733834993.234567 0:4 ruxos_posix_api::imp::mmap::trap:61] [36mPage Fault Happening, vaddr:0x4a1000, casue:WRITE, map_flags:MappingFlags(READ | WRITE | EXECUTE | USER)[m
[m[37m[1733834993.234990 0:4 ruxos_posix_api::imp::mmap::trap:113] [33mis copy-on-write: false, vaddr=0x4a1000[m
[m[37m[1733834993.235279 0:4 ruxhal::arch::aarch64::trap:102] [36missue=0x47, vaddr=0x4a2000, cause=WRITE[m
[m[37m[1733834993.235552 0:4 ruxos_posix_api::imp::mmap::trap:61] [36mPage Fault Happening, vaddr:0x4a2000, casue:WRITE, map_flags:MappingFlags(READ | WRITE | EXECUTE | USER)[m
[m[37m[1733834993.235975 0:4 ruxos_posix_api::imp::mmap::trap:113] [33mis copy-on-write: false, vaddr=0x4a2000[m
[m[37m[1733834993.236266 0:4 ruxhal::arch::aarch64::trap:102] [36missue=0x47, vaddr=0x4a3000, cause=WRITE[m
[m[37m[1733834993.236529 0:4 ruxos_posix_api::imp::mmap::trap:61] [36mPage Fault Happening, vaddr:0x4a3000, casue:WRITE, map_flags:MappingFlags(READ | WRITE | EXECUTE | USER)[m
[m[37m[1733834993.236953 0:4 ruxos_posix_api::imp::mmap::trap:113] [33mis copy-on-write: false, vaddr=0x4a3000[m
[m[37m[1733834993.237243 0:4 ruxhal::arch::aarch64::trap:102] [36missue=0x47, vaddr=0x4a4000, cause=WRITE[m
[m[37m[1733834993.237507 0:4 ruxos_posix_api::imp::mmap::trap:61] [36mPage Fault Happening, vaddr:0x4a4000, casue:WRITE, map_flags:MappingFlags(READ | WRITE | EXECUTE | USER)[m
[m[37m[1733834993.237930 0:4 ruxos_posix_api::imp::mmap::trap:113] [33mis copy-on-write: false, vaddr=0x4a4000[m
[m[37m[1733834993.238220 0:4 ruxhal::arch::aarch64::trap:102] [36missue=0x47, vaddr=0x4a5000, cause=WRITE[m
[m[37m[1733834993.238485 0:4 ruxos_posix_api::imp::mmap::trap:61] [36mPage Fault Happening, vaddr:0x4a5000, casue:WRITE, map_flags:MappingFlags(READ | WRITE | EXECUTE | USER)[m
[m[37m[1733834993.238910 0:4 ruxos_posix_api::imp::mmap::trap:113] [33mis copy-on-write: false, vaddr=0x4a5000[m
[m[37m[1733834993.239202 0:4 ruxhal::arch::aarch64::trap:102] [36missue=0x47, vaddr=0x4a6000, cause=WRITE[m
[m[37m[1733834993.239466 0:4 ruxos_posix_api::imp::mmap::trap:61] [36mPage Fault Happening, vaddr:0x4a6000, casue:WRITE, map_flags:MappingFlags(READ | WRITE | EXECUTE | USER)[m
[m[37m[1733834993.239890 0:4 ruxos_posix_api::imp::mmap::trap:113] [33mis copy-on-write: false, vaddr=0x4a6000[m
[m[37m[1733834993.240182 0:4 ruxhal::arch::aarch64::trap:102] [36missue=0x47, vaddr=0x4a7000, cause=WRITE[m
[m[37m[1733834993.240447 0:4 ruxos_posix_api::imp::mmap::trap:61] [36mPage Fault Happening, vaddr:0x4a7000, casue:WRITE, map_flags:MappingFlags(READ | WRITE | EXECUTE | USER)[m
[m[37m[1733834993.240870 0:4 ruxos_posix_api::imp::mmap::trap:113] [33mis copy-on-write: false, vaddr=0x4a7000[m
[m[37m[1733834993.241160 0:4 ruxhal::arch::aarch64::trap:102] [36missue=0x47, vaddr=0x4a8000, cause=WRITE[m
[m[37m[1733834993.241424 0:4 ruxos_posix_api::imp::mmap::trap:61] [36mPage Fault Happening, vaddr:0x4a8000, casue:WRITE, map_flags:MappingFlags(READ | WRITE | EXECUTE | USER)[m
[m[37m[1733834993.241847 0:4 ruxos_posix_api::imp::mmap::trap:113] [33mis copy-on-write: false, vaddr=0x4a8000[m
[m[37m[1733834993.242138 0:4 ruxhal::arch::aarch64::trap:102] [36missue=0x47, vaddr=0x4a9000, cause=WRITE[m
[m[37m[1733834993.242402 0:4 ruxos_posix_api::imp::mmap::trap:61] [36mPage Fault Happening, vaddr:0x4a9000, casue:WRITE, map_flags:MappingFlags(READ | WRITE | EXECUTE | USER)[m
[m[37m[1733834993.242824 0:4 ruxos_posix_api::imp::mmap::trap:113] [33mis copy-on-write: false, vaddr=0x4a9000[m
[m[37m[1733834993.243116 0:4 ruxhal::arch::aarch64::trap:102] [36missue=0x47, vaddr=0x4aa000, cause=WRITE[m
[m[37m[1733834993.243379 0:4 ruxos_posix_api::imp::mmap::trap:61] [36mPage Fault Happening, vaddr:0x4aa000, casue:WRITE, map_flags:MappingFlags(READ | WRITE | EXECUTE | USER)[m
[m[37m[1733834993.243804 0:4 ruxos_posix_api::imp::mmap::trap:113] [33mis copy-on-write: false, vaddr=0x4aa000[m
[m[37m[1733834993.244097 0:4 ruxhal::arch::aarch64::trap:102] [36missue=0x47, vaddr=0x4ab000, cause=WRITE[m
[m[37m[1733834993.244363 0:4 ruxos_posix_api::imp::mmap::trap:61] [36mPage Fault Happening, vaddr:0x4ab000, casue:WRITE, map_flags:MappingFlags(READ | WRITE | EXECUTE | USER)[m
[m[37m[1733834993.244787 0:4 ruxos_posix_api::imp::mmap::trap:113] [33mis copy-on-write: false, vaddr=0x4ab000[m
[m[37m[1733834993.245077 0:4 ruxhal::arch::aarch64::trap:102] [36missue=0x47, vaddr=0x4ac000, cause=WRITE[m
[m[37m[1733834993.245341 0:4 ruxos_posix_api::imp::mmap::trap:61] [36mPage Fault Happening, vaddr:0x4ac000, casue:WRITE, map_flags:MappingFlags(READ | WRITE | EXECUTE | USER)[m
[m[37m[1733834993.245767 0:4 ruxos_posix_api::imp::mmap::trap:113] [33mis copy-on-write: false, vaddr=0x4ac000[m
[m[37m[1733834993.246058 0:4 ruxhal::arch::aarch64::trap:102] [36missue=0x47, vaddr=0x4ad000, cause=WRITE[m
[m[37m[1733834993.246325 0:4 ruxos_posix_api::imp::mmap::trap:61] [36mPage Fault Happening, vaddr:0x4ad000, casue:WRITE, map_flags:MappingFlags(READ | WRITE | EXECUTE | USER)[m
[m[37m[1733834993.246747 0:4 ruxos_posix_api::imp::mmap::trap:113] [33mis copy-on-write: false, vaddr=0x4ad000[m
[m[37m[1733834993.247037 0:4 ruxhal::arch::aarch64::trap:102] [36missue=0x47, vaddr=0x4ae000, cause=WRITE[m
[m[37m[1733834993.247301 0:4 ruxos_posix_api::imp::mmap::trap:61] [36mPage Fault Happening, vaddr:0x4ae000, casue:WRITE, map_flags:MappingFlags(READ | WRITE | EXECUTE | USER)[m
[m[37m[1733834993.247724 0:4 ruxos_posix_api::imp::mmap::trap:113] [33mis copy-on-write: false, vaddr=0x4ae000[m
[m[37m[1733834993.248015 0:4 ruxhal::arch::aarch64::trap:102] [36missue=0x47, vaddr=0x4af000, cause=WRITE[m
[m[37m[1733834993.248279 0:4 ruxos_posix_api::imp::mmap::trap:61] [36mPage Fault Happening, vaddr:0x4af000, casue:WRITE, map_flags:MappingFlags(READ | WRITE | EXECUTE | USER)[m
[m[37m[1733834993.248701 0:4 ruxos_posix_api::imp::mmap::trap:113] [33mis copy-on-write: false, vaddr=0x4af000[m
[m[37m[1733834993.248993 0:4 ruxhal::arch::aarch64::trap:102] [36missue=0x47, vaddr=0x4b0000, cause=WRITE[m
[m[37m[1733834993.249257 0:4 ruxos_posix_api::imp::mmap::trap:61] [36mPage Fault Happening, vaddr:0x4b0000, casue:WRITE, map_flags:MappingFlags(READ | WRITE | EXECUTE | USER)[m
[m[37m[1733834993.249681 0:4 ruxos_posix_api::imp::mmap::trap:113] [33mis copy-on-write: false, vaddr=0x4b0000[m
[m[37m[1733834993.249973 0:4 ruxhal::arch::aarch64::trap:102] [36missue=0x47, vaddr=0x4b1000, cause=WRITE[m
[m[37m[1733834993.250238 0:4 ruxos_posix_api::imp::mmap::trap:61] [36mPage Fault Happening, vaddr:0x4b1000, casue:WRITE, map_flags:MappingFlags(READ | WRITE | EXECUTE | USER)[m
[m[37m[1733834993.250660 0:4 ruxos_posix_api::imp::mmap::trap:113] [33mis copy-on-write: false, vaddr=0x4b1000[m
[m[37m[1733834993.250950 0:4 ruxhal::arch::aarch64::trap:102] [36missue=0x47, vaddr=0x4b2000, cause=WRITE[m
[m[37m[1733834993.251214 0:4 ruxos_posix_api::imp::mmap::trap:61] [36mPage Fault Happening, vaddr:0x4b2000, casue:WRITE, map_flags:MappingFlags(READ | WRITE | EXECUTE | USER)[m
[m[37m[1733834993.251638 0:4 ruxos_posix_api::imp::mmap::trap:113] [33mis copy-on-write: false, vaddr=0x4b2000[m
[m[37m[1733834993.251928 0:4 ruxhal::arch::aarch64::trap:102] [36missue=0x47, vaddr=0x4b3000, cause=WRITE[m
[m[37m[1733834993.252195 0:4 ruxos_posix_api::imp::mmap::trap:61] [36mPage Fault Happening, vaddr:0x4b3000, casue:WRITE, map_flags:MappingFlags(READ | WRITE | EXECUTE | USER)[m
[m[37m[1733834993.252619 0:4 ruxos_posix_api::imp::mmap::trap:113] [33mis copy-on-write: false, vaddr=0x4b3000[m
[m[37m[1733834993.252910 0:4 ruxhal::arch::aarch64::trap:102] [36missue=0x47, vaddr=0x4b4000, cause=WRITE[m
[m[37m[1733834993.253174 0:4 ruxos_posix_api::imp::mmap::trap:61] [36mPage Fault Happening, vaddr:0x4b4000, casue:WRITE, map_flags:MappingFlags(READ | WRITE | EXECUTE | USER)[m
[m[37m[1733834993.253598 0:4 ruxos_posix_api::imp::mmap::trap:113] [33mis copy-on-write: false, vaddr=0x4b4000[m
[m[37m[1733834993.253888 0:4 ruxhal::arch::aarch64::trap:102] [36missue=0x47, vaddr=0x4b5000, cause=WRITE[m
[m[37m[1733834993.254152 0:4 ruxos_posix_api::imp::mmap::trap:61] [36mPage Fault Happening, vaddr:0x4b5000, casue:WRITE, map_flags:MappingFlags(READ | WRITE | EXECUTE | USER)[m
[m[37m[1733834993.254576 0:4 ruxos_posix_api::imp::mmap::trap:113] [33mis copy-on-write: false, vaddr=0x4b5000[m
[m[37m[1733834993.254866 0:4 ruxhal::arch::aarch64::trap:102] [36missue=0x47, vaddr=0x4b6000, cause=WRITE[m
[m[37m[1733834993.255130 0:4 ruxos_posix_api::imp::mmap::trap:61] [36mPage Fault Happening, vaddr:0x4b6000, casue:WRITE, map_flags:MappingFlags(READ | WRITE | EXECUTE | USER)[m
[m[37m[1733834993.255556 0:4 ruxos_posix_api::imp::mmap::trap:113] [33mis copy-on-write: false, vaddr=0x4b6000[m
[m[37m[1733834993.255847 0:4 ruxhal::arch::aarch64::trap:102] [36missue=0x47, vaddr=0x4b7000, cause=WRITE[m
[m[37m[1733834993.256111 0:4 ruxos_posix_api::imp::mmap::trap:61] [36mPage Fault Happening, vaddr:0x4b7000, casue:WRITE, map_flags:MappingFlags(READ | WRITE | EXECUTE | USER)[m
[m[37m[1733834993.256534 0:4 ruxos_posix_api::imp::mmap::trap:113] [33mis copy-on-write: false, vaddr=0x4b7000[m
[m[37m[1733834993.256824 0:4 ruxhal::arch::aarch64::trap:102] [36missue=0x47, vaddr=0x4b8000, cause=WRITE[m
[m[37m[1733834993.257089 0:4 ruxos_posix_api::imp::mmap::trap:61] [36mPage Fault Happening, vaddr:0x4b8000, casue:WRITE, map_flags:MappingFlags(READ | WRITE | EXECUTE | USER)[m
[m[37m[1733834993.257512 0:4 ruxos_posix_api::imp::mmap::trap:113] [33mis copy-on-write: false, vaddr=0x4b8000[m
[m[37m[1733834993.257804 0:4 ruxhal::arch::aarch64::trap:102] [36missue=0x47, vaddr=0x4b9000, cause=WRITE[m
[m[37m[1733834993.258068 0:4 ruxos_posix_api::imp::mmap::trap:61] [36mPage Fault Happening, vaddr:0x4b9000, casue:WRITE, map_flags:MappingFlags(READ | WRITE | EXECUTE | USER)[m
[m[37m[1733834993.258492 0:4 ruxos_posix_api::imp::mmap::trap:113] [33mis copy-on-write: false, vaddr=0x4b9000[m
[m[37m[1733834993.258782 0:4 ruxhal::arch::aarch64::trap:102] [36missue=0x47, vaddr=0x4ba000, cause=WRITE[m
[m[37m[1733834993.259047 0:4 ruxos_posix_api::imp::mmap::trap:61] [36mPage Fault Happening, vaddr:0x4ba000, casue:WRITE, map_flags:MappingFlags(READ | WRITE | EXECUTE | USER)[m
[m[37m[1733834993.259471 0:4 ruxos_posix_api::imp::mmap::trap:113] [33mis copy-on-write: false, vaddr=0x4ba000[m
[m[37m[1733834993.259765 0:4 ruxhal::arch::aarch64::trap:102] [36missue=0x47, vaddr=0x4bb000, cause=WRITE[m
[m[37m[1733834993.260031 0:4 ruxos_posix_api::imp::mmap::trap:61] [36mPage Fault Happening, vaddr:0x4bb000, casue:WRITE, map_flags:MappingFlags(READ | WRITE | EXECUTE | USER)[m
[m[37m[1733834993.260456 0:4 ruxos_posix_api::imp::mmap::trap:113] [33mis copy-on-write: false, vaddr=0x4bb000[m
[m[37m[1733834993.260746 0:4 ruxhal::arch::aarch64::trap:102] [36missue=0x47, vaddr=0x4bc000, cause=WRITE[m
[m[37m[1733834993.261011 0:4 ruxos_posix_api::imp::mmap::trap:61] [36mPage Fault Happening, vaddr:0x4bc000, casue:WRITE, map_flags:MappingFlags(READ | WRITE | EXECUTE | USER)[m
[m[37m[1733834993.261439 0:4 ruxos_posix_api::imp::mmap::trap:113] [33mis copy-on-write: false, vaddr=0x4bc000[m
[m[37m[1733834993.261728 0:4 ruxhal::arch::aarch64::trap:102] [36missue=0x47, vaddr=0x4bd000, cause=WRITE[m
[m[37m[1733834993.261992 0:4 ruxos_posix_api::imp::mmap::trap:61] [36mPage Fault Happening, vaddr:0x4bd000, casue:WRITE, map_flags:MappingFlags(READ | WRITE | EXECUTE | USER)[m
[m[37m[1733834993.262419 0:4 ruxos_posix_api::imp::mmap::trap:113] [33mis copy-on-write: false, vaddr=0x4bd000[m
[m[37m[1733834993.262710 0:4 ruxhal::arch::aarch64::trap:102] [36missue=0x47, vaddr=0x4be000, cause=WRITE[m
[m[37m[1733834993.262975 0:4 ruxos_posix_api::imp::mmap::trap:61] [36mPage Fault Happening, vaddr:0x4be000, casue:WRITE, map_flags:MappingFlags(READ | WRITE | EXECUTE | USER)[m
[m[37m[1733834993.263398 0:4 ruxos_posix_api::imp::mmap::trap:113] [33mis copy-on-write: false, vaddr=0x4be000[m
[m[37m[1733834993.263689 0:4 ruxhal::arch::aarch64::trap:102] [36missue=0x47, vaddr=0x4bf000, cause=WRITE[m
[m[37m[1733834993.263953 0:4 ruxos_posix_api::imp::mmap::trap:61] [36mPage Fault Happening, vaddr:0x4bf000, casue:WRITE, map_flags:MappingFlags(READ | WRITE | EXECUTE | USER)[m
[m[37m[1733834993.264377 0:4 ruxos_posix_api::imp::mmap::trap:113] [33mis copy-on-write: false, vaddr=0x4bf000[m
[m[37m[1733834993.264665 0:4 ruxhal::arch::aarch64::trap:102] [36missue=0x47, vaddr=0x4c0000, cause=WRITE[m
[m[37m[1733834993.264930 0:4 ruxos_posix_api::imp::mmap::trap:61] [36mPage Fault Happening, vaddr:0x4c0000, casue:WRITE, map_flags:MappingFlags(READ | WRITE | EXECUTE | USER)[m
[m[37m[1733834993.265353 0:4 ruxos_posix_api::imp::mmap::trap:113] [33mis copy-on-write: false, vaddr=0x4c0000[m
[m[37m[1733834993.265644 0:4 ruxhal::arch::aarch64::trap:102] [36missue=0x47, vaddr=0x4c1000, cause=WRITE[m
[m[37m[1733834993.265910 0:4 ruxos_posix_api::imp::mmap::trap:61] [36mPage Fault Happening, vaddr:0x4c1000, casue:WRITE, map_flags:MappingFlags(READ | WRITE | EXECUTE | USER)[m
[m[37m[1733834993.266333 0:4 ruxos_posix_api::imp::mmap::trap:113] [33mis copy-on-write: false, vaddr=0x4c1000[m
[m[37m[1733834993.266624 0:4 ruxhal::arch::aarch64::trap:102] [36missue=0x47, vaddr=0x4c2000, cause=WRITE[m
[m[37m[1733834993.266889 0:4 ruxos_posix_api::imp::mmap::trap:61] [36mPage Fault Happening, vaddr:0x4c2000, casue:WRITE, map_flags:MappingFlags(READ | WRITE | EXECUTE | USER)[m
[m[37m[1733834993.267313 0:4 ruxos_posix_api::imp::mmap::trap:113] [33mis copy-on-write: false, vaddr=0x4c2000[m
[m[37m[1733834993.267603 0:4 ruxhal::arch::aarch64::trap:102] [36missue=0x47, vaddr=0x4c3000, cause=WRITE[m
[m[37m[1733834993.267869 0:4 ruxos_posix_api::imp::mmap::trap:61] [36mPage Fault Happening, vaddr:0x4c3000, casue:WRITE, map_flags:MappingFlags(READ | WRITE | EXECUTE | USER)[m
[m[37m[1733834993.268293 0:4 ruxos_posix_api::imp::mmap::trap:113] [33mis copy-on-write: false, vaddr=0x4c3000[m
[m[37m[1733834993.268583 0:4 ruxhal::arch::aarch64::trap:102] [36missue=0x47, vaddr=0x4c4000, cause=WRITE[m
[m[37m[1733834993.268849 0:4 ruxos_posix_api::imp::mmap::trap:61] [36mPage Fault Happening, vaddr:0x4c4000, casue:WRITE, map_flags:MappingFlags(READ | WRITE | EXECUTE | USER)[m
[m[37m[1733834993.269276 0:4 ruxos_posix_api::imp::mmap::trap:113] [33mis copy-on-write: false, vaddr=0x4c4000[m
[m[37m[1733834993.269567 0:4 ruxhal::arch::aarch64::trap:102] [36missue=0x47, vaddr=0x4c5000, cause=WRITE[m
[m[37m[1733834993.269831 0:4 ruxos_posix_api::imp::mmap::trap:61] [36mPage Fault Happening, vaddr:0x4c5000, casue:WRITE, map_flags:MappingFlags(READ | WRITE | EXECUTE | USER)[m
[m[37m[1733834993.270255 0:4 ruxos_posix_api::imp::mmap::trap:113] [33mis copy-on-write: false, vaddr=0x4c5000[m
[m[37m[1733834993.270544 0:4 ruxhal::arch::aarch64::trap:102] [36missue=0x47, vaddr=0x4c6000, cause=WRITE[m
[m[37m[1733834993.270815 0:4 ruxos_posix_api::imp::mmap::trap:61] [36mPage Fault Happening, vaddr:0x4c6000, casue:WRITE, map_flags:MappingFlags(READ | WRITE | EXECUTE | USER)[m
[m[37m[1733834993.271238 0:4 ruxos_posix_api::imp::mmap::trap:113] [33mis copy-on-write: false, vaddr=0x4c6000[m
[m[37m[1733834993.271528 0:4 ruxhal::arch::aarch64::trap:102] [36missue=0x47, vaddr=0x4c7000, cause=WRITE[m
[m[37m[1733834993.271791 0:4 ruxos_posix_api::imp::mmap::trap:61] [36mPage Fault Happening, vaddr:0x4c7000, casue:WRITE, map_flags:MappingFlags(READ | WRITE | EXECUTE | USER)[m
[m[37m[1733834993.272215 0:4 ruxos_posix_api::imp::mmap::trap:113] [33mis copy-on-write: false, vaddr=0x4c7000[m
[m[37m[1733834993.272505 0:4 ruxhal::arch::aarch64::trap:102] [36missue=0x47, vaddr=0x4c8000, cause=WRITE[m
[m[37m[1733834993.272769 0:4 ruxos_posix_api::imp::mmap::trap:61] [36mPage Fault Happening, vaddr:0x4c8000, casue:WRITE, map_flags:MappingFlags(READ | WRITE | EXECUTE | USER)[m
[m[37m[1733834993.273192 0:4 ruxos_posix_api::imp::mmap::trap:113] [33mis copy-on-write: false, vaddr=0x4c8000[m
[m[37m[1733834993.273483 0:4 ruxhal::arch::aarch64::trap:102] [36missue=0x47, vaddr=0x4c9000, cause=WRITE[m
[m[37m[1733834993.273747 0:4 ruxos_posix_api::imp::mmap::trap:61] [36mPage Fault Happening, vaddr:0x4c9000, casue:WRITE, map_flags:MappingFlags(READ | WRITE | EXECUTE | USER)[m
[m[37m[1733834993.274172 0:4 ruxos_posix_api::imp::mmap::trap:113] [33mis copy-on-write: false, vaddr=0x4c9000[m
[m[37m[1733834993.274464 0:4 ruxhal::arch::aarch64::trap:102] [36missue=0x47, vaddr=0x4ca000, cause=WRITE[m
[m[37m[1733834993.274728 0:4 ruxos_posix_api::imp::mmap::trap:61] [36mPage Fault Happening, vaddr:0x4ca000, casue:WRITE, map_flags:MappingFlags(READ | WRITE | EXECUTE | USER)[m
[m[37m[1733834993.275153 0:4 ruxos_posix_api::imp::mmap::trap:113] [33mis copy-on-write: false, vaddr=0x4ca000[m
[m[37m[1733834993.275444 0:4 ruxhal::arch::aarch64::trap:102] [36missue=0x47, vaddr=0x4cb000, cause=WRITE[m
[m[37m[1733834993.275711 0:4 ruxos_posix_api::imp::mmap::trap:61] [36mPage Fault Happening, vaddr:0x4cb000, casue:WRITE, map_flags:MappingFlags(READ | WRITE | EXECUTE | USER)[m
[m[37m[1733834993.276136 0:4 ruxos_posix_api::imp::mmap::trap:113] [33mis copy-on-write: false, vaddr=0x4cb000[m
[m[37m[1733834993.276427 0:4 ruxhal::arch::aarch64::trap:102] [36missue=0x47, vaddr=0x4cc000, cause=WRITE[m
[m[37m[1733834993.276691 0:4 ruxos_posix_api::imp::mmap::trap:61] [36mPage Fault Happening, vaddr:0x4cc000, casue:WRITE, map_flags:MappingFlags(READ | WRITE | EXECUTE | USER)[m
[m[37m[1733834993.277116 0:4 ruxos_posix_api::imp::mmap::trap:113] [33mis copy-on-write: false, vaddr=0x4cc000[m
[m[37m[1733834993.277410 0:4 ruxhal::arch::aarch64::trap:102] [36missue=0x47, vaddr=0x4cd000, cause=WRITE[m
[m[37m[1733834993.277674 0:4 ruxos_posix_api::imp::mmap::trap:61] [36mPage Fault Happening, vaddr:0x4cd000, casue:WRITE, map_flags:MappingFlags(READ | WRITE | EXECUTE | USER)[m
[m[37m[1733834993.278101 0:4 ruxos_posix_api::imp::mmap::trap:113] [33mis copy-on-write: false, vaddr=0x4cd000[m
[m[37m[1733834993.278393 0:4 ruxhal::arch::aarch64::trap:102] [36missue=0x47, vaddr=0x4ce000, cause=WRITE[m
[m[37m[1733834993.278658 0:4 ruxos_posix_api::imp::mmap::trap:61] [36mPage Fault Happening, vaddr:0x4ce000, casue:WRITE, map_flags:MappingFlags(READ | WRITE | EXECUTE | USER)[m
[m[37m[1733834993.279103 0:4 ruxos_posix_api::imp::mmap::trap:113] [33mis copy-on-write: false, vaddr=0x4ce000[m
[m[37m[1733834993.279394 0:4 ruxhal::arch::aarch64::trap:102] [36missue=0x47, vaddr=0x4cf000, cause=WRITE[m
[m[37m[1733834993.279659 0:4 ruxos_posix_api::imp::mmap::trap:61] [36mPage Fault Happening, vaddr:0x4cf000, casue:WRITE, map_flags:MappingFlags(READ | WRITE | EXECUTE | USER)[m
[m[37m[1733834993.280083 0:4 ruxos_posix_api::imp::mmap::trap:113] [33mis copy-on-write: false, vaddr=0x4cf000[m
[m[37m[1733834993.280375 0:4 ruxhal::arch::aarch64::trap:102] [36missue=0x47, vaddr=0x4d0000, cause=WRITE[m
[m[37m[1733834993.280639 0:4 ruxos_posix_api::imp::mmap::trap:61] [36mPage Fault Happening, vaddr:0x4d0000, casue:WRITE, map_flags:MappingFlags(READ | WRITE | EXECUTE | USER)[m
[m[37m[1733834993.281064 0:4 ruxos_posix_api::imp::mmap::trap:113] [33mis copy-on-write: false, vaddr=0x4d0000[m
[m[37m[1733834993.281354 0:4 ruxhal::arch::aarch64::trap:102] [36missue=0x47, vaddr=0x4d1000, cause=WRITE[m
[m[37m[1733834993.281620 0:4 ruxos_posix_api::imp::mmap::trap:61] [36mPage Fault Happening, vaddr:0x4d1000, casue:WRITE, map_flags:MappingFlags(READ | WRITE | EXECUTE | USER)[m
[m[37m[1733834993.282044 0:4 ruxos_posix_api::imp::mmap::trap:113] [33mis copy-on-write: false, vaddr=0x4d1000[m
[m[37m[1733834993.282337 0:4 ruxhal::arch::aarch64::trap:102] [36missue=0x47, vaddr=0x4d2000, cause=WRITE[m
[m[37m[1733834993.282602 0:4 ruxos_posix_api::imp::mmap::trap:61] [36mPage Fault Happening, vaddr:0x4d2000, casue:WRITE, map_flags:MappingFlags(READ | WRITE | EXECUTE | USER)[m
[m[37m[1733834993.283025 0:4 ruxos_posix_api::imp::mmap::trap:113] [33mis copy-on-write: false, vaddr=0x4d2000[m
[m[37m[1733834993.283315 0:4 ruxhal::arch::aarch64::trap:102] [36missue=0x47, vaddr=0x4d3000, cause=WRITE[m
[m[37m[1733834993.283580 0:4 ruxos_posix_api::imp::mmap::trap:61] [36mPage Fault Happening, vaddr:0x4d3000, casue:WRITE, map_flags:MappingFlags(READ | WRITE | EXECUTE | USER)[m
[m[37m[1733834993.284005 0:4 ruxos_posix_api::imp::mmap::trap:113] [33mis copy-on-write: false, vaddr=0x4d3000[m
[m[37m[1733834993.284295 0:4 ruxhal::arch::aarch64::trap:102] [36missue=0x47, vaddr=0x4d4000, cause=WRITE[m
[m[37m[1733834993.284561 0:4 ruxos_posix_api::imp::mmap::trap:61] [36mPage Fault Happening, vaddr:0x4d4000, casue:WRITE, map_flags:MappingFlags(READ | WRITE | EXECUTE | USER)[m
[m[37m[1733834993.284984 0:4 ruxos_posix_api::imp::mmap::trap:113] [33mis copy-on-write: false, vaddr=0x4d4000[m
[m[37m[1733834993.285273 0:4 ruxhal::arch::aarch64::trap:102] [36missue=0x47, vaddr=0x4d5000, cause=WRITE[m
[m[37m[1733834993.285541 0:4 ruxos_posix_api::imp::mmap::trap:61] [36mPage Fault Happening, vaddr:0x4d5000, casue:WRITE, map_flags:MappingFlags(READ | WRITE | EXECUTE | USER)[m
[m[37m[1733834993.285964 0:4 ruxos_posix_api::imp::mmap::trap:113] [33mis copy-on-write: false, vaddr=0x4d5000[m
[m[37m[1733834993.286253 0:4 ruxhal::arch::aarch64::trap:102] [36missue=0x47, vaddr=0x4d6000, cause=WRITE[m
[m[37m[1733834993.286518 0:4 ruxos_posix_api::imp::mmap::trap:61] [36mPage Fault Happening, vaddr:0x4d6000, casue:WRITE, map_flags:MappingFlags(READ | WRITE | EXECUTE | USER)[m
[m[37m[1733834993.286941 0:4 ruxos_posix_api::imp::mmap::trap:113] [33mis copy-on-write: false, vaddr=0x4d6000[m
[m[37m[1733834993.287232 0:4 ruxhal::arch::aarch64::trap:102] [36missue=0x47, vaddr=0x4d7000, cause=WRITE[m
[m[37m[1733834993.287497 0:4 ruxos_posix_api::imp::mmap::trap:61] [36mPage Fault Happening, vaddr:0x4d7000, casue:WRITE, map_flags:MappingFlags(READ | WRITE | EXECUTE | USER)[m
[m[37m[1733834993.287922 0:4 ruxos_posix_api::imp::mmap::trap:113] [33mis copy-on-write: false, vaddr=0x4d7000[m
[m[37m[1733834993.288214 0:4 ruxhal::arch::aarch64::trap:102] [36missue=0x47, vaddr=0x4d8000, cause=WRITE[m
[m[37m[1733834993.288478 0:4 ruxos_posix_api::imp::mmap::trap:61] [36mPage Fault Happening, vaddr:0x4d8000, casue:WRITE, map_flags:MappingFlags(READ | WRITE | EXECUTE | USER)[m
[m[37m[1733834993.288906 0:4 ruxos_posix_api::imp::mmap::trap:113] [33mis copy-on-write: false, vaddr=0x4d8000[m
[m[37m[1733834993.289218 0:4 ruxtask::execv:77] [33mload_elf: loading segment 0xec750 to 0x4ec750, size 0x38e9[m
[m[37m[1733834993.289497 0:4 ruxhal::arch::aarch64::trap:102] [36missue=0x47, vaddr=0x4ec750, cause=WRITE[m
[m[37m[1733834993.289761 0:4 ruxos_posix_api::imp::mmap::trap:61] [36mPage Fault Happening, vaddr:0x4ec000, casue:WRITE, map_flags:MappingFlags(READ | WRITE | EXECUTE | USER)[m
[m[37m[1733834993.290184 0:4 ruxos_posix_api::imp::mmap::trap:113] [33mis copy-on-write: false, vaddr=0x4ec000[m
[m[37m[1733834993.290468 0:4 ruxhal::arch::aarch64::trap:102] [36missue=0x47, vaddr=0x4ed000, cause=WRITE[m
[m[37m[1733834993.290733 0:4 ruxos_posix_api::imp::mmap::trap:61] [36mPage Fault Happening, vaddr:0x4ed000, casue:WRITE, map_flags:MappingFlags(READ | WRITE | EXECUTE | USER)[m
[m[37m[1733834993.291157 0:4 ruxos_posix_api::imp::mmap::trap:113] [33mis copy-on-write: false, vaddr=0x4ed000[m
[m[37m[1733834993.291459 0:4 ruxhal::arch::aarch64::trap:102] [36missue=0x47, vaddr=0x4ee000, cause=WRITE[m
[m[37m[1733834993.291724 0:4 ruxos_posix_api::imp::mmap::trap:61] [36mPage Fault Happening, vaddr:0x4ee000, casue:WRITE, map_flags:MappingFlags(READ | WRITE | EXECUTE | USER)[m
[m[37m[1733834993.292151 0:4 ruxos_posix_api::imp::mmap::trap:113] [33mis copy-on-write: false, vaddr=0x4ee000[m
[m[37m[1733834993.292433 0:4 ruxhal::arch::aarch64::trap:102] [36missue=0x47, vaddr=0x4ef000, cause=WRITE[m
[m[37m[1733834993.292697 0:4 ruxos_posix_api::imp::mmap::trap:61] [36mPage Fault Happening, vaddr:0x4ef000, casue:WRITE, map_flags:MappingFlags(READ | WRITE | EXECUTE | USER)[m
[m[37m[1733834993.293121 0:4 ruxos_posix_api::imp::mmap::trap:113] [33mis copy-on-write: false, vaddr=0x4ef000[m
[m[37m[1733834993.293404 0:4 ruxhal::arch::aarch64::trap:102] [36missue=0x47, vaddr=0x4f0000, cause=WRITE[m
[m[37m[1733834993.293668 0:4 ruxos_posix_api::imp::mmap::trap:61] [36mPage Fault Happening, vaddr:0x4f0000, casue:WRITE, map_flags:MappingFlags(READ | WRITE | EXECUTE | USER)[m
[m[37m[1733834993.294092 0:4 ruxos_posix_api::imp::mmap::trap:113] [33mis copy-on-write: false, vaddr=0x4f0000[m
[m[37m[1733834993.295188 0:4 ruxtask::execv:38] [36melf load: new elf prog: /lib/ld-musl-aarch64.so.1 [m
[m[37m[1733834993.295455 0:4 ruxfs::fops:125] [36mopen file: /lib/ld-musl-aarch64.so.1  READ | WRITE[m
[m[37m[1733834993.295781 0:4 ruxfs::root:90] [36mlookup at root: /lib/ld-musl-aarch64.so.1 [m
[m[37m[1733834993.296018 0:4 rux9p::fs:445] [36mlookup 9pfs: lib/ld-musl-aarch64.so.1 [m
[m[37m[1733834993.297358 0:4 rux9p::fs:401] [36mget_attr Ok(FileAttr { vaild: 6143, qid: _9PQid { ftype: 0, version: 1763481214, path: 2950334 }, mode: 33261, n_link: 1, uid: 1000, gid: 1000, rdev: 0, size: 937986, blk_size: 4096, n_blk: 1840, atime_sec: 1733748370, atime_ns: 671309658, mtime_sec: 1733071998, mtime_ns: 401682498, ctime_sec: 1733071998, ctime_ns: 401682498, btime_sec: 0, btime_ns: 0, gen: 324795, date_version: 0 })[m
[m[37m[1733834993.298525 0:4 rux9p::fs:401] [36mget_attr Ok(FileAttr { vaild: 6143, qid: _9PQid { ftype: 0, version: 1763481214, path: 2950334 }, mode: 33261, n_link: 1, uid: 1000, gid: 1000, rdev: 0, size: 937986, blk_size: 4096, n_blk: 1840, atime_sec: 1733748370, atime_ns: 671309658, mtime_sec: 1733071998, mtime_ns: 401682498, ctime_sec: 1733071998, ctime_ns: 401682498, btime_sec: 0, btime_ns: 0, gen: 324795, date_version: 0 })[m
[m[37m[1733834993.299562 0:4 ruxtask::execv:52] [36msys_execve: file size 0xe5002[m
[m[37m[1733834993.300066 0:4 rux9p::fs:556] [36mread 9pid:1 length: 937986[m
[m[37m[1733834993.303466 0:4 ruxtask::execv:57] [36msys_execve: read file size 0xe5002[m
[m[37m[1733834993.303695 0:4 ruxtask::execv:70] [36mload_elf: loading ELF in 0x4f1000[m
[m[37m[1733834993.303915 0:4 ruxtask::execv:77] [33mload_elf: loading segment 0x0 to 0x4f1000, size 0x99384[m
[m[37m[1733834993.304192 0:4 ruxhal::arch::aarch64::trap:102] [36missue=0x47, vaddr=0x4f1000, cause=WRITE[m
[m[37m[1733834993.304458 0:4 ruxos_posix_api::imp::mmap::trap:61] [36mPage Fault Happening, vaddr:0x4f1000, casue:WRITE, map_flags:MappingFlags(READ | WRITE | EXECUTE | USER)[m
[m[37m[1733834993.304886 0:4 ruxos_posix_api::imp::mmap::trap:113] [33mis copy-on-write: false, vaddr=0x4f1000[m
[m[37m[1733834993.305174 0:4 ruxhal::arch::aarch64::trap:102] [36missue=0x47, vaddr=0x4f2000, cause=WRITE[m
[m[37m[1733834993.305438 0:4 ruxos_posix_api::imp::mmap::trap:61] [36mPage Fault Happening, vaddr:0x4f2000, casue:WRITE, map_flags:MappingFlags(READ | WRITE | EXECUTE | USER)[m
[m[37m[1733834993.305865 0:4 ruxos_posix_api::imp::mmap::trap:113] [33mis copy-on-write: false, vaddr=0x4f2000[m
[m[37m[1733834993.306148 0:4 ruxhal::arch::aarch64::trap:102] [36missue=0x47, vaddr=0x4f3000, cause=WRITE[m
[m[37m[1733834993.306412 0:4 ruxos_posix_api::imp::mmap::trap:61] [36mPage Fault Happening, vaddr:0x4f3000, casue:WRITE, map_flags:MappingFlags(READ | WRITE | EXECUTE | USER)[m
[m[37m[1733834993.306835 0:4 ruxos_posix_api::imp::mmap::trap:113] [33mis copy-on-write: false, vaddr=0x4f3000[m
[m[37m[1733834993.307117 0:4 ruxhal::arch::aarch64::trap:102] [36missue=0x47, vaddr=0x4f4000, cause=WRITE[m
[m[37m[1733834993.307382 0:4 ruxos_posix_api::imp::mmap::trap:61] [36mPage Fault Happening, vaddr:0x4f4000, casue:WRITE, map_flags:MappingFlags(READ | WRITE | EXECUTE | USER)[m
[m[37m[1733834993.307806 0:4 ruxos_posix_api::imp::mmap::trap:113] [33mis copy-on-write: false, vaddr=0x4f4000[m
[m[37m[1733834993.308088 0:4 ruxhal::arch::aarch64::trap:102] [36missue=0x47, vaddr=0x4f5000, cause=WRITE[m
[m[37m[1733834993.308353 0:4 ruxos_posix_api::imp::mmap::trap:61] [36mPage Fault Happening, vaddr:0x4f5000, casue:WRITE, map_flags:MappingFlags(READ | WRITE | EXECUTE | USER)[m
[m[37m[1733834993.308776 0:4 ruxos_posix_api::imp::mmap::trap:113] [33mis copy-on-write: false, vaddr=0x4f5000[m
[m[37m[1733834993.309063 0:4 ruxhal::arch::aarch64::trap:102] [36missue=0x47, vaddr=0x4f6000, cause=WRITE[m
[m[37m[1733834993.309328 0:4 ruxos_posix_api::imp::mmap::trap:61] [36mPage Fault Happening, vaddr:0x4f6000, casue:WRITE, map_flags:MappingFlags(READ | WRITE | EXECUTE | USER)[m
[m[37m[1733834993.309751 0:4 ruxos_posix_api::imp::mmap::trap:113] [33mis copy-on-write: false, vaddr=0x4f6000[m
[m[37m[1733834993.310095 0:4 ruxhal::arch::aarch64::trap:102] [36missue=0x47, vaddr=0x4f7000, cause=WRITE[m
[m[37m[1733834993.310360 0:4 ruxos_posix_api::imp::mmap::trap:61] [36mPage Fault Happening, vaddr:0x4f7000, casue:WRITE, map_flags:MappingFlags(READ | WRITE | EXECUTE | USER)[m
[m[37m[1733834993.310784 0:4 ruxos_posix_api::imp::mmap::trap:113] [33mis copy-on-write: false, vaddr=0x4f7000[m
[m[37m[1733834993.311070 0:4 ruxhal::arch::aarch64::trap:102] [36missue=0x47, vaddr=0x4f8000, cause=WRITE[m
[m[37m[1733834993.311336 0:4 ruxos_posix_api::imp::mmap::trap:61] [36mPage Fault Happening, vaddr:0x4f8000, casue:WRITE, map_flags:MappingFlags(READ | WRITE | EXECUTE | USER)[m
[m[37m[1733834993.311759 0:4 ruxos_posix_api::imp::mmap::trap:113] [33mis copy-on-write: false, vaddr=0x4f8000[m
[m[37m[1733834993.312041 0:4 ruxhal::arch::aarch64::trap:102] [36missue=0x47, vaddr=0x4f9000, cause=WRITE[m
[m[37m[1733834993.312310 0:4 ruxos_posix_api::imp::mmap::trap:61] [36mPage Fault Happening, vaddr:0x4f9000, casue:WRITE, map_flags:MappingFlags(READ | WRITE | EXECUTE | USER)[m
[m[37m[1733834993.312733 0:4 ruxos_posix_api::imp::mmap::trap:113] [33mis copy-on-write: false, vaddr=0x4f9000[m
[m[37m[1733834993.313014 0:4 ruxhal::arch::aarch64::trap:102] [36missue=0x47, vaddr=0x4fa000, cause=WRITE[m
[m[37m[1733834993.313280 0:4 ruxos_posix_api::imp::mmap::trap:61] [36mPage Fault Happening, vaddr:0x4fa000, casue:WRITE, map_flags:MappingFlags(READ | WRITE | EXECUTE | USER)[m
[m[37m[1733834993.313703 0:4 ruxos_posix_api::imp::mmap::trap:113] [33mis copy-on-write: false, vaddr=0x4fa000[m
[m[37m[1733834993.313989 0:4 ruxhal::arch::aarch64::trap:102] [36missue=0x47, vaddr=0x4fb000, cause=WRITE[m
[m[37m[1733834993.314253 0:4 ruxos_posix_api::imp::mmap::trap:61] [36mPage Fault Happening, vaddr:0x4fb000, casue:WRITE, map_flags:MappingFlags(READ | WRITE | EXECUTE | USER)[m
[m[37m[1733834993.314677 0:4 ruxos_posix_api::imp::mmap::trap:113] [33mis copy-on-write: false, vaddr=0x4fb000[m
[m[37m[1733834993.314958 0:4 ruxhal::arch::aarch64::trap:102] [36missue=0x47, vaddr=0x4fc000, cause=WRITE[m
[m[37m[1733834993.315221 0:4 ruxos_posix_api::imp::mmap::trap:61] [36mPage Fault Happening, vaddr:0x4fc000, casue:WRITE, map_flags:MappingFlags(READ | WRITE | EXECUTE | USER)[m
[m[37m[1733834993.315647 0:4 ruxos_posix_api::imp::mmap::trap:113] [33mis copy-on-write: false, vaddr=0x4fc000[m
[m[37m[1733834993.315928 0:4 ruxhal::arch::aarch64::trap:102] [36missue=0x47, vaddr=0x4fd000, cause=WRITE[m
[m[37m[1733834993.316193 0:4 ruxos_posix_api::imp::mmap::trap:61] [36mPage Fault Happening, vaddr:0x4fd000, casue:WRITE, map_flags:MappingFlags(READ | WRITE | EXECUTE | USER)[m
[m[37m[1733834993.316615 0:4 ruxos_posix_api::imp::mmap::trap:113] [33mis copy-on-write: false, vaddr=0x4fd000[m
[m[37m[1733834993.316898 0:4 ruxhal::arch::aarch64::trap:102] [36missue=0x47, vaddr=0x4fe000, cause=WRITE[m
[m[37m[1733834993.317163 0:4 ruxos_posix_api::imp::mmap::trap:61] [36mPage Fault Happening, vaddr:0x4fe000, casue:WRITE, map_flags:MappingFlags(READ | WRITE | EXECUTE | USER)[m
[m[37m[1733834993.317586 0:4 ruxos_posix_api::imp::mmap::trap:113] [33mis copy-on-write: false, vaddr=0x4fe000[m
[m[37m[1733834993.317872 0:4 ruxhal::arch::aarch64::trap:102] [36missue=0x47, vaddr=0x4ff000, cause=WRITE[m
[m[37m[1733834993.318137 0:4 ruxos_posix_api::imp::mmap::trap:61] [36mPage Fault Happening, vaddr:0x4ff000, casue:WRITE, map_flags:MappingFlags(READ | WRITE | EXECUTE | USER)[m
[m[37m[1733834993.318560 0:4 ruxos_posix_api::imp::mmap::trap:113] [33mis copy-on-write: false, vaddr=0x4ff000[m
[m[37m[1733834993.318845 0:4 ruxhal::arch::aarch64::trap:102] [36missue=0x47, vaddr=0x500000, cause=WRITE[m
[m[37m[1733834993.319110 0:4 ruxos_posix_api::imp::mmap::trap:61] [36mPage Fault Happening, vaddr:0x500000, casue:WRITE, map_flags:MappingFlags(READ | WRITE | EXECUTE | USER)[m
[m[37m[1733834993.319534 0:4 ruxos_posix_api::imp::mmap::trap:113] [33mis copy-on-write: false, vaddr=0x500000[m
[m[37m[1733834993.319818 0:4 ruxhal::arch::aarch64::trap:102] [36missue=0x47, vaddr=0x501000, cause=WRITE[m
[m[37m[1733834993.320084 0:4 ruxos_posix_api::imp::mmap::trap:61] [36mPage Fault Happening, vaddr:0x501000, casue:WRITE, map_flags:MappingFlags(READ | WRITE | EXECUTE | USER)[m
[m[37m[1733834993.320509 0:4 ruxos_posix_api::imp::mmap::trap:113] [33mis copy-on-write: false, vaddr=0x501000[m
[m[37m[1733834993.320791 0:4 ruxhal::arch::aarch64::trap:102] [36missue=0x47, vaddr=0x502000, cause=WRITE[m
[m[37m[1733834993.321056 0:4 ruxos_posix_api::imp::mmap::trap:61] [36mPage Fault Happening, vaddr:0x502000, casue:WRITE, map_flags:MappingFlags(READ | WRITE | EXECUTE | USER)[m
[m[37m[1733834993.321480 0:4 ruxos_posix_api::imp::mmap::trap:113] [33mis copy-on-write: false, vaddr=0x502000[m
[m[37m[1733834993.321763 0:4 ruxhal::arch::aarch64::trap:102] [36missue=0x47, vaddr=0x503000, cause=WRITE[m
[m[37m[1733834993.322028 0:4 ruxos_posix_api::imp::mmap::trap:61] [36mPage Fault Happening, vaddr:0x503000, casue:WRITE, map_flags:MappingFlags(READ | WRITE | EXECUTE | USER)[m
[m[37m[1733834993.322455 0:4 ruxos_posix_api::imp::mmap::trap:113] [33mis copy-on-write: false, vaddr=0x503000[m
[m[37m[1733834993.322738 0:4 ruxhal::arch::aarch64::trap:102] [36missue=0x47, vaddr=0x504000, cause=WRITE[m
[m[37m[1733834993.323002 0:4 ruxos_posix_api::imp::mmap::trap:61] [36mPage Fault Happening, vaddr:0x504000, casue:WRITE, map_flags:MappingFlags(READ | WRITE | EXECUTE | USER)[m
[m[37m[1733834993.323434 0:4 ruxos_posix_api::imp::mmap::trap:113] [33mis copy-on-write: false, vaddr=0x504000[m
[m[37m[1733834993.323719 0:4 ruxhal::arch::aarch64::trap:102] [36missue=0x47, vaddr=0x505000, cause=WRITE[m
[m[37m[1733834993.323985 0:4 ruxos_posix_api::imp::mmap::trap:61] [36mPage Fault Happening, vaddr:0x505000, casue:WRITE, map_flags:MappingFlags(READ | WRITE | EXECUTE | USER)[m
[m[37m[1733834993.324409 0:4 ruxos_posix_api::imp::mmap::trap:113] [33mis copy-on-write: false, vaddr=0x505000[m
[m[37m[1733834993.324692 0:4 ruxhal::arch::aarch64::trap:102] [36missue=0x47, vaddr=0x506000, cause=WRITE[m
[m[37m[1733834993.324957 0:4 ruxos_posix_api::imp::mmap::trap:61] [36mPage Fault Happening, vaddr:0x506000, casue:WRITE, map_flags:MappingFlags(READ | WRITE | EXECUTE | USER)[m
[m[37m[1733834993.325382 0:4 ruxos_posix_api::imp::mmap::trap:113] [33mis copy-on-write: false, vaddr=0x506000[m
[m[37m[1733834993.325670 0:4 ruxhal::arch::aarch64::trap:102] [36missue=0x47, vaddr=0x507000, cause=WRITE[m
[m[37m[1733834993.325934 0:4 ruxos_posix_api::imp::mmap::trap:61] [36mPage Fault Happening, vaddr:0x507000, casue:WRITE, map_flags:MappingFlags(READ | WRITE | EXECUTE | USER)[m
[m[37m[1733834993.326357 0:4 ruxos_posix_api::imp::mmap::trap:113] [33mis copy-on-write: false, vaddr=0x507000[m
[m[37m[1733834993.326641 0:4 ruxhal::arch::aarch64::trap:102] [36missue=0x47, vaddr=0x508000, cause=WRITE[m
[m[37m[1733834993.326905 0:4 ruxos_posix_api::imp::mmap::trap:61] [36mPage Fault Happening, vaddr:0x508000, casue:WRITE, map_flags:MappingFlags(READ | WRITE | EXECUTE | USER)[m
[m[37m[1733834993.327335 0:4 ruxos_posix_api::imp::mmap::trap:113] [33mis copy-on-write: false, vaddr=0x508000[m
[m[37m[1733834993.327618 0:4 ruxhal::arch::aarch64::trap:102] [36missue=0x47, vaddr=0x509000, cause=WRITE[m
[m[37m[1733834993.327884 0:4 ruxos_posix_api::imp::mmap::trap:61] [36mPage Fault Happening, vaddr:0x509000, casue:WRITE, map_flags:MappingFlags(READ | WRITE | EXECUTE | USER)[m
[m[37m[1733834993.328311 0:4 ruxos_posix_api::imp::mmap::trap:113] [33mis copy-on-write: false, vaddr=0x509000[m
[m[37m[1733834993.328592 0:4 ruxhal::arch::aarch64::trap:102] [36missue=0x47, vaddr=0x50a000, cause=WRITE[m
[m[37m[1733834993.328858 0:4 ruxos_posix_api::imp::mmap::trap:61] [36mPage Fault Happening, vaddr:0x50a000, casue:WRITE, map_flags:MappingFlags(READ | WRITE | EXECUTE | USER)[m
[m[37m[1733834993.329286 0:4 ruxos_posix_api::imp::mmap::trap:113] [33mis copy-on-write: false, vaddr=0x50a000[m
[m[37m[1733834993.329569 0:4 ruxhal::arch::aarch64::trap:102] [36missue=0x47, vaddr=0x50b000, cause=WRITE[m
[m[37m[1733834993.329834 0:4 ruxos_posix_api::imp::mmap::trap:61] [36mPage Fault Happening, vaddr:0x50b000, casue:WRITE, map_flags:MappingFlags(READ | WRITE | EXECUTE | USER)[m
[m[37m[1733834993.330258 0:4 ruxos_posix_api::imp::mmap::trap:113] [33mis copy-on-write: false, vaddr=0x50b000[m
[m[37m[1733834993.330540 0:4 ruxhal::arch::aarch64::trap:102] [36missue=0x47, vaddr=0x50c000, cause=WRITE[m
[m[37m[1733834993.330805 0:4 ruxos_posix_api::imp::mmap::trap:61] [36mPage Fault Happening, vaddr:0x50c000, casue:WRITE, map_flags:MappingFlags(READ | WRITE | EXECUTE | USER)[m
[m[37m[1733834993.331228 0:4 ruxos_posix_api::imp::mmap::trap:113] [33mis copy-on-write: false, vaddr=0x50c000[m
[m[37m[1733834993.331511 0:4 ruxhal::arch::aarch64::trap:102] [36missue=0x47, vaddr=0x50d000, cause=WRITE[m
[m[37m[1733834993.331776 0:4 ruxos_posix_api::imp::mmap::trap:61] [36mPage Fault Happening, vaddr:0x50d000, casue:WRITE, map_flags:MappingFlags(READ | WRITE | EXECUTE | USER)[m
[m[37m[1733834993.332202 0:4 ruxos_posix_api::imp::mmap::trap:113] [33mis copy-on-write: false, vaddr=0x50d000[m
[m[37m[1733834993.332484 0:4 ruxhal::arch::aarch64::trap:102] [36missue=0x47, vaddr=0x50e000, cause=WRITE[m
[m[37m[1733834993.332748 0:4 ruxos_posix_api::imp::mmap::trap:61] [36mPage Fault Happening, vaddr:0x50e000, casue:WRITE, map_flags:MappingFlags(READ | WRITE | EXECUTE | USER)[m
[m[37m[1733834993.333173 0:4 ruxos_posix_api::imp::mmap::trap:113] [33mis copy-on-write: false, vaddr=0x50e000[m
[m[37m[1733834993.333456 0:4 ruxhal::arch::aarch64::trap:102] [36missue=0x47, vaddr=0x50f000, cause=WRITE[m
[m[37m[1733834993.333720 0:4 ruxos_posix_api::imp::mmap::trap:61] [36mPage Fault Happening, vaddr:0x50f000, casue:WRITE, map_flags:MappingFlags(READ | WRITE | EXECUTE | USER)[m
[m[37m[1733834993.334143 0:4 ruxos_posix_api::imp::mmap::trap:113] [33mis copy-on-write: false, vaddr=0x50f000[m
[m[37m[1733834993.334425 0:4 ruxhal::arch::aarch64::trap:102] [36missue=0x47, vaddr=0x510000, cause=WRITE[m
[m[37m[1733834993.334690 0:4 ruxos_posix_api::imp::mmap::trap:61] [36mPage Fault Happening, vaddr:0x510000, casue:WRITE, map_flags:MappingFlags(READ | WRITE | EXECUTE | USER)[m
[m[37m[1733834993.335114 0:4 ruxos_posix_api::imp::mmap::trap:113] [33mis copy-on-write: false, vaddr=0x510000[m
[m[37m[1733834993.335397 0:4 ruxhal::arch::aarch64::trap:102] [36missue=0x47, vaddr=0x511000, cause=WRITE[m
[m[37m[1733834993.335664 0:4 ruxos_posix_api::imp::mmap::trap:61] [36mPage Fault Happening, vaddr:0x511000, casue:WRITE, map_flags:MappingFlags(READ | WRITE | EXECUTE | USER)[m
[m[37m[1733834993.336087 0:4 ruxos_posix_api::imp::mmap::trap:113] [33mis copy-on-write: false, vaddr=0x511000[m
[m[37m[1733834993.336370 0:4 ruxhal::arch::aarch64::trap:102] [36missue=0x47, vaddr=0x512000, cause=WRITE[m
[m[37m[1733834993.336634 0:4 ruxos_posix_api::imp::mmap::trap:61] [36mPage Fault Happening, vaddr:0x512000, casue:WRITE, map_flags:MappingFlags(READ | WRITE | EXECUTE | USER)[m
[m[37m[1733834993.337056 0:4 ruxos_posix_api::imp::mmap::trap:113] [33mis copy-on-write: false, vaddr=0x512000[m
[m[37m[1733834993.337340 0:4 ruxhal::arch::aarch64::trap:102] [36missue=0x47, vaddr=0x513000, cause=WRITE[m
[m[37m[1733834993.337605 0:4 ruxos_posix_api::imp::mmap::trap:61] [36mPage Fault Happening, vaddr:0x513000, casue:WRITE, map_flags:MappingFlags(READ | WRITE | EXECUTE | USER)[m
[m[37m[1733834993.338029 0:4 ruxos_posix_api::imp::mmap::trap:113] [33mis copy-on-write: false, vaddr=0x513000[m
[m[37m[1733834993.338311 0:4 ruxhal::arch::aarch64::trap:102] [36missue=0x47, vaddr=0x514000, cause=WRITE[m
[m[37m[1733834993.338576 0:4 ruxos_posix_api::imp::mmap::trap:61] [36mPage Fault Happening, vaddr:0x514000, casue:WRITE, map_flags:MappingFlags(READ | WRITE | EXECUTE | USER)[m
[m[37m[1733834993.339002 0:4 ruxos_posix_api::imp::mmap::trap:113] [33mis copy-on-write: false, vaddr=0x514000[m
[m[37m[1733834993.339284 0:4 ruxhal::arch::aarch64::trap:102] [36missue=0x47, vaddr=0x515000, cause=WRITE[m
[m[37m[1733834993.339547 0:4 ruxos_posix_api::imp::mmap::trap:61] [36mPage Fault Happening, vaddr:0x515000, casue:WRITE, map_flags:MappingFlags(READ | WRITE | EXECUTE | USER)[m
[m[37m[1733834993.339971 0:4 ruxos_posix_api::imp::mmap::trap:113] [33mis copy-on-write: false, vaddr=0x515000[m
[m[37m[1733834993.340255 0:4 ruxhal::arch::aarch64::trap:102] [36missue=0x47, vaddr=0x516000, cause=WRITE[m
[m[37m[1733834993.340519 0:4 ruxos_posix_api::imp::mmap::trap:61] [36mPage Fault Happening, vaddr:0x516000, casue:WRITE, map_flags:MappingFlags(READ | WRITE | EXECUTE | USER)[m
[m[37m[1733834993.340944 0:4 ruxos_posix_api::imp::mmap::trap:113] [33mis copy-on-write: false, vaddr=0x516000[m
[m[37m[1733834993.341226 0:4 ruxhal::arch::aarch64::trap:102] [36missue=0x47, vaddr=0x517000, cause=WRITE[m
[m[37m[1733834993.341491 0:4 ruxos_posix_api::imp::mmap::trap:61] [36mPage Fault Happening, vaddr:0x517000, casue:WRITE, map_flags:MappingFlags(READ | WRITE | EXECUTE | USER)[m
[m[37m[1733834993.341915 0:4 ruxos_posix_api::imp::mmap::trap:113] [33mis copy-on-write: false, vaddr=0x517000[m
[m[37m[1733834993.342199 0:4 ruxhal::arch::aarch64::trap:102] [36missue=0x47, vaddr=0x518000, cause=WRITE[m
[m[37m[1733834993.342463 0:4 ruxos_posix_api::imp::mmap::trap:61] [36mPage Fault Happening, vaddr:0x518000, casue:WRITE, map_flags:MappingFlags(READ | WRITE | EXECUTE | USER)[m
[m[37m[1733834993.342889 0:4 ruxos_posix_api::imp::mmap::trap:113] [33mis copy-on-write: false, vaddr=0x518000[m
[m[37m[1733834993.343171 0:4 ruxhal::arch::aarch64::trap:102] [36missue=0x47, vaddr=0x519000, cause=WRITE[m
[m[37m[1733834993.343435 0:4 ruxos_posix_api::imp::mmap::trap:61] [36mPage Fault Happening, vaddr:0x519000, casue:WRITE, map_flags:MappingFlags(READ | WRITE | EXECUTE | USER)[m
[m[37m[1733834993.343867 0:4 ruxos_posix_api::imp::mmap::trap:113] [33mis copy-on-write: false, vaddr=0x519000[m
[m[37m[1733834993.344152 0:4 ruxhal::arch::aarch64::trap:102] [36missue=0x47, vaddr=0x51a000, cause=WRITE[m
[m[37m[1733834993.344418 0:4 ruxos_posix_api::imp::mmap::trap:61] [36mPage Fault Happening, vaddr:0x51a000, casue:WRITE, map_flags:MappingFlags(READ | WRITE | EXECUTE | USER)[m
[m[37m[1733834993.344845 0:4 ruxos_posix_api::imp::mmap::trap:113] [33mis copy-on-write: false, vaddr=0x51a000[m
[m[37m[1733834993.345130 0:4 ruxhal::arch::aarch64::trap:102] [36missue=0x47, vaddr=0x51b000, cause=WRITE[m
[m[37m[1733834993.345397 0:4 ruxos_posix_api::imp::mmap::trap:61] [36mPage Fault Happening, vaddr:0x51b000, casue:WRITE, map_flags:MappingFlags(READ | WRITE | EXECUTE | USER)[m
[m[37m[1733834993.345823 0:4 ruxos_posix_api::imp::mmap::trap:113] [33mis copy-on-write: false, vaddr=0x51b000[m
[m[37m[1733834993.346105 0:4 ruxhal::arch::aarch64::trap:102] [36missue=0x47, vaddr=0x51c000, cause=WRITE[m
[m[37m[1733834993.346369 0:4 ruxos_posix_api::imp::mmap::trap:61] [36mPage Fault Happening, vaddr:0x51c000, casue:WRITE, map_flags:MappingFlags(READ | WRITE | EXECUTE | USER)[m
[m[37m[1733834993.346793 0:4 ruxos_posix_api::imp::mmap::trap:113] [33mis copy-on-write: false, vaddr=0x51c000[m
[m[37m[1733834993.347076 0:4 ruxhal::arch::aarch64::trap:102] [36missue=0x47, vaddr=0x51d000, cause=WRITE[m
[m[37m[1733834993.347339 0:4 ruxos_posix_api::imp::mmap::trap:61] [36mPage Fault Happening, vaddr:0x51d000, casue:WRITE, map_flags:MappingFlags(READ | WRITE | EXECUTE | USER)[m
[m[37m[1733834993.347763 0:4 ruxos_posix_api::imp::mmap::trap:113] [33mis copy-on-write: false, vaddr=0x51d000[m
[m[37m[1733834993.348046 0:4 ruxhal::arch::aarch64::trap:102] [36missue=0x47, vaddr=0x51e000, cause=WRITE[m
[m[37m[1733834993.348310 0:4 ruxos_posix_api::imp::mmap::trap:61] [36mPage Fault Happening, vaddr:0x51e000, casue:WRITE, map_flags:MappingFlags(READ | WRITE | EXECUTE | USER)[m
[m[37m[1733834993.348734 0:4 ruxos_posix_api::imp::mmap::trap:113] [33mis copy-on-write: false, vaddr=0x51e000[m
[m[37m[1733834993.349020 0:4 ruxhal::arch::aarch64::trap:102] [36missue=0x47, vaddr=0x51f000, cause=WRITE[m
[m[37m[1733834993.349284 0:4 ruxos_posix_api::imp::mmap::trap:61] [36mPage Fault Happening, vaddr:0x51f000, casue:WRITE, map_flags:MappingFlags(READ | WRITE | EXECUTE | USER)[m
[m[37m[1733834993.349708 0:4 ruxos_posix_api::imp::mmap::trap:113] [33mis copy-on-write: false, vaddr=0x51f000[m
[m[37m[1733834993.349990 0:4 ruxhal::arch::aarch64::trap:102] [36missue=0x47, vaddr=0x520000, cause=WRITE[m
[m[37m[1733834993.350254 0:4 ruxos_posix_api::imp::mmap::trap:61] [36mPage Fault Happening, vaddr:0x520000, casue:WRITE, map_flags:MappingFlags(READ | WRITE | EXECUTE | USER)[m
[m[37m[1733834993.350678 0:4 ruxos_posix_api::imp::mmap::trap:113] [33mis copy-on-write: false, vaddr=0x520000[m
[m[37m[1733834993.350959 0:4 ruxhal::arch::aarch64::trap:102] [36missue=0x47, vaddr=0x521000, cause=WRITE[m
[m[37m[1733834993.351225 0:4 ruxos_posix_api::imp::mmap::trap:61] [36mPage Fault Happening, vaddr:0x521000, casue:WRITE, map_flags:MappingFlags(READ | WRITE | EXECUTE | USER)[m
[m[37m[1733834993.351647 0:4 ruxos_posix_api::imp::mmap::trap:113] [33mis copy-on-write: false, vaddr=0x521000[m
[m[37m[1733834993.351929 0:4 ruxhal::arch::aarch64::trap:102] [36missue=0x47, vaddr=0x522000, cause=WRITE[m
[m[37m[1733834993.352195 0:4 ruxos_posix_api::imp::mmap::trap:61] [36mPage Fault Happening, vaddr:0x522000, casue:WRITE, map_flags:MappingFlags(READ | WRITE | EXECUTE | USER)[m
[m[37m[1733834993.352621 0:4 ruxos_posix_api::imp::mmap::trap:113] [33mis copy-on-write: false, vaddr=0x522000[m
[m[37m[1733834993.352902 0:4 ruxhal::arch::aarch64::trap:102] [36missue=0x47, vaddr=0x523000, cause=WRITE[m
[m[37m[1733834993.353167 0:4 ruxos_posix_api::imp::mmap::trap:61] [36mPage Fault Happening, vaddr:0x523000, casue:WRITE, map_flags:MappingFlags(READ | WRITE | EXECUTE | USER)[m
[m[37m[1733834993.353591 0:4 ruxos_posix_api::imp::mmap::trap:113] [33mis copy-on-write: false, vaddr=0x523000[m
[m[37m[1733834993.353873 0:4 ruxhal::arch::aarch64::trap:102] [36missue=0x47, vaddr=0x524000, cause=WRITE[m
[m[37m[1733834993.354137 0:4 ruxos_posix_api::imp::mmap::trap:61] [36mPage Fault Happening, vaddr:0x524000, casue:WRITE, map_flags:MappingFlags(READ | WRITE | EXECUTE | USER)[m
[m[37m[1733834993.354561 0:4 ruxos_posix_api::imp::mmap::trap:113] [33mis copy-on-write: false, vaddr=0x524000[m
[m[37m[1733834993.354844 0:4 ruxhal::arch::aarch64::trap:102] [36missue=0x47, vaddr=0x525000, cause=WRITE[m
[m[37m[1733834993.355108 0:4 ruxos_posix_api::imp::mmap::trap:61] [36mPage Fault Happening, vaddr:0x525000, casue:WRITE, map_flags:MappingFlags(READ | WRITE | EXECUTE | USER)[m
[m[37m[1733834993.355534 0:4 ruxos_posix_api::imp::mmap::trap:113] [33mis copy-on-write: false, vaddr=0x525000[m
[m[37m[1733834993.355816 0:4 ruxhal::arch::aarch64::trap:102] [36missue=0x47, vaddr=0x526000, cause=WRITE[m
[m[37m[1733834993.356080 0:4 ruxos_posix_api::imp::mmap::trap:61] [36mPage Fault Happening, vaddr:0x526000, casue:WRITE, map_flags:MappingFlags(READ | WRITE | EXECUTE | USER)[m
[m[37m[1733834993.356503 0:4 ruxos_posix_api::imp::mmap::trap:113] [33mis copy-on-write: false, vaddr=0x526000[m
[m[37m[1733834993.356786 0:4 ruxhal::arch::aarch64::trap:102] [36missue=0x47, vaddr=0x527000, cause=WRITE[m
[m[37m[1733834993.357049 0:4 ruxos_posix_api::imp::mmap::trap:61] [36mPage Fault Happening, vaddr:0x527000, casue:WRITE, map_flags:MappingFlags(READ | WRITE | EXECUTE | USER)[m
[m[37m[1733834993.357474 0:4 ruxos_posix_api::imp::mmap::trap:113] [33mis copy-on-write: false, vaddr=0x527000[m
[m[37m[1733834993.357757 0:4 ruxhal::arch::aarch64::trap:102] [36missue=0x47, vaddr=0x528000, cause=WRITE[m
[m[37m[1733834993.358022 0:4 ruxos_posix_api::imp::mmap::trap:61] [36mPage Fault Happening, vaddr:0x528000, casue:WRITE, map_flags:MappingFlags(READ | WRITE | EXECUTE | USER)[m
[m[37m[1733834993.358446 0:4 ruxos_posix_api::imp::mmap::trap:113] [33mis copy-on-write: false, vaddr=0x528000[m
[m[37m[1733834993.358728 0:4 ruxhal::arch::aarch64::trap:102] [36missue=0x47, vaddr=0x529000, cause=WRITE[m
[m[37m[1733834993.358997 0:4 ruxos_posix_api::imp::mmap::trap:61] [36mPage Fault Happening, vaddr:0x529000, casue:WRITE, map_flags:MappingFlags(READ | WRITE | EXECUTE | USER)[m
[m[37m[1733834993.359420 0:4 ruxos_posix_api::imp::mmap::trap:113] [33mis copy-on-write: false, vaddr=0x529000[m
[m[37m[1733834993.359702 0:4 ruxhal::arch::aarch64::trap:102] [36missue=0x47, vaddr=0x52a000, cause=WRITE[m
[m[37m[1733834993.359966 0:4 ruxos_posix_api::imp::mmap::trap:61] [36mPage Fault Happening, vaddr:0x52a000, casue:WRITE, map_flags:MappingFlags(READ | WRITE | EXECUTE | USER)[m
[m[37m[1733834993.360390 0:4 ruxos_posix_api::imp::mmap::trap:113] [33mis copy-on-write: false, vaddr=0x52a000[m
[m[37m[1733834993.360674 0:4 ruxhal::arch::aarch64::trap:102] [36missue=0x47, vaddr=0x52b000, cause=WRITE[m
[m[37m[1733834993.360939 0:4 ruxos_posix_api::imp::mmap::trap:61] [36mPage Fault Happening, vaddr:0x52b000, casue:WRITE, map_flags:MappingFlags(READ | WRITE | EXECUTE | USER)[m
[m[37m[1733834993.361364 0:4 ruxos_posix_api::imp::mmap::trap:113] [33mis copy-on-write: false, vaddr=0x52b000[m
[m[37m[1733834993.361647 0:4 ruxhal::arch::aarch64::trap:102] [36missue=0x47, vaddr=0x52c000, cause=WRITE[m
[m[37m[1733834993.361913 0:4 ruxos_posix_api::imp::mmap::trap:61] [36mPage Fault Happening, vaddr:0x52c000, casue:WRITE, map_flags:MappingFlags(READ | WRITE | EXECUTE | USER)[m
[m[37m[1733834993.362343 0:4 ruxos_posix_api::imp::mmap::trap:113] [33mis copy-on-write: false, vaddr=0x52c000[m
[m[37m[1733834993.362626 0:4 ruxhal::arch::aarch64::trap:102] [36missue=0x47, vaddr=0x52d000, cause=WRITE[m
[m[37m[1733834993.362890 0:4 ruxos_posix_api::imp::mmap::trap:61] [36mPage Fault Happening, vaddr:0x52d000, casue:WRITE, map_flags:MappingFlags(READ | WRITE | EXECUTE | USER)[m
[m[37m[1733834993.363314 0:4 ruxos_posix_api::imp::mmap::trap:113] [33mis copy-on-write: false, vaddr=0x52d000[m
[m[37m[1733834993.363597 0:4 ruxhal::arch::aarch64::trap:102] [36missue=0x47, vaddr=0x52e000, cause=WRITE[m
[m[37m[1733834993.363862 0:4 ruxos_posix_api::imp::mmap::trap:61] [36mPage Fault Happening, vaddr:0x52e000, casue:WRITE, map_flags:MappingFlags(READ | WRITE | EXECUTE | USER)[m
[m[37m[1733834993.364286 0:4 ruxos_posix_api::imp::mmap::trap:113] [33mis copy-on-write: false, vaddr=0x52e000[m
[m[37m[1733834993.364568 0:4 ruxhal::arch::aarch64::trap:102] [36missue=0x47, vaddr=0x52f000, cause=WRITE[m
[m[37m[1733834993.364832 0:4 ruxos_posix_api::imp::mmap::trap:61] [36mPage Fault Happening, vaddr:0x52f000, casue:WRITE, map_flags:MappingFlags(READ | WRITE | EXECUTE | USER)[m
[m[37m[1733834993.365257 0:4 ruxos_posix_api::imp::mmap::trap:113] [33mis copy-on-write: false, vaddr=0x52f000[m
[m[37m[1733834993.365545 0:4 ruxhal::arch::aarch64::trap:102] [36missue=0x47, vaddr=0x530000, cause=WRITE[m
[m[37m[1733834993.365810 0:4 ruxos_posix_api::imp::mmap::trap:61] [36mPage Fault Happening, vaddr:0x530000, casue:WRITE, map_flags:MappingFlags(READ | WRITE | EXECUTE | USER)[m
[m[37m[1733834993.366234 0:4 ruxos_posix_api::imp::mmap::trap:113] [33mis copy-on-write: false, vaddr=0x530000[m
[m[37m[1733834993.366516 0:4 ruxhal::arch::aarch64::trap:102] [36missue=0x47, vaddr=0x531000, cause=WRITE[m
[m[37m[1733834993.366781 0:4 ruxos_posix_api::imp::mmap::trap:61] [36mPage Fault Happening, vaddr:0x531000, casue:WRITE, map_flags:MappingFlags(READ | WRITE | EXECUTE | USER)[m
[m[37m[1733834993.367204 0:4 ruxos_posix_api::imp::mmap::trap:113] [33mis copy-on-write: false, vaddr=0x531000[m
[m[37m[1733834993.367486 0:4 ruxhal::arch::aarch64::trap:102] [36missue=0x47, vaddr=0x532000, cause=WRITE[m
[m[37m[1733834993.367749 0:4 ruxos_posix_api::imp::mmap::trap:61] [36mPage Fault Happening, vaddr:0x532000, casue:WRITE, map_flags:MappingFlags(READ | WRITE | EXECUTE | USER)[m
[m[37m[1733834993.368172 0:4 ruxos_posix_api::imp::mmap::trap:113] [33mis copy-on-write: false, vaddr=0x532000[m
[m[37m[1733834993.368455 0:4 ruxhal::arch::aarch64::trap:102] [36missue=0x47, vaddr=0x533000, cause=WRITE[m
[m[37m[1733834993.368720 0:4 ruxos_posix_api::imp::mmap::trap:61] [36mPage Fault Happening, vaddr:0x533000, casue:WRITE, map_flags:MappingFlags(READ | WRITE | EXECUTE | USER)[m
[m[37m[1733834993.369146 0:4 ruxos_posix_api::imp::mmap::trap:113] [33mis copy-on-write: false, vaddr=0x533000[m
[m[37m[1733834993.369429 0:4 ruxhal::arch::aarch64::trap:102] [36missue=0x47, vaddr=0x534000, cause=WRITE[m
[m[37m[1733834993.369694 0:4 ruxos_posix_api::imp::mmap::trap:61] [36mPage Fault Happening, vaddr:0x534000, casue:WRITE, map_flags:MappingFlags(READ | WRITE | EXECUTE | USER)[m
[m[37m[1733834993.370118 0:4 ruxos_posix_api::imp::mmap::trap:113] [33mis copy-on-write: false, vaddr=0x534000[m
[m[37m[1733834993.370401 0:4 ruxhal::arch::aarch64::trap:102] [36missue=0x47, vaddr=0x535000, cause=WRITE[m
[m[37m[1733834993.370665 0:4 ruxos_posix_api::imp::mmap::trap:61] [36mPage Fault Happening, vaddr:0x535000, casue:WRITE, map_flags:MappingFlags(READ | WRITE | EXECUTE | USER)[m
[m[37m[1733834993.371089 0:4 ruxos_posix_api::imp::mmap::trap:113] [33mis copy-on-write: false, vaddr=0x535000[m
[m[37m[1733834993.371372 0:4 ruxhal::arch::aarch64::trap:102] [36missue=0x47, vaddr=0x536000, cause=WRITE[m
[m[37m[1733834993.371636 0:4 ruxos_posix_api::imp::mmap::trap:61] [36mPage Fault Happening, vaddr:0x536000, casue:WRITE, map_flags:MappingFlags(READ | WRITE | EXECUTE | USER)[m
[m[37m[1733834993.372062 0:4 ruxos_posix_api::imp::mmap::trap:113] [33mis copy-on-write: false, vaddr=0x536000[m
[m[37m[1733834993.372348 0:4 ruxhal::arch::aarch64::trap:102] [36missue=0x47, vaddr=0x537000, cause=WRITE[m
[m[37m[1733834993.372613 0:4 ruxos_posix_api::imp::mmap::trap:61] [36mPage Fault Happening, vaddr:0x537000, casue:WRITE, map_flags:MappingFlags(READ | WRITE | EXECUTE | USER)[m
[m[37m[1733834993.373036 0:4 ruxos_posix_api::imp::mmap::trap:113] [33mis copy-on-write: false, vaddr=0x537000[m
[m[37m[1733834993.373317 0:4 ruxhal::arch::aarch64::trap:102] [36missue=0x47, vaddr=0x538000, cause=WRITE[m
[m[37m[1733834993.373582 0:4 ruxos_posix_api::imp::mmap::trap:61] [36mPage Fault Happening, vaddr:0x538000, casue:WRITE, map_flags:MappingFlags(READ | WRITE | EXECUTE | USER)[m
[m[37m[1733834993.374005 0:4 ruxos_posix_api::imp::mmap::trap:113] [33mis copy-on-write: false, vaddr=0x538000[m
[m[37m[1733834993.374287 0:4 ruxhal::arch::aarch64::trap:102] [36missue=0x47, vaddr=0x539000, cause=WRITE[m
[m[37m[1733834993.374551 0:4 ruxos_posix_api::imp::mmap::trap:61] [36mPage Fault Happening, vaddr:0x539000, casue:WRITE, map_flags:MappingFlags(READ | WRITE | EXECUTE | USER)[m
[m[37m[1733834993.374975 0:4 ruxos_posix_api::imp::mmap::trap:113] [33mis copy-on-write: false, vaddr=0x539000[m
[m[37m[1733834993.375257 0:4 ruxhal::arch::aarch64::trap:102] [36missue=0x47, vaddr=0x53a000, cause=WRITE[m
[m[37m[1733834993.375525 0:4 ruxos_posix_api::imp::mmap::trap:61] [36mPage Fault Happening, vaddr:0x53a000, casue:WRITE, map_flags:MappingFlags(READ | WRITE | EXECUTE | USER)[m
[m[37m[1733834993.375950 0:4 ruxos_posix_api::imp::mmap::trap:113] [33mis copy-on-write: false, vaddr=0x53a000[m
[m[37m[1733834993.376233 0:4 ruxhal::arch::aarch64::trap:102] [36missue=0x47, vaddr=0x53b000, cause=WRITE[m
[m[37m[1733834993.376496 0:4 ruxos_posix_api::imp::mmap::trap:61] [36mPage Fault Happening, vaddr:0x53b000, casue:WRITE, map_flags:MappingFlags(READ | WRITE | EXECUTE | USER)[m
[m[37m[1733834993.376920 0:4 ruxos_posix_api::imp::mmap::trap:113] [33mis copy-on-write: false, vaddr=0x53b000[m
[m[37m[1733834993.377202 0:4 ruxhal::arch::aarch64::trap:102] [36missue=0x47, vaddr=0x53c000, cause=WRITE[m
[m[37m[1733834993.377473 0:4 ruxos_posix_api::imp::mmap::trap:61] [36mPage Fault Happening, vaddr:0x53c000, casue:WRITE, map_flags:MappingFlags(READ | WRITE | EXECUTE | USER)[m
[m[37m[1733834993.377897 0:4 ruxos_posix_api::imp::mmap::trap:113] [33mis copy-on-write: false, vaddr=0x53c000[m
[m[37m[1733834993.378182 0:4 ruxhal::arch::aarch64::trap:102] [36missue=0x47, vaddr=0x53d000, cause=WRITE[m
[m[37m[1733834993.378447 0:4 ruxos_posix_api::imp::mmap::trap:61] [36mPage Fault Happening, vaddr:0x53d000, casue:WRITE, map_flags:MappingFlags(READ | WRITE | EXECUTE | USER)[m
[m[37m[1733834993.378874 0:4 ruxos_posix_api::imp::mmap::trap:113] [33mis copy-on-write: false, vaddr=0x53d000[m
[m[37m[1733834993.379158 0:4 ruxhal::arch::aarch64::trap:102] [36missue=0x47, vaddr=0x53e000, cause=WRITE[m
[m[37m[1733834993.379422 0:4 ruxos_posix_api::imp::mmap::trap:61] [36mPage Fault Happening, vaddr:0x53e000, casue:WRITE, map_flags:MappingFlags(READ | WRITE | EXECUTE | USER)[m
[m[37m[1733834993.379848 0:4 ruxos_posix_api::imp::mmap::trap:113] [33mis copy-on-write: false, vaddr=0x53e000[m
[m[37m[1733834993.380130 0:4 ruxhal::arch::aarch64::trap:102] [36missue=0x47, vaddr=0x53f000, cause=WRITE[m
[m[37m[1733834993.380394 0:4 ruxos_posix_api::imp::mmap::trap:61] [36mPage Fault Happening, vaddr:0x53f000, casue:WRITE, map_flags:MappingFlags(READ | WRITE | EXECUTE | USER)[m
[m[37m[1733834993.380817 0:4 ruxos_posix_api::imp::mmap::trap:113] [33mis copy-on-write: false, vaddr=0x53f000[m
[m[37m[1733834993.381100 0:4 ruxhal::arch::aarch64::trap:102] [36missue=0x47, vaddr=0x540000, cause=WRITE[m
[m[37m[1733834993.381368 0:4 ruxos_posix_api::imp::mmap::trap:61] [36mPage Fault Happening, vaddr:0x540000, casue:WRITE, map_flags:MappingFlags(READ | WRITE | EXECUTE | USER)[m
[m[37m[1733834993.381792 0:4 ruxos_posix_api::imp::mmap::trap:113] [33mis copy-on-write: false, vaddr=0x540000[m
[m[37m[1733834993.382076 0:4 ruxhal::arch::aarch64::trap:102] [36missue=0x47, vaddr=0x541000, cause=WRITE[m
[m[37m[1733834993.382365 0:4 ruxos_posix_api::imp::mmap::trap:61] [36mPage Fault Happening, vaddr:0x541000, casue:WRITE, map_flags:MappingFlags(READ | WRITE | EXECUTE | USER)[m
[m[37m[1733834993.382788 0:4 ruxos_posix_api::imp::mmap::trap:113] [33mis copy-on-write: false, vaddr=0x541000[m
[m[37m[1733834993.383071 0:4 ruxhal::arch::aarch64::trap:102] [36missue=0x47, vaddr=0x542000, cause=WRITE[m
[m[37m[1733834993.383336 0:4 ruxos_posix_api::imp::mmap::trap:61] [36mPage Fault Happening, vaddr:0x542000, casue:WRITE, map_flags:MappingFlags(READ | WRITE | EXECUTE | USER)[m
[m[37m[1733834993.383759 0:4 ruxos_posix_api::imp::mmap::trap:113] [33mis copy-on-write: false, vaddr=0x542000[m
[m[37m[1733834993.384041 0:4 ruxhal::arch::aarch64::trap:102] [36missue=0x47, vaddr=0x543000, cause=WRITE[m
[m[37m[1733834993.384306 0:4 ruxos_posix_api::imp::mmap::trap:61] [36mPage Fault Happening, vaddr:0x543000, casue:WRITE, map_flags:MappingFlags(READ | WRITE | EXECUTE | USER)[m
[m[37m[1733834993.384729 0:4 ruxos_posix_api::imp::mmap::trap:113] [33mis copy-on-write: false, vaddr=0x543000[m
[m[37m[1733834993.385011 0:4 ruxhal::arch::aarch64::trap:102] [36missue=0x47, vaddr=0x544000, cause=WRITE[m
[m[37m[1733834993.385275 0:4 ruxos_posix_api::imp::mmap::trap:61] [36mPage Fault Happening, vaddr:0x544000, casue:WRITE, map_flags:MappingFlags(READ | WRITE | EXECUTE | USER)[m
[m[37m[1733834993.385703 0:4 ruxos_posix_api::imp::mmap::trap:113] [33mis copy-on-write: false, vaddr=0x544000[m
[m[37m[1733834993.385985 0:4 ruxhal::arch::aarch64::trap:102] [36missue=0x47, vaddr=0x545000, cause=WRITE[m
[m[37m[1733834993.386250 0:4 ruxos_posix_api::imp::mmap::trap:61] [36mPage Fault Happening, vaddr:0x545000, casue:WRITE, map_flags:MappingFlags(READ | WRITE | EXECUTE | USER)[m
[m[37m[1733834993.386675 0:4 ruxos_posix_api::imp::mmap::trap:113] [33mis copy-on-write: false, vaddr=0x545000[m
[m[37m[1733834993.386957 0:4 ruxhal::arch::aarch64::trap:102] [36missue=0x47, vaddr=0x546000, cause=WRITE[m
[m[37m[1733834993.387221 0:4 ruxos_posix_api::imp::mmap::trap:61] [36mPage Fault Happening, vaddr:0x546000, casue:WRITE, map_flags:MappingFlags(READ | WRITE | EXECUTE | USER)[m
[m[37m[1733834993.387645 0:4 ruxos_posix_api::imp::mmap::trap:113] [33mis copy-on-write: false, vaddr=0x546000[m
[m[37m[1733834993.387927 0:4 ruxhal::arch::aarch64::trap:102] [36missue=0x47, vaddr=0x547000, cause=WRITE[m
[m[37m[1733834993.388192 0:4 ruxos_posix_api::imp::mmap::trap:61] [36mPage Fault Happening, vaddr:0x547000, casue:WRITE, map_flags:MappingFlags(READ | WRITE | EXECUTE | USER)[m
[m[37m[1733834993.388615 0:4 ruxos_posix_api::imp::mmap::trap:113] [33mis copy-on-write: false, vaddr=0x547000[m
[m[37m[1733834993.388899 0:4 ruxhal::arch::aarch64::trap:102] [36missue=0x47, vaddr=0x548000, cause=WRITE[m
[m[37m[1733834993.389163 0:4 ruxos_posix_api::imp::mmap::trap:61] [36mPage Fault Happening, vaddr:0x548000, casue:WRITE, map_flags:MappingFlags(READ | WRITE | EXECUTE | USER)[m
[m[37m[1733834993.389587 0:4 ruxos_posix_api::imp::mmap::trap:113] [33mis copy-on-write: false, vaddr=0x548000[m
[m[37m[1733834993.389870 0:4 ruxhal::arch::aarch64::trap:102] [36missue=0x47, vaddr=0x549000, cause=WRITE[m
[m[37m[1733834993.390133 0:4 ruxos_posix_api::imp::mmap::trap:61] [36mPage Fault Happening, vaddr:0x549000, casue:WRITE, map_flags:MappingFlags(READ | WRITE | EXECUTE | USER)[m
[m[37m[1733834993.390557 0:4 ruxos_posix_api::imp::mmap::trap:113] [33mis copy-on-write: false, vaddr=0x549000[m
[m[37m[1733834993.390840 0:4 ruxhal::arch::aarch64::trap:102] [36missue=0x47, vaddr=0x54a000, cause=WRITE[m
[m[37m[1733834993.391107 0:4 ruxos_posix_api::imp::mmap::trap:61] [36mPage Fault Happening, vaddr:0x54a000, casue:WRITE, map_flags:MappingFlags(READ | WRITE | EXECUTE | USER)[m
[m[37m[1733834993.391529 0:4 ruxos_posix_api::imp::mmap::trap:113] [33mis copy-on-write: false, vaddr=0x54a000[m
[m[37m[1733834993.391812 0:4 ruxhal::arch::aarch64::trap:102] [36missue=0x47, vaddr=0x54b000, cause=WRITE[m
[m[37m[1733834993.392076 0:4 ruxos_posix_api::imp::mmap::trap:61] [36mPage Fault Happening, vaddr:0x54b000, casue:WRITE, map_flags:MappingFlags(READ | WRITE | EXECUTE | USER)[m
[m[37m[1733834993.392500 0:4 ruxos_posix_api::imp::mmap::trap:113] [33mis copy-on-write: false, vaddr=0x54b000[m
[m[37m[1733834993.392784 0:4 ruxhal::arch::aarch64::trap:102] [36missue=0x47, vaddr=0x54c000, cause=WRITE[m
[m[37m[1733834993.393047 0:4 ruxos_posix_api::imp::mmap::trap:61] [36mPage Fault Happening, vaddr:0x54c000, casue:WRITE, map_flags:MappingFlags(READ | WRITE | EXECUTE | USER)[m
[m[37m[1733834993.393471 0:4 ruxos_posix_api::imp::mmap::trap:113] [33mis copy-on-write: false, vaddr=0x54c000[m
[m[37m[1733834993.393752 0:4 ruxhal::arch::aarch64::trap:102] [36missue=0x47, vaddr=0x54d000, cause=WRITE[m
[m[37m[1733834993.394016 0:4 ruxos_posix_api::imp::mmap::trap:61] [36mPage Fault Happening, vaddr:0x54d000, casue:WRITE, map_flags:MappingFlags(READ | WRITE | EXECUTE | USER)[m
[m[37m[1733834993.394441 0:4 ruxos_posix_api::imp::mmap::trap:113] [33mis copy-on-write: false, vaddr=0x54d000[m
[m[37m[1733834993.394723 0:4 ruxhal::arch::aarch64::trap:102] [36missue=0x47, vaddr=0x54e000, cause=WRITE[m
[m[37m[1733834993.394988 0:4 ruxos_posix_api::imp::mmap::trap:61] [36mPage Fault Happening, vaddr:0x54e000, casue:WRITE, map_flags:MappingFlags(READ | WRITE | EXECUTE | USER)[m
[m[37m[1733834993.395410 0:4 ruxos_posix_api::imp::mmap::trap:113] [33mis copy-on-write: false, vaddr=0x54e000[m
[m[37m[1733834993.395696 0:4 ruxhal::arch::aarch64::trap:102] [36missue=0x47, vaddr=0x54f000, cause=WRITE[m
[m[37m[1733834993.395959 0:4 ruxos_posix_api::imp::mmap::trap:61] [36mPage Fault Happening, vaddr:0x54f000, casue:WRITE, map_flags:MappingFlags(READ | WRITE | EXECUTE | USER)[m
[m[37m[1733834993.396386 0:4 ruxos_posix_api::imp::mmap::trap:113] [33mis copy-on-write: false, vaddr=0x54f000[m
[m[37m[1733834993.396668 0:4 ruxhal::arch::aarch64::trap:102] [36missue=0x47, vaddr=0x550000, cause=WRITE[m
[m[37m[1733834993.396933 0:4 ruxos_posix_api::imp::mmap::trap:61] [36mPage Fault Happening, vaddr:0x550000, casue:WRITE, map_flags:MappingFlags(READ | WRITE | EXECUTE | USER)[m
[m[37m[1733834993.397357 0:4 ruxos_posix_api::imp::mmap::trap:113] [33mis copy-on-write: false, vaddr=0x550000[m
[m[37m[1733834993.397639 0:4 ruxhal::arch::aarch64::trap:102] [36missue=0x47, vaddr=0x551000, cause=WRITE[m
[m[37m[1733834993.397904 0:4 ruxos_posix_api::imp::mmap::trap:61] [36mPage Fault Happening, vaddr:0x551000, casue:WRITE, map_flags:MappingFlags(READ | WRITE | EXECUTE | USER)[m
[m[37m[1733834993.398329 0:4 ruxos_posix_api::imp::mmap::trap:113] [33mis copy-on-write: false, vaddr=0x551000[m
[m[37m[1733834993.398611 0:4 ruxhal::arch::aarch64::trap:102] [36missue=0x47, vaddr=0x552000, cause=WRITE[m
[m[37m[1733834993.398877 0:4 ruxos_posix_api::imp::mmap::trap:61] [36mPage Fault Happening, vaddr:0x552000, casue:WRITE, map_flags:MappingFlags(READ | WRITE | EXECUTE | USER)[m
[m[37m[1733834993.399302 0:4 ruxos_posix_api::imp::mmap::trap:113] [33mis copy-on-write: false, vaddr=0x552000[m
[m[37m[1733834993.399584 0:4 ruxhal::arch::aarch64::trap:102] [36missue=0x47, vaddr=0x553000, cause=WRITE[m
[m[37m[1733834993.399849 0:4 ruxos_posix_api::imp::mmap::trap:61] [36mPage Fault Happening, vaddr:0x553000, casue:WRITE, map_flags:MappingFlags(READ | WRITE | EXECUTE | USER)[m
[m[37m[1733834993.400274 0:4 ruxos_posix_api::imp::mmap::trap:113] [33mis copy-on-write: false, vaddr=0x553000[m
[m[37m[1733834993.400557 0:4 ruxhal::arch::aarch64::trap:102] [36missue=0x47, vaddr=0x554000, cause=WRITE[m
[m[37m[1733834993.400823 0:4 ruxos_posix_api::imp::mmap::trap:61] [36mPage Fault Happening, vaddr:0x554000, casue:WRITE, map_flags:MappingFlags(READ | WRITE | EXECUTE | USER)[m
[m[37m[1733834993.401248 0:4 ruxos_posix_api::imp::mmap::trap:113] [33mis copy-on-write: false, vaddr=0x554000[m
[m[37m[1733834993.401531 0:4 ruxhal::arch::aarch64::trap:102] [36missue=0x47, vaddr=0x555000, cause=WRITE[m
[m[37m[1733834993.401794 0:4 ruxos_posix_api::imp::mmap::trap:61] [36mPage Fault Happening, vaddr:0x555000, casue:WRITE, map_flags:MappingFlags(READ | WRITE | EXECUTE | USER)[m
[m[37m[1733834993.402221 0:4 ruxos_posix_api::imp::mmap::trap:113] [33mis copy-on-write: false, vaddr=0x555000[m
[m[37m[1733834993.402502 0:4 ruxhal::arch::aarch64::trap:102] [36missue=0x47, vaddr=0x556000, cause=WRITE[m
[m[37m[1733834993.402767 0:4 ruxos_posix_api::imp::mmap::trap:61] [36mPage Fault Happening, vaddr:0x556000, casue:WRITE, map_flags:MappingFlags(READ | WRITE | EXECUTE | USER)[m
[m[37m[1733834993.403192 0:4 ruxos_posix_api::imp::mmap::trap:113] [33mis copy-on-write: false, vaddr=0x556000[m
[m[37m[1733834993.403476 0:4 ruxhal::arch::aarch64::trap:102] [36missue=0x47, vaddr=0x557000, cause=WRITE[m
[m[37m[1733834993.403741 0:4 ruxos_posix_api::imp::mmap::trap:61] [36mPage Fault Happening, vaddr:0x557000, casue:WRITE, map_flags:MappingFlags(READ | WRITE | EXECUTE | USER)[m
[m[37m[1733834993.404165 0:4 ruxos_posix_api::imp::mmap::trap:113] [33mis copy-on-write: false, vaddr=0x557000[m
[m[37m[1733834993.404447 0:4 ruxhal::arch::aarch64::trap:102] [36missue=0x47, vaddr=0x558000, cause=WRITE[m
[m[37m[1733834993.404713 0:4 ruxos_posix_api::imp::mmap::trap:61] [36mPage Fault Happening, vaddr:0x558000, casue:WRITE, map_flags:MappingFlags(READ | WRITE | EXECUTE | USER)[m
[m[37m[1733834993.405137 0:4 ruxos_posix_api::imp::mmap::trap:113] [33mis copy-on-write: false, vaddr=0x558000[m
[m[37m[1733834993.405420 0:4 ruxhal::arch::aarch64::trap:102] [36missue=0x47, vaddr=0x559000, cause=WRITE[m
[m[37m[1733834993.405688 0:4 ruxos_posix_api::imp::mmap::trap:61] [36mPage Fault Happening, vaddr:0x559000, casue:WRITE, map_flags:MappingFlags(READ | WRITE | EXECUTE | USER)[m
[m[37m[1733834993.406111 0:4 ruxos_posix_api::imp::mmap::trap:113] [33mis copy-on-write: false, vaddr=0x559000[m
[m[37m[1733834993.406393 0:4 ruxhal::arch::aarch64::trap:102] [36missue=0x47, vaddr=0x55a000, cause=WRITE[m
[m[37m[1733834993.406657 0:4 ruxos_posix_api::imp::mmap::trap:61] [36mPage Fault Happening, vaddr:0x55a000, casue:WRITE, map_flags:MappingFlags(READ | WRITE | EXECUTE | USER)[m
[m[37m[1733834993.407080 0:4 ruxos_posix_api::imp::mmap::trap:113] [33mis copy-on-write: false, vaddr=0x55a000[m
[m[37m[1733834993.407363 0:4 ruxhal::arch::aarch64::trap:102] [36missue=0x47, vaddr=0x55b000, cause=WRITE[m
[m[37m[1733834993.407627 0:4 ruxos_posix_api::imp::mmap::trap:61] [36mPage Fault Happening, vaddr:0x55b000, casue:WRITE, map_flags:MappingFlags(READ | WRITE | EXECUTE | USER)[m
[m[37m[1733834993.408050 0:4 ruxos_posix_api::imp::mmap::trap:113] [33mis copy-on-write: false, vaddr=0x55b000[m
[m[37m[1733834993.408331 0:4 ruxhal::arch::aarch64::trap:102] [36missue=0x47, vaddr=0x55c000, cause=WRITE[m
[m[37m[1733834993.408596 0:4 ruxos_posix_api::imp::mmap::trap:61] [36mPage Fault Happening, vaddr:0x55c000, casue:WRITE, map_flags:MappingFlags(READ | WRITE | EXECUTE | USER)[m
[m[37m[1733834993.409022 0:4 ruxos_posix_api::imp::mmap::trap:113] [33mis copy-on-write: false, vaddr=0x55c000[m
[m[37m[1733834993.409304 0:4 ruxhal::arch::aarch64::trap:102] [36missue=0x47, vaddr=0x55d000, cause=WRITE[m
[m[37m[1733834993.409569 0:4 ruxos_posix_api::imp::mmap::trap:61] [36mPage Fault Happening, vaddr:0x55d000, casue:WRITE, map_flags:MappingFlags(READ | WRITE | EXECUTE | USER)[m
[m[37m[1733834993.409994 0:4 ruxos_posix_api::imp::mmap::trap:113] [33mis copy-on-write: false, vaddr=0x55d000[m
[m[37m[1733834993.410279 0:4 ruxhal::arch::aarch64::trap:102] [36missue=0x47, vaddr=0x55e000, cause=WRITE[m
[m[37m[1733834993.410542 0:4 ruxos_posix_api::imp::mmap::trap:61] [36mPage Fault Happening, vaddr:0x55e000, casue:WRITE, map_flags:MappingFlags(READ | WRITE | EXECUTE | USER)[m
[m[37m[1733834993.410967 0:4 ruxos_posix_api::imp::mmap::trap:113] [33mis copy-on-write: false, vaddr=0x55e000[m
[m[37m[1733834993.411252 0:4 ruxhal::arch::aarch64::trap:102] [36missue=0x47, vaddr=0x55f000, cause=WRITE[m
[m[37m[1733834993.411517 0:4 ruxos_posix_api::imp::mmap::trap:61] [36mPage Fault Happening, vaddr:0x55f000, casue:WRITE, map_flags:MappingFlags(READ | WRITE | EXECUTE | USER)[m
[m[37m[1733834993.411941 0:4 ruxos_posix_api::imp::mmap::trap:113] [33mis copy-on-write: false, vaddr=0x55f000[m
[m[37m[1733834993.412229 0:4 ruxhal::arch::aarch64::trap:102] [36missue=0x47, vaddr=0x560000, cause=WRITE[m
[m[37m[1733834993.412494 0:4 ruxos_posix_api::imp::mmap::trap:61] [36mPage Fault Happening, vaddr:0x560000, casue:WRITE, map_flags:MappingFlags(READ | WRITE | EXECUTE | USER)[m
[m[37m[1733834993.412917 0:4 ruxos_posix_api::imp::mmap::trap:113] [33mis copy-on-write: false, vaddr=0x560000[m
[m[37m[1733834993.413203 0:4 ruxhal::arch::aarch64::trap:102] [36missue=0x47, vaddr=0x561000, cause=WRITE[m
[m[37m[1733834993.413468 0:4 ruxos_posix_api::imp::mmap::trap:61] [36mPage Fault Happening, vaddr:0x561000, casue:WRITE, map_flags:MappingFlags(READ | WRITE | EXECUTE | USER)[m
[m[37m[1733834993.413894 0:4 ruxos_posix_api::imp::mmap::trap:113] [33mis copy-on-write: false, vaddr=0x561000[m
[m[37m[1733834993.414176 0:4 ruxhal::arch::aarch64::trap:102] [36missue=0x47, vaddr=0x562000, cause=WRITE[m
[m[37m[1733834993.414440 0:4 ruxos_posix_api::imp::mmap::trap:61] [36mPage Fault Happening, vaddr:0x562000, casue:WRITE, map_flags:MappingFlags(READ | WRITE | EXECUTE | USER)[m
[m[37m[1733834993.414863 0:4 ruxos_posix_api::imp::mmap::trap:113] [33mis copy-on-write: false, vaddr=0x562000[m
[m[37m[1733834993.415146 0:4 ruxhal::arch::aarch64::trap:102] [36missue=0x47, vaddr=0x563000, cause=WRITE[m
[m[37m[1733834993.415410 0:4 ruxos_posix_api::imp::mmap::trap:61] [36mPage Fault Happening, vaddr:0x563000, casue:WRITE, map_flags:MappingFlags(READ | WRITE | EXECUTE | USER)[m
[m[37m[1733834993.415837 0:4 ruxos_posix_api::imp::mmap::trap:113] [33mis copy-on-write: false, vaddr=0x563000[m
[m[37m[1733834993.416119 0:4 ruxhal::arch::aarch64::trap:102] [36missue=0x47, vaddr=0x564000, cause=WRITE[m
[m[37m[1733834993.416384 0:4 ruxos_posix_api::imp::mmap::trap:61] [36mPage Fault Happening, vaddr:0x564000, casue:WRITE, map_flags:MappingFlags(READ | WRITE | EXECUTE | USER)[m
[m[37m[1733834993.416808 0:4 ruxos_posix_api::imp::mmap::trap:113] [33mis copy-on-write: false, vaddr=0x564000[m
[m[37m[1733834993.417091 0:4 ruxhal::arch::aarch64::trap:102] [36missue=0x47, vaddr=0x565000, cause=WRITE[m
[m[37m[1733834993.417354 0:4 ruxos_posix_api::imp::mmap::trap:61] [36mPage Fault Happening, vaddr:0x565000, casue:WRITE, map_flags:MappingFlags(READ | WRITE | EXECUTE | USER)[m
[m[37m[1733834993.417776 0:4 ruxos_posix_api::imp::mmap::trap:113] [33mis copy-on-write: false, vaddr=0x565000[m
[m[37m[1733834993.418058 0:4 ruxhal::arch::aarch64::trap:102] [36missue=0x47, vaddr=0x566000, cause=WRITE[m
[m[37m[1733834993.418323 0:4 ruxos_posix_api::imp::mmap::trap:61] [36mPage Fault Happening, vaddr:0x566000, casue:WRITE, map_flags:MappingFlags(READ | WRITE | EXECUTE | USER)[m
[m[37m[1733834993.418746 0:4 ruxos_posix_api::imp::mmap::trap:113] [33mis copy-on-write: false, vaddr=0x566000[m
[m[37m[1733834993.419030 0:4 ruxhal::arch::aarch64::trap:102] [36missue=0x47, vaddr=0x567000, cause=WRITE[m
[m[37m[1733834993.419294 0:4 ruxos_posix_api::imp::mmap::trap:61] [36mPage Fault Happening, vaddr:0x567000, casue:WRITE, map_flags:MappingFlags(READ | WRITE | EXECUTE | USER)[m
[m[37m[1733834993.419718 0:4 ruxos_posix_api::imp::mmap::trap:113] [33mis copy-on-write: false, vaddr=0x567000[m
[m[37m[1733834993.420004 0:4 ruxhal::arch::aarch64::trap:102] [36missue=0x47, vaddr=0x568000, cause=WRITE[m
[m[37m[1733834993.420269 0:4 ruxos_posix_api::imp::mmap::trap:61] [36mPage Fault Happening, vaddr:0x568000, casue:WRITE, map_flags:MappingFlags(READ | WRITE | EXECUTE | USER)[m
[m[37m[1733834993.420690 0:4 ruxos_posix_api::imp::mmap::trap:113] [33mis copy-on-write: false, vaddr=0x568000[m
[m[37m[1733834993.420972 0:4 ruxhal::arch::aarch64::trap:102] [36missue=0x47, vaddr=0x569000, cause=WRITE[m
[m[37m[1733834993.421236 0:4 ruxos_posix_api::imp::mmap::trap:61] [36mPage Fault Happening, vaddr:0x569000, casue:WRITE, map_flags:MappingFlags(READ | WRITE | EXECUTE | USER)[m
[m[37m[1733834993.421660 0:4 ruxos_posix_api::imp::mmap::trap:113] [33mis copy-on-write: false, vaddr=0x569000[m
[m[37m[1733834993.421942 0:4 ruxhal::arch::aarch64::trap:102] [36missue=0x47, vaddr=0x56a000, cause=WRITE[m
[m[37m[1733834993.422209 0:4 ruxos_posix_api::imp::mmap::trap:61] [36mPage Fault Happening, vaddr:0x56a000, casue:WRITE, map_flags:MappingFlags(READ | WRITE | EXECUTE | USER)[m
[m[37m[1733834993.422634 0:4 ruxos_posix_api::imp::mmap::trap:113] [33mis copy-on-write: false, vaddr=0x56a000[m
[m[37m[1733834993.422917 0:4 ruxhal::arch::aarch64::trap:102] [36missue=0x47, vaddr=0x56b000, cause=WRITE[m
[m[37m[1733834993.423182 0:4 ruxos_posix_api::imp::mmap::trap:61] [36mPage Fault Happening, vaddr:0x56b000, casue:WRITE, map_flags:MappingFlags(READ | WRITE | EXECUTE | USER)[m
[m[37m[1733834993.423606 0:4 ruxos_posix_api::imp::mmap::trap:113] [33mis copy-on-write: false, vaddr=0x56b000[m
[m[37m[1733834993.423887 0:4 ruxhal::arch::aarch64::trap:102] [36missue=0x47, vaddr=0x56c000, cause=WRITE[m
[m[37m[1733834993.424152 0:4 ruxos_posix_api::imp::mmap::trap:61] [36mPage Fault Happening, vaddr:0x56c000, casue:WRITE, map_flags:MappingFlags(READ | WRITE | EXECUTE | USER)[m
[m[37m[1733834993.424577 0:4 ruxos_posix_api::imp::mmap::trap:113] [33mis copy-on-write: false, vaddr=0x56c000[m
[m[37m[1733834993.424860 0:4 ruxhal::arch::aarch64::trap:102] [36missue=0x47, vaddr=0x56d000, cause=WRITE[m
[m[37m[1733834993.425124 0:4 ruxos_posix_api::imp::mmap::trap:61] [36mPage Fault Happening, vaddr:0x56d000, casue:WRITE, map_flags:MappingFlags(READ | WRITE | EXECUTE | USER)[m
[m[37m[1733834993.425549 0:4 ruxos_posix_api::imp::mmap::trap:113] [33mis copy-on-write: false, vaddr=0x56d000[m
[m[37m[1733834993.425832 0:4 ruxhal::arch::aarch64::trap:102] [36missue=0x47, vaddr=0x56e000, cause=WRITE[m
[m[37m[1733834993.426096 0:4 ruxos_posix_api::imp::mmap::trap:61] [36mPage Fault Happening, vaddr:0x56e000, casue:WRITE, map_flags:MappingFlags(READ | WRITE | EXECUTE | USER)[m
[m[37m[1733834993.426519 0:4 ruxos_posix_api::imp::mmap::trap:113] [33mis copy-on-write: false, vaddr=0x56e000[m
[m[37m[1733834993.426802 0:4 ruxhal::arch::aarch64::trap:102] [36missue=0x47, vaddr=0x56f000, cause=WRITE[m
[m[37m[1733834993.427067 0:4 ruxos_posix_api::imp::mmap::trap:61] [36mPage Fault Happening, vaddr:0x56f000, casue:WRITE, map_flags:MappingFlags(READ | WRITE | EXECUTE | USER)[m
[m[37m[1733834993.427490 0:4 ruxos_posix_api::imp::mmap::trap:113] [33mis copy-on-write: false, vaddr=0x56f000[m
[m[37m[1733834993.427774 0:4 ruxhal::arch::aarch64::trap:102] [36missue=0x47, vaddr=0x570000, cause=WRITE[m
[m[37m[1733834993.428038 0:4 ruxos_posix_api::imp::mmap::trap:61] [36mPage Fault Happening, vaddr:0x570000, casue:WRITE, map_flags:MappingFlags(READ | WRITE | EXECUTE | USER)[m
[m[37m[1733834993.428462 0:4 ruxos_posix_api::imp::mmap::trap:113] [33mis copy-on-write: false, vaddr=0x570000[m
[m[37m[1733834993.428744 0:4 ruxhal::arch::aarch64::trap:102] [36missue=0x47, vaddr=0x571000, cause=WRITE[m
[m[37m[1733834993.429011 0:4 ruxos_posix_api::imp::mmap::trap:61] [36mPage Fault Happening, vaddr:0x571000, casue:WRITE, map_flags:MappingFlags(READ | WRITE | EXECUTE | USER)[m
[m[37m[1733834993.429435 0:4 ruxos_posix_api::imp::mmap::trap:113] [33mis copy-on-write: false, vaddr=0x571000[m
[m[37m[1733834993.429720 0:4 ruxhal::arch::aarch64::trap:102] [36missue=0x47, vaddr=0x572000, cause=WRITE[m
[m[37m[1733834993.429985 0:4 ruxos_posix_api::imp::mmap::trap:61] [36mPage Fault Happening, vaddr:0x572000, casue:WRITE, map_flags:MappingFlags(READ | WRITE | EXECUTE | USER)[m
[m[37m[1733834993.430410 0:4 ruxos_posix_api::imp::mmap::trap:113] [33mis copy-on-write: false, vaddr=0x572000[m
[m[37m[1733834993.430693 0:4 ruxhal::arch::aarch64::trap:102] [36missue=0x47, vaddr=0x573000, cause=WRITE[m
[m[37m[1733834993.430958 0:4 ruxos_posix_api::imp::mmap::trap:61] [36mPage Fault Happening, vaddr:0x573000, casue:WRITE, map_flags:MappingFlags(READ | WRITE | EXECUTE | USER)[m
[m[37m[1733834993.431381 0:4 ruxos_posix_api::imp::mmap::trap:113] [33mis copy-on-write: false, vaddr=0x573000[m
[m[37m[1733834993.431664 0:4 ruxhal::arch::aarch64::trap:102] [36missue=0x47, vaddr=0x574000, cause=WRITE[m
[m[37m[1733834993.431929 0:4 ruxos_posix_api::imp::mmap::trap:61] [36mPage Fault Happening, vaddr:0x574000, casue:WRITE, map_flags:MappingFlags(READ | WRITE | EXECUTE | USER)[m
[m[37m[1733834993.432356 0:4 ruxos_posix_api::imp::mmap::trap:113] [33mis copy-on-write: false, vaddr=0x574000[m
[m[37m[1733834993.432639 0:4 ruxhal::arch::aarch64::trap:102] [36missue=0x47, vaddr=0x575000, cause=WRITE[m
[m[37m[1733834993.432904 0:4 ruxos_posix_api::imp::mmap::trap:61] [36mPage Fault Happening, vaddr:0x575000, casue:WRITE, map_flags:MappingFlags(READ | WRITE | EXECUTE | USER)[m
[m[37m[1733834993.433328 0:4 ruxos_posix_api::imp::mmap::trap:113] [33mis copy-on-write: false, vaddr=0x575000[m
[m[37m[1733834993.433612 0:4 ruxhal::arch::aarch64::trap:102] [36missue=0x47, vaddr=0x576000, cause=WRITE[m
[m[37m[1733834993.433877 0:4 ruxos_posix_api::imp::mmap::trap:61] [36mPage Fault Happening, vaddr:0x576000, casue:WRITE, map_flags:MappingFlags(READ | WRITE | EXECUTE | USER)[m
[m[37m[1733834993.434302 0:4 ruxos_posix_api::imp::mmap::trap:113] [33mis copy-on-write: false, vaddr=0x576000[m
[m[37m[1733834993.434585 0:4 ruxhal::arch::aarch64::trap:102] [36missue=0x47, vaddr=0x577000, cause=WRITE[m
[m[37m[1733834993.434850 0:4 ruxos_posix_api::imp::mmap::trap:61] [36mPage Fault Happening, vaddr:0x577000, casue:WRITE, map_flags:MappingFlags(READ | WRITE | EXECUTE | USER)[m
[m[37m[1733834993.435272 0:4 ruxos_posix_api::imp::mmap::trap:113] [33mis copy-on-write: false, vaddr=0x577000[m
[m[37m[1733834993.435557 0:4 ruxhal::arch::aarch64::trap:102] [36missue=0x47, vaddr=0x578000, cause=WRITE[m
[m[37m[1733834993.435822 0:4 ruxos_posix_api::imp::mmap::trap:61] [36mPage Fault Happening, vaddr:0x578000, casue:WRITE, map_flags:MappingFlags(READ | WRITE | EXECUTE | USER)[m
[m[37m[1733834993.436247 0:4 ruxos_posix_api::imp::mmap::trap:113] [33mis copy-on-write: false, vaddr=0x578000[m
[m[37m[1733834993.436529 0:4 ruxhal::arch::aarch64::trap:102] [36missue=0x47, vaddr=0x579000, cause=WRITE[m
[m[37m[1733834993.436794 0:4 ruxos_posix_api::imp::mmap::trap:61] [36mPage Fault Happening, vaddr:0x579000, casue:WRITE, map_flags:MappingFlags(READ | WRITE | EXECUTE | USER)[m
[m[37m[1733834993.437218 0:4 ruxos_posix_api::imp::mmap::trap:113] [33mis copy-on-write: false, vaddr=0x579000[m
[m[37m[1733834993.437501 0:4 ruxhal::arch::aarch64::trap:102] [36missue=0x47, vaddr=0x57a000, cause=WRITE[m
[m[37m[1733834993.437766 0:4 ruxos_posix_api::imp::mmap::trap:61] [36mPage Fault Happening, vaddr:0x57a000, casue:WRITE, map_flags:MappingFlags(READ | WRITE | EXECUTE | USER)[m
[m[37m[1733834993.438189 0:4 ruxos_posix_api::imp::mmap::trap:113] [33mis copy-on-write: false, vaddr=0x57a000[m
[m[37m[1733834993.438472 0:4 ruxhal::arch::aarch64::trap:102] [36missue=0x47, vaddr=0x57b000, cause=WRITE[m
[m[37m[1733834993.438736 0:4 ruxos_posix_api::imp::mmap::trap:61] [36mPage Fault Happening, vaddr:0x57b000, casue:WRITE, map_flags:MappingFlags(READ | WRITE | EXECUTE | USER)[m
[m[37m[1733834993.439164 0:4 ruxos_posix_api::imp::mmap::trap:113] [33mis copy-on-write: false, vaddr=0x57b000[m
[m[37m[1733834993.439447 0:4 ruxhal::arch::aarch64::trap:102] [36missue=0x47, vaddr=0x57c000, cause=WRITE[m
[m[37m[1733834993.439712 0:4 ruxos_posix_api::imp::mmap::trap:61] [36mPage Fault Happening, vaddr:0x57c000, casue:WRITE, map_flags:MappingFlags(READ | WRITE | EXECUTE | USER)[m
[m[37m[1733834993.440136 0:4 ruxos_posix_api::imp::mmap::trap:113] [33mis copy-on-write: false, vaddr=0x57c000[m
[m[37m[1733834993.440418 0:4 ruxhal::arch::aarch64::trap:102] [36missue=0x47, vaddr=0x57d000, cause=WRITE[m
[m[37m[1733834993.440682 0:4 ruxos_posix_api::imp::mmap::trap:61] [36mPage Fault Happening, vaddr:0x57d000, casue:WRITE, map_flags:MappingFlags(READ | WRITE | EXECUTE | USER)[m
[m[37m[1733834993.441106 0:4 ruxos_posix_api::imp::mmap::trap:113] [33mis copy-on-write: false, vaddr=0x57d000[m
[m[37m[1733834993.441388 0:4 ruxhal::arch::aarch64::trap:102] [36missue=0x47, vaddr=0x57e000, cause=WRITE[m
[m[37m[1733834993.441652 0:4 ruxos_posix_api::imp::mmap::trap:61] [36mPage Fault Happening, vaddr:0x57e000, casue:WRITE, map_flags:MappingFlags(READ | WRITE | EXECUTE | USER)[m
[m[37m[1733834993.442076 0:4 ruxos_posix_api::imp::mmap::trap:113] [33mis copy-on-write: false, vaddr=0x57e000[m
[m[37m[1733834993.442360 0:4 ruxhal::arch::aarch64::trap:102] [36missue=0x47, vaddr=0x57f000, cause=WRITE[m
[m[37m[1733834993.442623 0:4 ruxos_posix_api::imp::mmap::trap:61] [36mPage Fault Happening, vaddr:0x57f000, casue:WRITE, map_flags:MappingFlags(READ | WRITE | EXECUTE | USER)[m
[m[37m[1733834993.443048 0:4 ruxos_posix_api::imp::mmap::trap:113] [33mis copy-on-write: false, vaddr=0x57f000[m
[m[37m[1733834993.443330 0:4 ruxhal::arch::aarch64::trap:102] [36missue=0x47, vaddr=0x580000, cause=WRITE[m
[m[37m[1733834993.443596 0:4 ruxos_posix_api::imp::mmap::trap:61] [36mPage Fault Happening, vaddr:0x580000, casue:WRITE, map_flags:MappingFlags(READ | WRITE | EXECUTE | USER)[m
[m[37m[1733834993.444019 0:4 ruxos_posix_api::imp::mmap::trap:113] [33mis copy-on-write: false, vaddr=0x580000[m
[m[37m[1733834993.444303 0:4 ruxhal::arch::aarch64::trap:102] [36missue=0x47, vaddr=0x581000, cause=WRITE[m
[m[37m[1733834993.444568 0:4 ruxos_posix_api::imp::mmap::trap:61] [36mPage Fault Happening, vaddr:0x581000, casue:WRITE, map_flags:MappingFlags(READ | WRITE | EXECUTE | USER)[m
[m[37m[1733834993.444991 0:4 ruxos_posix_api::imp::mmap::trap:113] [33mis copy-on-write: false, vaddr=0x581000[m
[m[37m[1733834993.445272 0:4 ruxhal::arch::aarch64::trap:102] [36missue=0x47, vaddr=0x582000, cause=WRITE[m
[m[37m[1733834993.445540 0:4 ruxos_posix_api::imp::mmap::trap:61] [36mPage Fault Happening, vaddr:0x582000, casue:WRITE, map_flags:MappingFlags(READ | WRITE | EXECUTE | USER)[m
[m[37m[1733834993.445964 0:4 ruxos_posix_api::imp::mmap::trap:113] [33mis copy-on-write: false, vaddr=0x582000[m
[m[37m[1733834993.446247 0:4 ruxhal::arch::aarch64::trap:102] [36missue=0x47, vaddr=0x583000, cause=WRITE[m
[m[37m[1733834993.446513 0:4 ruxos_posix_api::imp::mmap::trap:61] [36mPage Fault Happening, vaddr:0x583000, casue:WRITE, map_flags:MappingFlags(READ | WRITE | EXECUTE | USER)[m
[m[37m[1733834993.446937 0:4 ruxos_posix_api::imp::mmap::trap:113] [33mis copy-on-write: false, vaddr=0x583000[m
[m[37m[1733834993.447222 0:4 ruxhal::arch::aarch64::trap:102] [36missue=0x47, vaddr=0x584000, cause=WRITE[m
[m[37m[1733834993.447487 0:4 ruxos_posix_api::imp::mmap::trap:61] [36mPage Fault Happening, vaddr:0x584000, casue:WRITE, map_flags:MappingFlags(READ | WRITE | EXECUTE | USER)[m
[m[37m[1733834993.447911 0:4 ruxos_posix_api::imp::mmap::trap:113] [33mis copy-on-write: false, vaddr=0x584000[m
[m[37m[1733834993.448193 0:4 ruxhal::arch::aarch64::trap:102] [36missue=0x47, vaddr=0x585000, cause=WRITE[m
[m[37m[1733834993.448457 0:4 ruxos_posix_api::imp::mmap::trap:61] [36mPage Fault Happening, vaddr:0x585000, casue:WRITE, map_flags:MappingFlags(READ | WRITE | EXECUTE | USER)[m
[m[37m[1733834993.448886 0:4 ruxos_posix_api::imp::mmap::trap:113] [33mis copy-on-write: false, vaddr=0x585000[m
[m[37m[1733834993.449169 0:4 ruxhal::arch::aarch64::trap:102] [36missue=0x47, vaddr=0x586000, cause=WRITE[m
[m[37m[1733834993.449434 0:4 ruxos_posix_api::imp::mmap::trap:61] [36mPage Fault Happening, vaddr:0x586000, casue:WRITE, map_flags:MappingFlags(READ | WRITE | EXECUTE | USER)[m
[m[37m[1733834993.449858 0:4 ruxos_posix_api::imp::mmap::trap:113] [33mis copy-on-write: false, vaddr=0x586000[m
[m[37m[1733834993.450142 0:4 ruxhal::arch::aarch64::trap:102] [36missue=0x47, vaddr=0x587000, cause=WRITE[m
[m[37m[1733834993.450406 0:4 ruxos_posix_api::imp::mmap::trap:61] [36mPage Fault Happening, vaddr:0x587000, casue:WRITE, map_flags:MappingFlags(READ | WRITE | EXECUTE | USER)[m
[m[37m[1733834993.450829 0:4 ruxos_posix_api::imp::mmap::trap:113] [33mis copy-on-write: false, vaddr=0x587000[m
[m[37m[1733834993.451111 0:4 ruxhal::arch::aarch64::trap:102] [36missue=0x47, vaddr=0x588000, cause=WRITE[m
[m[37m[1733834993.451376 0:4 ruxos_posix_api::imp::mmap::trap:61] [36mPage Fault Happening, vaddr:0x588000, casue:WRITE, map_flags:MappingFlags(READ | WRITE | EXECUTE | USER)[m
[m[37m[1733834993.451801 0:4 ruxos_posix_api::imp::mmap::trap:113] [33mis copy-on-write: false, vaddr=0x588000[m
[m[37m[1733834993.452084 0:4 ruxhal::arch::aarch64::trap:102] [36missue=0x47, vaddr=0x589000, cause=WRITE[m
[m[37m[1733834993.452352 0:4 ruxos_posix_api::imp::mmap::trap:61] [36mPage Fault Happening, vaddr:0x589000, casue:WRITE, map_flags:MappingFlags(READ | WRITE | EXECUTE | USER)[m
[m[37m[1733834993.452777 0:4 ruxos_posix_api::imp::mmap::trap:113] [33mis copy-on-write: false, vaddr=0x589000[m
[m[37m[1733834993.453059 0:4 ruxhal::arch::aarch64::trap:102] [36missue=0x47, vaddr=0x58a000, cause=WRITE[m
[m[37m[1733834993.453323 0:4 ruxos_posix_api::imp::mmap::trap:61] [36mPage Fault Happening, vaddr:0x58a000, casue:WRITE, map_flags:MappingFlags(READ | WRITE | EXECUTE | USER)[m
[m[37m[1733834993.453746 0:4 ruxos_posix_api::imp::mmap::trap:113] [33mis copy-on-write: false, vaddr=0x58a000[m
[m[37m[1733834993.454032 0:4 ruxtask::execv:77] [33mload_elf: loading segment 0xa9b90 to 0x59ab90, size 0x89a[m
[m[37m[1733834993.454308 0:4 ruxhal::arch::aarch64::trap:102] [36missue=0x47, vaddr=0x59ab90, cause=WRITE[m
[m[37m[1733834993.454571 0:4 ruxos_posix_api::imp::mmap::trap:61] [36mPage Fault Happening, vaddr:0x59a000, casue:WRITE, map_flags:MappingFlags(READ | WRITE | EXECUTE | USER)[m
[m[37m[1733834993.454994 0:4 ruxos_posix_api::imp::mmap::trap:113] [33mis copy-on-write: false, vaddr=0x59a000[m
[m[37m[1733834993.455276 0:4 ruxhal::arch::aarch64::trap:102] [36missue=0x47, vaddr=0x59b000, cause=WRITE[m
[m[37m[1733834993.455543 0:4 ruxos_posix_api::imp::mmap::trap:61] [36mPage Fault Happening, vaddr:0x59b000, casue:WRITE, map_flags:MappingFlags(READ | WRITE | EXECUTE | USER)[m
[m[37m[1733834993.455968 0:4 ruxos_posix_api::imp::mmap::trap:113] [33mis copy-on-write: false, vaddr=0x59b000[m
[m[37m[1733834993.456634 0:4 ruxtask::execv:130] [36msys_execve: INTERP base is 4f1000[m
[m[37m[1733834993.456922 0:4 ruxtask::execv:135] [33msys_execve: stack_size is 0x80000[m
[m[37m[1733834993.457173 0:4 ruxhal::arch::aarch64::trap:102] [36missue=0x44, vaddr=0x7fffffffeff8, cause=WRITE[m
[m[37m[1733834993.457458 0:4 ruxos_posix_api::imp::mmap::trap:61] [36mPage Fault Happening, vaddr:0x7fffffffe000, casue:WRITE, map_flags:MappingFlags(READ | WRITE | EXECUTE | USER)[m
[m[37m[1733834993.457901 0:4 ruxos_posix_api::imp::mmap::trap:113] [33mis copy-on-write: false, vaddr=0x7fffffffe000[m
[m[37m[1733834993.458320 0:4 ruxtask::execv:150] [33msys_execve: argv[0] is 0x7fffffffefd8[m
[m[37m[1733834993.458625 0:4 ruxtask::execv:151] [33mthe string is bin/busybox:[62, 69, 6e, 2f, 62, 75, 73, 79, 62, 6f, 78][m
[m[37m[1733834993.459202 0:4 ruxtask::execv:150] [33msys_execve: argv[1] is 0x7fffffffefd0[m
[m[37m[1733834993.459504 0:4 ruxtask::execv:151] [33mthe string is sh:[73, 68][m
[m[37m[1733834993.459873 0:4 ruxtask::execv:223] [36msys_execve: sp is 0x7fffffffee38, run at 0x552eb8, then jump to 0x40d8f4 [m
[m[37m[1733834993.460376 0:4 ruxtask::task:240] [33minit_task:entry: 0x552eb8, sp: 0x7fffffffee38[m
[m[37m[1733834993.460677 0:4 ruxhal:158] [31mswitch_to_el0 is not implemented for x86_64 and riscv64[m
[m[37m[1733834993.461198 0:4 ruxhal::arch::aarch64::trap:102] [36missue=0x47, vaddr=0x59ce80, cause=WRITE[m
[m[37m[1733834993.461468 0:4 ruxos_posix_api::imp::mmap::trap:61] [36mPage Fault Happening, vaddr:0x59c000, casue:WRITE, map_flags:MappingFlags(READ | WRITE | EXECUTE | USER)[m
[m[37m[1733834993.461905 0:4 ruxos_posix_api::imp::mmap::trap:113] [33mis copy-on-write: false, vaddr=0x59c000[m
[m[37m[1733834993.462289 0:4 ruxhal::arch::aarch64::trap:102] [36missue=0x7, vaddr=0x59d3b4, cause=READ[m
[m[37m[1733834993.462551 0:4 ruxos_posix_api::imp::mmap::trap:61] [36mPage Fault Happening, vaddr:0x59d000, casue:READ, map_flags:MappingFlags(READ | WRITE | EXECUTE | USER)[m
[m[37m[1733834993.462976 0:4 ruxos_posix_api::imp::mmap::trap:113] [33mis copy-on-write: false, vaddr=0x59d000[m
[m[37m[1733834993.464192 0:4 ruxhal::arch::aarch64::trap:62] [36mHandle supervisor call 96[m
[m[37m[1733834993.464535 0:4 ruxmusl::trap:25] [33mSyscall id: SET_TID_ADDRESS[m
[m[37m[1733834993.464789 0:4 ruxmusl::aarch64:8] [36msyscall <= syscall_name: SET_TID_ADDRESS[m
[m[37m[1733834993.465092 0:4 ruxos_posix_api::imp::pthread:395] [36mset_tid_address <= addr: 0x59d268[m
[m[37m[1733834993.465381 0:4 ruxos_posix_api::imp::pthread:394] [36msys_set_tid_address => Ok(4)[m
[m[37m[1733834993.466482 0:4 ruxhal::arch::aarch64::trap:62] [36mHandle supervisor call 214[m
[m[37m[1733834993.466724 0:4 ruxmusl::trap:25] [33mSyscall id: INVALID[m
[m[37m[1733834993.466942 0:4 ruxmusl::trap:27] [31mInvalid syscall id 214[m
[m[37m[1733834993.467129 0:4 ruxmusl::aarch64:8] [36msyscall <= syscall_name: INVALID[m
[m[37m[1733834993.467383 0:4 ruxos_posix_api::imp:46] [36msys_invalid <= id: 999[m
[m[37m[1733834993.467627 0:4 ruxos_posix_api::imp:47] [32msys_invalid => Err(ENOSYS)[m
[m[37m[1733834993.467926 0:4 ruxhal::arch::aarch64::trap:62] [36mHandle supervisor call 214[m
[m[37m[1733834993.468139 0:4 ruxmusl::trap:25] [33mSyscall id: INVALID[m
[m[37m[1733834993.468306 0:4 ruxmusl::trap:27] [31mInvalid syscall id 214[m
[m[37m[1733834993.468480 0:4 ruxmusl::aarch64:8] [36msyscall <= syscall_name: INVALID[m
[m[37m[1733834993.468679 0:4 ruxos_posix_api::imp:46] [36msys_invalid <= id: 999[m
[m[37m[1733834993.468871 0:4 ruxos_posix_api::imp:47] [32msys_invalid => Err(ENOSYS)[m
[m[37m[1733834993.469132 0:4 ruxhal::arch::aarch64::trap:62] [36mHandle supervisor call 222[m
[m[37m[1733834993.469344 0:4 ruxmusl::trap:25] [33mSyscall id: MMAP[m
[m[37m[1733834993.469514 0:4 ruxmusl::aarch64:8] [36msyscall <= syscall_name: MMAP[m
[m[37m[1733834993.469808 0:4 ruxos_posix_api::imp::mmap::api:45] [36msys_mmap <= start: 0x0, len: 0x2000, prot:0x0, flags:0x22, fd: -1[m
[m[37m[1733834993.470647 0:4 ruxos_posix_api::imp::mmap::api:49] [36msys_mmap => Ok(0x500000000000)[m
[m[37m[1733834993.471111 0:4 ruxhal::arch::aarch64::trap:62] [36mHandle supervisor call 226[m
[m[37m[1733834993.471325 0:4 ruxmusl::trap:25] [33mSyscall id: MPROTECT[m
[m[37m[1733834993.471504 0:4 ruxmusl::aarch64:8] [36msyscall <= syscall_name: MPROTECT[m
[m[37m[1733834993.471775 0:4 ruxos_posix_api::imp::mmap::api:190] [36msys_mprotect <= addr: 0x500000001000, len: 0x1000, prot: 3[m
[m[37m[1733834993.472933 0:4 ruxos_posix_api::imp::mmap::api:195] [36msys_mprotect => Ok(0)[m
[m[37m[1733834993.473217 0:4 ruxhal::arch::aarch64::trap:102] [36missue=0x44, vaddr=0x500000001000, cause=WRITE[m
[m[37m[1733834993.473474 0:4 ruxos_posix_api::imp::mmap::trap:61] [36mPage Fault Happening, vaddr:0x500000001000, casue:WRITE, map_flags:MappingFlags(READ | WRITE | USER)[m
[m[37m[1733834993.473905 0:4 ruxos_posix_api::imp::mmap::trap:113] [33mis copy-on-write: false, vaddr=0x500000001000[m
[m[37m[1733834993.475208 0:4 ruxhal::arch::aarch64::trap:62] [36mHandle supervisor call 226[m
[m[37m[1733834993.475461 0:4 ruxmusl::trap:25] [33mSyscall id: MPROTECT[m
[m[37m[1733834993.475650 0:4 ruxmusl::aarch64:8] [36msyscall <= syscall_name: MPROTECT[m
[m[37m[1733834993.475852 0:4 ruxos_posix_api::imp::mmap::api:190] [36msys_mprotect <= addr: 0x4ec000, len: 0x4000, prot: 1[m
[m[37m[1733834993.476454 0:4 ruxos_posix_api::imp::mmap::api:195] [36msys_mprotect => Ok(0)[m
[m[37m[1733834993.477940 0:4 ruxhal::arch::aarch64::trap:62] [36mHandle supervisor call 174[m
[m[37m[1733834993.478160 0:4 ruxmusl::trap:25] [33mSyscall id: GETUID[m
[m[37m[1733834993.478334 0:4 ruxmusl::aarch64:8] [36msyscall <= syscall_name: GETUID[m
[m[37m[1733834993.478596 0:4 ruxos_posix_api::imp::stat:33] [36msys_getuid => Ok(1000)[m
[m[37m[1733834993.479111 0:4 ruxhal::arch::aarch64::trap:62] [36mHandle supervisor call 176[m
[m[37m[1733834993.479324 0:4 ruxmusl::trap:25] [33mSyscall id: GETGID[m
[m[37m[1733834993.479498 0:4 ruxmusl::aarch64:8] [36msyscall <= syscall_name: GETGID[m
[m[37m[1733834993.479750 0:4 ruxos_posix_api::imp::stat:38] [36msys_getgid => Ok(1000)[m
[m[37m[1733834993.480059 0:4 ruxhal::arch::aarch64::trap:62] [36mHandle supervisor call 135[m
[m[37m[1733834993.480274 0:4 ruxmusl::trap:25] [33mSyscall id: RT_SIGPROCMASK[m
[m[37m[1733834993.480464 0:4 ruxmusl::aarch64:8] [36msyscall <= syscall_name: RT_SIGPROCMASK[m
[m[37m[1733834993.480735 0:4 ruxos_posix_api::imp::rt_sig:57] [36msys_rt_sigprocmask <= flag: 0, sigsetsize: 8[m
[m[37m[1733834993.481070 0:4 ruxos_posix_api::imp::rt_sig:62] [36msys_rt_sigprocmask => Ok(0)[m
[m[37m[1733834993.481362 0:4 ruxhal::arch::aarch64::trap:62] [36mHandle supervisor call 135[m
[m[37m[1733834993.481576 0:4 ruxmusl::trap:25] [33mSyscall id: RT_SIGPROCMASK[m
[m[37m[1733834993.481758 0:4 ruxmusl::aarch64:8] [36msyscall <= syscall_name: RT_SIGPROCMASK[m
[m[37m[1733834993.481972 0:4 ruxos_posix_api::imp::rt_sig:57] [36msys_rt_sigprocmask <= flag: 0, sigsetsize: 8[m
[m[37m[1733834993.482230 0:4 ruxos_posix_api::imp::rt_sig:62] [36msys_rt_sigprocmask => Ok(0)[m
[m[37m[1733834993.482529 0:4 ruxhal::arch::aarch64::trap:62] [36mHandle supervisor call 144[m
[m[37m[1733834993.482743 0:4 ruxmusl::trap:25] [33mSyscall id: SETGID[m
[m[37m[1733834993.482915 0:4 ruxmusl::aarch64:8] [36msyscall <= syscall_name: SETGID[m
[m[37m[1733834993.483165 0:4 ruxos_posix_api::imp::stat:49] [36msys_setgid: gid 1000[m
[m[37m[1733834993.483404 0:4 ruxos_posix_api::imp::stat:50] [36msys_setgid => Ok(0)[m
[m[37m[1733834993.483698 0:4 ruxhal::arch::aarch64::trap:62] [36mHandle supervisor call 135[m
[m[37m[1733834993.483911 0:4 ruxmusl::trap:25] [33mSyscall id: RT_SIGPROCMASK[m
[m[37m[1733834993.484093 0:4 ruxmusl::aarch64:8] [36msyscall <= syscall_name: RT_SIGPROCMASK[m
[m[37m[1733834993.484307 0:4 ruxos_posix_api::imp::rt_sig:57] [36msys_rt_sigprocmask <= flag: 2, sigsetsize: 8[m
[m[37m[1733834993.484611 0:4 ruxos_posix_api::imp::rt_sig:62] [36msys_rt_sigprocmask => Ok(0)[m
[m[37m[1733834993.484882 0:4 ruxhal::arch::aarch64::trap:62] [36mHandle supervisor call 135[m
[m[37m[1733834993.485095 0:4 ruxmusl::trap:25] [33mSyscall id: RT_SIGPROCMASK[m
[m[37m[1733834993.485277 0:4 ruxmusl::aarch64:8] [36msyscall <= syscall_name: RT_SIGPROCMASK[m
[m[37m[1733834993.485495 0:4 ruxos_posix_api::imp::rt_sig:57] [36msys_rt_sigprocmask <= flag: 0, sigsetsize: 8[m
[m[37m[1733834993.485748 0:4 ruxos_posix_api::imp::rt_sig:62] [36msys_rt_sigprocmask => Ok(0)[m
[m[37m[1733834993.485966 0:4 ruxhal::arch::aarch64::trap:62] [36mHandle supervisor call 135[m
[m[37m[1733834993.486178 0:4 ruxmusl::trap:25] [33mSyscall id: RT_SIGPROCMASK[m
[m[37m[1733834993.486361 0:4 ruxmusl::aarch64:8] [36msyscall <= syscall_name: RT_SIGPROCMASK[m
[m[37m[1733834993.486580 0:4 ruxos_posix_api::imp::rt_sig:57] [36msys_rt_sigprocmask <= flag: 0, sigsetsize: 8[m
[m[37m[1733834993.486832 0:4 ruxos_posix_api::imp::rt_sig:62] [36msys_rt_sigprocmask => Ok(0)[m
[m[37m[1733834993.487049 0:4 ruxhal::arch::aarch64::trap:62] [36mHandle supervisor call 146[m
[m[37m[1733834993.487261 0:4 ruxmusl::trap:25] [33mSyscall id: SETUID[m
[m[37m[1733834993.487434 0:4 ruxmusl::aarch64:8] [36msyscall <= syscall_name: SETUID[m
[m[37m[1733834993.487686 0:4 ruxos_posix_api::imp::stat:43] [36msys_setuid: uid 1000[m
[m[37m[1733834993.487925 0:4 ruxos_posix_api::imp::stat:44] [36msys_setuid => Ok(0)[m
[m[37m[1733834993.488140 0:4 ruxhal::arch::aarch64::trap:62] [36mHandle supervisor call 135[m
[m[37m[1733834993.488352 0:4 ruxmusl::trap:25] [33mSyscall id: RT_SIGPROCMASK[m
[m[37m[1733834993.488535 0:4 ruxmusl::aarch64:8] [36msyscall <= syscall_name: RT_SIGPROCMASK[m
[m[37m[1733834993.488749 0:4 ruxos_posix_api::imp::rt_sig:57] [36msys_rt_sigprocmask <= flag: 2, sigsetsize: 8[m
[m[37m[1733834993.489005 0:4 ruxos_posix_api::imp::rt_sig:62] [36msys_rt_sigprocmask => Ok(0)[m
[m[37m[1733834993.490095 0:4 ruxhal::arch::aarch64::trap:62] [36mHandle supervisor call 222[m
[m[37m[1733834993.490315 0:4 ruxmusl::trap:25] [33mSyscall id: MMAP[m
[m[37m[1733834993.490477 0:4 ruxmusl::aarch64:8] [36msyscall <= syscall_name: MMAP[m
[m[37m[1733834993.490671 0:4 ruxos_posix_api::imp::mmap::api:45] [36msys_mmap <= start: 0x0, len: 0x1000, prot:0x3, flags:0x22, fd: -1[m
[m[37m[1733834993.491045 0:4 ruxos_posix_api::imp::mmap::api:49] [36msys_mmap => Ok(0x500000002000)[m
[m[37m[1733834993.491336 0:4 ruxhal::arch::aarch64::trap:102] [36missue=0x7, vaddr=0x500000002008, cause=READ[m
[m[37m[1733834993.491590 0:4 ruxos_posix_api::imp::mmap::trap:61] [36mPage Fault Happening, vaddr:0x500000002000, casue:READ, map_flags:MappingFlags(READ | WRITE | USER)[m
[m[37m[1733834993.491973 0:4 ruxos_posix_api::imp::mmap::trap:113] [33mis copy-on-write: false, vaddr=0x500000002000[m
[m[37m[1733834993.492483 0:4 ruxhal::arch::aarch64::trap:62] [36mHandle supervisor call 222[m
[m[37m[1733834993.492700 0:4 ruxmusl::trap:25] [33mSyscall id: MMAP[m
[m[37m[1733834993.492861 0:4 ruxmusl::aarch64:8] [36msyscall <= syscall_name: MMAP[m
[m[37m[1733834993.493053 0:4 ruxos_posix_api::imp::mmap::api:45] [36msys_mmap <= start: 0x0, len: 0x1000, prot:0x3, flags:0x22, fd: -1[m
[m[37m[1733834993.493360 0:4 ruxos_posix_api::imp::mmap::api:49] [36msys_mmap => Ok(0x500000003000)[m
[m[37m[1733834993.493592 0:4 ruxhal::arch::aarch64::trap:102] [36missue=0x7, vaddr=0x500000003008, cause=READ[m
[m[37m[1733834993.493845 0:4 ruxos_posix_api::imp::mmap::trap:61] [36mPage Fault Happening, vaddr:0x500000003000, casue:READ, map_flags:MappingFlags(READ | WRITE | USER)[m
[m[37m[1733834993.494224 0:4 ruxos_posix_api::imp::mmap::trap:113] [33mis copy-on-write: false, vaddr=0x500000003000[m
[m[37m[1733834993.494587 0:4 ruxhal::arch::aarch64::trap:62] [36mHandle supervisor call 172[m
[m[37m[1733834993.494835 0:4 ruxmusl::trap:25] [33mSyscall id: GETPID[m
[m[37m[1733834993.495031 0:4 ruxmusl::aarch64:8] [36msyscall <= syscall_name: GETPID[m
[m[37m[1733834993.495294 0:4 ruxos_posix_api::imp::task:47] [36msys_getpid => Ok(4)[m
[m[37m[1733834993.495541 0:4 ruxhal::arch::aarch64::trap:62] [36mHandle supervisor call 222[m
[m[37m[1733834993.495765 0:4 ruxmusl::trap:25] [33mSyscall id: MMAP[m
[m[37m[1733834993.495926 0:4 ruxmusl::aarch64:8] [36msyscall <= syscall_name: MMAP[m
[m[37m[1733834993.496118 0:4 ruxos_posix_api::imp::mmap::api:45] [36msys_mmap <= start: 0x0, len: 0x2000, prot:0x3, flags:0x22, fd: -1[m
[m[37m[1733834993.496424 0:4 ruxos_posix_api::imp::mmap::api:49] [36msys_mmap => Ok(0x500000004000)[m
[m[37m[1733834993.496657 0:4 ruxhal::arch::aarch64::trap:102] [36missue=0x7, vaddr=0x500000004008, cause=READ[m
[m[37m[1733834993.496910 0:4 ruxos_posix_api::imp::mmap::trap:61] [36mPage Fault Happening, vaddr:0x500000004000, casue:READ, map_flags:MappingFlags(READ | WRITE | USER)[m
[m[37m[1733834993.497295 0:4 ruxos_posix_api::imp::mmap::trap:113] [33mis copy-on-write: false, vaddr=0x500000004000[m
[m[37m[1733834993.497806 0:4 ruxhal::arch::aarch64::trap:62] [36mHandle supervisor call 135[m
[m[37m[1733834993.498020 0:4 ruxmusl::trap:25] [33mSyscall id: RT_SIGPROCMASK[m
[m[37m[1733834993.498202 0:4 ruxmusl::aarch64:8] [36msyscall <= syscall_name: RT_SIGPROCMASK[m
[m[37m[1733834993.498416 0:4 ruxos_posix_api::imp::rt_sig:57] [36msys_rt_sigprocmask <= flag: 1, sigsetsize: 8[m
[m[37m[1733834993.498679 0:4 ruxos_posix_api::imp::rt_sig:62] [36msys_rt_sigprocmask => Ok(0)[m
[m[37m[1733834993.498941 0:4 ruxhal::arch::aarch64::trap:62] [36mHandle supervisor call 134[m
[m[37m[1733834993.499154 0:4 ruxmusl::trap:25] [33mSyscall id: RT_SIGACTION[m
[m[37m[1733834993.499342 0:4 ruxmusl::aarch64:8] [36msyscall <= syscall_name: RT_SIGACTION[m
[m[37m[1733834993.499608 0:4 ruxos_posix_api::imp::rt_sig:93] [36msys_rt_sigaction <= sig: 17[m
[m[37m[1733834993.499873 0:4 ruxos_posix_api::imp::rt_sig:94] [36msys_rt_sigaction => Ok(0)[m
[m[37m[1733834993.500575 0:4 ruxhal::arch::aarch64::trap:62] [36mHandle supervisor call 173[m
[m[37m[1733834993.500791 0:4 ruxmusl::trap:25] [33mSyscall id: GETPPID[m
[m[37m[1733834993.500966 0:4 ruxmusl::aarch64:8] [36msyscall <= syscall_name: GETPPID[m
[m[37m[1733834993.501228 0:4 ruxos_posix_api::imp::task:52] [36msys_getppid => Ok(1)[m
[m[37m[1733834993.501894 0:4 ruxhal::arch::aarch64::trap:62] [36mHandle supervisor call 160[m
[m[37m[1733834993.502110 0:4 ruxmusl::trap:25] [33mSyscall id: UNAME[m
[m[37m[1733834993.502283 0:4 ruxmusl::aarch64:8] [36msyscall <= syscall_name: UNAME[m
[m[37m[1733834993.502538 0:4 ruxos_posix_api::imp::sys:64] [36msys_uname not implemented[m
[m[37m[1733834993.502795 0:4 ruxos_posix_api::imp::sys:65] [36msys_uname => Ok(0)[m
[m[37m[1733834993.503119 0:4 ruxhal::arch::aarch64::trap:62] [36mHandle supervisor call 17[m
[m[37m[1733834993.503330 0:4 ruxmusl::trap:25] [33mSyscall id: GETCWD[m
[m[37m[1733834993.503504 0:4 ruxmusl::aarch64:8] [36msyscall <= syscall_name: GETCWD[m
[m[37m[1733834993.503774 0:4 ruxos_posix_api::imp::fs:318] [36msys_getcwd <= 0x7fffffffdb30 4096[m
[m[37m[1733834993.504149 0:4 ruxhal::arch::aarch64::trap:102] [36missue=0x47, vaddr=0x7fffffffdb30, cause=WRITE[m
[m[37m[1733834993.504406 0:4 ruxos_posix_api::imp::mmap::trap:61] [36mPage Fault Happening, vaddr:0x7fffffffd000, casue:WRITE, map_flags:MappingFlags(READ | WRITE | EXECUTE | USER)[m
[m[37m[1733834993.504854 0:4 ruxos_posix_api::imp::mmap::trap:113] [33mis copy-on-write: false, vaddr=0x7fffffffd000[m
[m[37m[1733834993.505325 0:4 ruxtask::run_queue:89] [36mcurrent task is to be preempted: Task(4, "init"), allow=true[m
[m[37m[1733834993.505900 0:4 ruxos_posix_api::imp::fs:319] [36msys_getcwd => Ok(2)[m
[m[37m[1733834993.506485 0:4 ruxhal::arch::aarch64::trap:62] [36mHandle supervisor call 29[m
[m[37m[1733834993.506698 0:4 ruxmusl::trap:25] [33mSyscall id: IOCTL[m
[m[37m[1733834993.506870 0:4 ruxmusl::aarch64:8] [36msyscall <= syscall_name: IOCTL[m
[m[37m[1733834993.507125 0:4 ruxos_posix_api::imp::ioctl:34] [36msys_ioctl <= fd: 0, request: 21523[m
[m[37m[1733834993.507430 0:4 ruxos_posix_api::imp::ioctl:35] [36msys_ioctl => Ok(0)[m
[m[37m[1733834993.507668 0:4 ruxhal::arch::aarch64::trap:62] [36mHandle supervisor call 29[m
[m[37m[1733834993.507877 0:4 ruxmusl::trap:25] [33mSyscall id: IOCTL[m
[m[37m[1733834993.508041 0:4 ruxmusl::aarch64:8] [36msyscall <= syscall_name: IOCTL[m
[m[37m[1733834993.508236 0:4 ruxos_posix_api::imp::ioctl:34] [36msys_ioctl <= fd: 1, request: 21523[m
[m[37m[1733834993.508465 0:4 ruxos_posix_api::imp::ioctl:35] [36msys_ioctl => Ok(0)[m
[m[37m[1733834993.508763 0:4 ruxhal::arch::aarch64::trap:62] [36mHandle supervisor call 134[m
[m[37m[1733834993.508986 0:4 ruxmusl::trap:25] [33mSyscall id: RT_SIGACTION[m
[m[37m[1733834993.509165 0:4 ruxmusl::aarch64:8] [36msyscall <= syscall_name: RT_SIGACTION[m
[m[37m[1733834993.509375 0:4 ruxos_posix_api::imp::rt_sig:93] [36msys_rt_sigaction <= sig: 1[m
[m[37m[1733834993.509589 0:4 ruxos_posix_api::imp::rt_sig:94] [36msys_rt_sigaction => Ok(0)[m
[m[37m[1733834993.509869 0:4 ruxhal::arch::aarch64::trap:62] [36mHandle supervisor call 134[m
[m[37m[1733834993.510082 0:4 ruxmusl::trap:25] [33mSyscall id: RT_SIGACTION[m
[m[37m[1733834993.510260 0:4 ruxmusl::aarch64:8] [36msyscall <= syscall_name: RT_SIGACTION[m
[m[37m[1733834993.510468 0:4 ruxos_posix_api::imp::rt_sig:93] [36msys_rt_sigaction <= sig: 2[m
[m[37m[1733834993.510684 0:4 ruxos_posix_api::imp::rt_sig:94] [36msys_rt_sigaction => Ok(0)[m
[m[37m[1733834993.510922 0:4 ruxhal::arch::aarch64::trap:62] [36mHandle supervisor call 134[m
[m[37m[1733834993.511135 0:4 ruxmusl::trap:25] [33mSyscall id: RT_SIGACTION[m
[m[37m[1733834993.511315 0:4 ruxmusl::aarch64:8] [36msyscall <= syscall_name: RT_SIGACTION[m
[m[37m[1733834993.511525 0:4 ruxos_posix_api::imp::rt_sig:93] [36msys_rt_sigaction <= sig: 2[m
[m[37m[1733834993.511739 0:4 ruxos_posix_api::imp::rt_sig:94] [36msys_rt_sigaction => Ok(0)[m
[m[37m[1733834993.511962 0:4 ruxhal::arch::aarch64::trap:62] [36mHandle supervisor call 134[m
[m[37m[1733834993.512179 0:4 ruxmusl::trap:25] [33mSyscall id: RT_SIGACTION[m
[m[37m[1733834993.512358 0:4 ruxmusl::aarch64:8] [36msyscall <= syscall_name: RT_SIGACTION[m
[m[37m[1733834993.512567 0:4 ruxos_posix_api::imp::rt_sig:93] [36msys_rt_sigaction <= sig: 3[m
[m[37m[1733834993.512780 0:4 ruxos_posix_api::imp::rt_sig:94] [36msys_rt_sigaction => Ok(0)[m
[m[37m[1733834993.513004 0:4 ruxhal::arch::aarch64::trap:62] [36mHandle supervisor call 134[m
[m[37m[1733834993.513221 0:4 ruxmusl::trap:25] [33mSyscall id: RT_SIGACTION[m
[m[37m[1733834993.513399 0:4 ruxmusl::aarch64:8] [36msyscall <= syscall_name: RT_SIGACTION[m
[m[37m[1733834993.513609 0:4 ruxos_posix_api::imp::rt_sig:93] [36msys_rt_sigaction <= sig: 3[m
[m[37m[1733834993.513823 0:4 ruxos_posix_api::imp::rt_sig:94] [36msys_rt_sigaction => Ok(0)[m
[m[37m[1733834993.514052 0:4 ruxhal::arch::aarch64::trap:62] [36mHandle supervisor call 134[m
[m[37m[1733834993.514265 0:4 ruxmusl::trap:25] [33mSyscall id: RT_SIGACTION[m
[m[37m[1733834993.514443 0:4 ruxmusl::aarch64:8] [36msyscall <= syscall_name: RT_SIGACTION[m
[m[37m[1733834993.514691 0:4 ruxos_posix_api::imp::rt_sig:93] [36msys_rt_sigaction <= sig: 15[m
[m[37m[1733834993.514917 0:4 ruxos_posix_api::imp::rt_sig:94] [36msys_rt_sigaction => Ok(0)[m
[m[37m[1733834993.515131 0:4 ruxhal::arch::aarch64::trap:62] [36mHandle supervisor call 134[m
[m[37m[1733834993.515343 0:4 ruxmusl::trap:25] [33mSyscall id: RT_SIGACTION[m
[m[37m[1733834993.515524 0:4 ruxmusl::aarch64:8] [36msyscall <= syscall_name: RT_SIGACTION[m
[m[37m[1733834993.515733 0:4 ruxos_posix_api::imp::rt_sig:93] [36msys_rt_sigaction <= sig: 15[m
[m[37m[1733834993.515947 0:4 ruxos_posix_api::imp::rt_sig:94] [36msys_rt_sigaction => Ok(0)[m
[m[37m[1733834993.516231 0:4 ruxhal::arch::aarch64::trap:62] [36mHandle supervisor call 222[m
[m[37m[1733834993.516444 0:4 ruxmusl::trap:25] [33mSyscall id: MMAP[m
[m[37m[1733834993.516606 0:4 ruxmusl::aarch64:8] [36msyscall <= syscall_name: MMAP[m
[m[37m[1733834993.516799 0:4 ruxos_posix_api::imp::mmap::api:45] [36msys_mmap <= start: 0x0, len: 0x11000, prot:0x3, flags:0x22, fd: -1[m
[m[37m[1733834993.517303 0:4 ruxos_posix_api::imp::mmap::api:49] [36msys_mmap => Ok(0x500000006000)[m
[m[37m[1733834993.517539 0:4 ruxhal::arch::aarch64::trap:102] [36missue=0x7, vaddr=0x500000006008, cause=READ[m
[m[37m[1733834993.517806 0:4 ruxos_posix_api::imp::mmap::trap:61] [36mPage Fault Happening, vaddr:0x500000006000, casue:READ, map_flags:MappingFlags(READ | WRITE | USER)[m
[m[37m[1733834993.518191 0:4 ruxos_posix_api::imp::mmap::trap:113] [33mis copy-on-write: false, vaddr=0x500000006000[m
[m[37m[1733834993.518480 0:4 ruxhal::arch::aarch64::trap:102] [36missue=0x47, vaddr=0x500000016090, cause=WRITE[m
[m[37m[1733834993.518735 0:4 ruxos_posix_api::imp::mmap::trap:61] [36mPage Fault Happening, vaddr:0x500000016000, casue:WRITE, map_flags:MappingFlags(READ | WRITE | USER)[m
[m[37m[1733834993.519119 0:4 ruxos_posix_api::imp::mmap::trap:113] [33mis copy-on-write: false, vaddr=0x500000016000[m
[m[37m[1733834993.519402 0:4 ruxhal::arch::aarch64::trap:102] [36missue=0x47, vaddr=0x500000007000, cause=WRITE[m
[m[37m[1733834993.519657 0:4 ruxos_posix_api::imp::mmap::trap:61] [36mPage Fault Happening, vaddr:0x500000007000, casue:WRITE, map_flags:MappingFlags(READ | WRITE | USER)[m
[m[37m[1733834993.520038 0:4 ruxos_posix_api::imp::mmap::trap:113] [33mis copy-on-write: false, vaddr=0x500000007000[m
[m[37m[1733834993.520323 0:4 ruxhal::arch::aarch64::trap:102] [36missue=0x47, vaddr=0x500000008000, cause=WRITE[m
[m[37m[1733834993.520579 0:4 ruxos_posix_api::imp::mmap::trap:61] [36mPage Fault Happening, vaddr:0x500000008000, casue:WRITE, map_flags:MappingFlags(READ | WRITE | USER)[m
[m[37m[1733834993.520958 0:4 ruxos_posix_api::imp::mmap::trap:113] [33mis copy-on-write: false, vaddr=0x500000008000[m
[m[37m[1733834993.521233 0:4 ruxhal::arch::aarch64::trap:102] [36missue=0x47, vaddr=0x500000009000, cause=WRITE[m
[m[37m[1733834993.521489 0:4 ruxos_posix_api::imp::mmap::trap:61] [36mPage Fault Happening, vaddr:0x500000009000, casue:WRITE, map_flags:MappingFlags(READ | WRITE | USER)[m
[m[37m[1733834993.521869 0:4 ruxos_posix_api::imp::mmap::trap:113] [33mis copy-on-write: false, vaddr=0x500000009000[m
[m[37m[1733834993.522143 0:4 ruxhal::arch::aarch64::trap:102] [36missue=0x47, vaddr=0x50000000a000, cause=WRITE[m
[m[37m[1733834993.522398 0:4 ruxos_posix_api::imp::mmap::trap:61] [36mPage Fault Happening, vaddr:0x50000000a000, casue:WRITE, map_flags:MappingFlags(READ | WRITE | USER)[m
[m[37m[1733834993.522778 0:4 ruxos_posix_api::imp::mmap::trap:113] [33mis copy-on-write: false, vaddr=0x50000000a000[m
[m[37m[1733834993.523050 0:4 ruxhal::arch::aarch64::trap:102] [36missue=0x47, vaddr=0x50000000b000, cause=WRITE[m
[m[37m[1733834993.523306 0:4 ruxos_posix_api::imp::mmap::trap:61] [36mPage Fault Happening, vaddr:0x50000000b000, casue:WRITE, map_flags:MappingFlags(READ | WRITE | USER)[m
[m[37m[1733834993.523686 0:4 ruxos_posix_api::imp::mmap::trap:113] [33mis copy-on-write: false, vaddr=0x50000000b000[m
[m[37m[1733834993.523956 0:4 ruxhal::arch::aarch64::trap:102] [36missue=0x47, vaddr=0x50000000c000, cause=WRITE[m
[m[37m[1733834993.524211 0:4 ruxos_posix_api::imp::mmap::trap:61] [36mPage Fault Happening, vaddr:0x50000000c000, casue:WRITE, map_flags:MappingFlags(READ | WRITE | USER)[m
[m[37m[1733834993.524619 0:4 ruxos_posix_api::imp::mmap::trap:113] [33mis copy-on-write: false, vaddr=0x50000000c000[m
[m[37m[1733834993.524918 0:4 ruxhal::arch::aarch64::trap:102] [36missue=0x47, vaddr=0x50000000d000, cause=WRITE[m
[m[37m[1733834993.525197 0:4 ruxos_posix_api::imp::mmap::trap:61] [36mPage Fault Happening, vaddr:0x50000000d000, casue:WRITE, map_flags:MappingFlags(READ | WRITE | USER)[m
[m[37m[1733834993.525617 0:4 ruxos_posix_api::imp::mmap::trap:113] [33mis copy-on-write: false, vaddr=0x50000000d000[m
[m[37m[1733834993.525915 0:4 ruxhal::arch::aarch64::trap:102] [36missue=0x47, vaddr=0x50000000e000, cause=WRITE[m
[m[37m[1733834993.526194 0:4 ruxos_posix_api::imp::mmap::trap:61] [36mPage Fault Happening, vaddr:0x50000000e000, casue:WRITE, map_flags:MappingFlags(READ | WRITE | USER)[m
[m[37m[1733834993.526607 0:4 ruxos_posix_api::imp::mmap::trap:113] [33mis copy-on-write: false, vaddr=0x50000000e000[m
[m[37m[1733834993.526905 0:4 ruxhal::arch::aarch64::trap:102] [36missue=0x47, vaddr=0x50000000f000, cause=WRITE[m
[m[37m[1733834993.527187 0:4 ruxos_posix_api::imp::mmap::trap:61] [36mPage Fault Happening, vaddr:0x50000000f000, casue:WRITE, map_flags:MappingFlags(READ | WRITE | USER)[m
[m[37m[1733834993.527609 0:4 ruxos_posix_api::imp::mmap::trap:113] [33mis copy-on-write: false, vaddr=0x50000000f000[m
[m[37m[1733834993.527909 0:4 ruxhal::arch::aarch64::trap:102] [36missue=0x47, vaddr=0x500000010000, cause=WRITE[m
[m[37m[1733834993.528189 0:4 ruxos_posix_api::imp::mmap::trap:61] [36mPage Fault Happening, vaddr:0x500000010000, casue:WRITE, map_flags:MappingFlags(READ | WRITE | USER)[m
[m[37m[1733834993.528605 0:4 ruxos_posix_api::imp::mmap::trap:113] [33mis copy-on-write: false, vaddr=0x500000010000[m
[m[37m[1733834993.528904 0:4 ruxhal::arch::aarch64::trap:102] [36missue=0x47, vaddr=0x500000011000, cause=WRITE[m
[m[37m[1733834993.529183 0:4 ruxos_posix_api::imp::mmap::trap:61] [36mPage Fault Happening, vaddr:0x500000011000, casue:WRITE, map_flags:MappingFlags(READ | WRITE | USER)[m
[m[37m[1733834993.529598 0:4 ruxos_posix_api::imp::mmap::trap:113] [33mis copy-on-write: false, vaddr=0x500000011000[m
[m[37m[1733834993.529894 0:4 ruxhal::arch::aarch64::trap:102] [36missue=0x47, vaddr=0x500000012000, cause=WRITE[m
[m[37m[1733834993.530172 0:4 ruxos_posix_api::imp::mmap::trap:61] [36mPage Fault Happening, vaddr:0x500000012000, casue:WRITE, map_flags:MappingFlags(READ | WRITE | USER)[m
[m[37m[1733834993.530587 0:4 ruxos_posix_api::imp::mmap::trap:113] [33mis copy-on-write: false, vaddr=0x500000012000[m
[m[37m[1733834993.530883 0:4 ruxhal::arch::aarch64::trap:102] [36missue=0x47, vaddr=0x500000013000, cause=WRITE[m
[m[37m[1733834993.531163 0:4 ruxos_posix_api::imp::mmap::trap:61] [36mPage Fault Happening, vaddr:0x500000013000, casue:WRITE, map_flags:MappingFlags(READ | WRITE | USER)[m
[m[37m[1733834993.531579 0:4 ruxos_posix_api::imp::mmap::trap:113] [33mis copy-on-write: false, vaddr=0x500000013000[m
[m[37m[1733834993.531875 0:4 ruxhal::arch::aarch64::trap:102] [36missue=0x47, vaddr=0x500000014000, cause=WRITE[m
[m[37m[1733834993.532156 0:4 ruxos_posix_api::imp::mmap::trap:61] [36mPage Fault Happening, vaddr:0x500000014000, casue:WRITE, map_flags:MappingFlags(READ | WRITE | USER)[m
[m[37m[1733834993.532572 0:4 ruxos_posix_api::imp::mmap::trap:113] [33mis copy-on-write: false, vaddr=0x500000014000[m
[m[37m[1733834993.532867 0:4 ruxhal::arch::aarch64::trap:102] [36missue=0x47, vaddr=0x500000015000, cause=WRITE[m
[m[37m[1733834993.533147 0:4 ruxos_posix_api::imp::mmap::trap:61] [36mPage Fault Happening, vaddr:0x500000015000, casue:WRITE, map_flags:MappingFlags(READ | WRITE | USER)[m
[m[37m[1733834993.533562 0:4 ruxos_posix_api::imp::mmap::trap:113] [33mis copy-on-write: false, vaddr=0x500000015000[m
[m[37m[1733834993.533971 0:4 ruxhal::arch::aarch64::trap:62] [36mHandle supervisor call 56[m
[m[37m[1733834993.534215 0:4 ruxmusl::trap:25] [33mSyscall id: OPENAT[m
[m[37m[1733834993.534403 0:4 ruxmusl::aarch64:8] [36msyscall <= syscall_name: OPENAT[m
[m[37m[1733834993.534808 0:4 ruxos_posix_api::imp::fs:85] [36msys_openat <= -100, Ok("/dev/tty"), 0o400002 0o0[m
[m[37m[1733834993.535242 0:4 ruxfs::fops:125] [36mopen file: /dev/tty READ | WRITE[m
[m[37m[1733834993.535443 0:4 ruxfs::root:90] [36mlookup at root: /dev/tty[m
[m[37m[1733834993.536036 0:4 ruxos_posix_api::imp::fs:86] [32msys_openat => Err(ENOENT)[m
[m[37m[1733834993.536333 0:4 ruxhal::arch::aarch64::trap:62] [36mHandle supervisor call 29[m
[m[37m[1733834993.536544 0:4 ruxmusl::trap:25] [33mSyscall id: IOCTL[m
[m[37m[1733834993.536708 0:4 ruxmusl::aarch64:8] [36msyscall <= syscall_name: IOCTL[m
[m[37m[1733834993.536904 0:4 ruxos_posix_api::imp::ioctl:34] [36msys_ioctl <= fd: 2, request: 21523[m
[m[37m[1733834993.537135 0:4 ruxos_posix_api::imp::ioctl:35] [36msys_ioctl => Ok(0)[m
[m[37m[1733834993.537386 0:4 ruxhal::arch::aarch64::trap:62] [36mHandle supervisor call 25[m
[m[37m[1733834993.537596 0:4 ruxmusl::trap:25] [33mSyscall id: FCNTL[m
[m[37m[1733834993.537769 0:4 ruxmusl::aarch64:8] [36msyscall <= syscall_name: FCNTL[m
[m[37m[1733834993.538029 0:4 ruxos_posix_api::imp::fd_ops:206] [36msys_fcntl <= fd: 2 cmd: 1030 arg: 10[m
[m[37m[1733834993.538599 0:4 ruxos_posix_api::imp::fd_ops:207] [36msys_fcntl => Ok(3)[m
[m[37m[1733834993.538840 0:4 ruxhal::arch::aarch64::trap:62] [36mHandle supervisor call 25[m
[m[37m[1733834993.539050 0:4 ruxmusl::trap:25] [33mSyscall id: FCNTL[m
[m[37m[1733834993.539213 0:4 ruxmusl::aarch64:8] [36msyscall <= syscall_name: FCNTL[m
[m[37m[1733834993.539407 0:4 ruxos_posix_api::imp::fd_ops:206] [36msys_fcntl <= fd: 3 cmd: 2 arg: 1[m
[m[37m[1733834993.539665 0:4 ruxos_posix_api::imp::fd_ops:207] [36msys_fcntl => Ok(0)[m
[m[37m[1733834993.539928 0:4 ruxhal::arch::aarch64::trap:62] [36mHandle supervisor call 29[m
[m[37m[1733834993.540138 0:4 ruxmusl::trap:25] [33mSyscall id: IOCTL[m
[m[37m[1733834993.540301 0:4 ruxmusl::aarch64:8] [36msyscall <= syscall_name: IOCTL[m
[m[37m[1733834993.540496 0:4 ruxos_posix_api::imp::ioctl:34] [36msys_ioctl <= fd: 3, request: 21519[m
[m[37m[1733834993.540773 0:4 ruxos_posix_api::imp::ioctl:64] [33mstdout TIOCGPGRP, pretend to be have a tty process group.[m
[m[37m[1733834993.541104 0:4 ruxos_posix_api::imp::stat:55] [36msys_getpgid: getting pgid of pid 0 [m
[m[37m[1733834993.541375 0:4 ruxos_posix_api::imp::stat:56] [36msys_getpgid => Ok(1000)[m
[m[37m[1733834993.541610 0:4 ruxos_posix_api::imp::ioctl:35] [36msys_ioctl => Ok(0)[m
[m[37m[1733834993.541844 0:4 ruxhal::arch::aarch64::trap:62] [36mHandle supervisor call 155[m
[m[37m[1733834993.542058 0:4 ruxmusl::trap:25] [33mSyscall id: GETPGID[m
[m[37m[1733834993.542235 0:4 ruxmusl::aarch64:8] [36msyscall <= syscall_name: GETPGID[m
[m[37m[1733834993.542439 0:4 ruxos_posix_api::imp::stat:55] [36msys_getpgid: getting pgid of pid 0 [m
[m[37m[1733834993.542669 0:4 ruxos_posix_api::imp::stat:56] [36msys_getpgid => Ok(1000)[m
[m[37m[1733834993.542909 0:4 ruxhal::arch::aarch64::trap:62] [36mHandle supervisor call 134[m
[m[37m[1733834993.543122 0:4 ruxmusl::trap:25] [33mSyscall id: RT_SIGACTION[m
[m[37m[1733834993.543299 0:4 ruxmusl::aarch64:8] [36msyscall <= syscall_name: RT_SIGACTION[m
[m[37m[1733834993.543509 0:4 ruxos_posix_api::imp::rt_sig:93] [36msys_rt_sigaction <= sig: 20[m
[m[37m[1733834993.543726 0:4 ruxos_posix_api::imp::rt_sig:94] [36msys_rt_sigaction => Ok(0)[m
[m[37m[1733834993.543946 0:4 ruxhal::arch::aarch64::trap:62] [36mHandle supervisor call 134[m
[m[37m[1733834993.544158 0:4 ruxmusl::trap:25] [33mSyscall id: RT_SIGACTION[m
[m[37m[1733834993.544341 0:4 ruxmusl::aarch64:8] [36msyscall <= syscall_name: RT_SIGACTION[m
[m[37m[1733834993.544578 0:4 ruxos_posix_api::imp::rt_sig:93] [36msys_rt_sigaction <= sig: 20[m
[m[37m[1733834993.544807 0:4 ruxos_posix_api::imp::rt_sig:94] [36msys_rt_sigaction => Ok(0)[m
[m[37m[1733834993.545028 0:4 ruxhal::arch::aarch64::trap:62] [36mHandle supervisor call 134[m
[m[37m[1733834993.545241 0:4 ruxmusl::trap:25] [33mSyscall id: RT_SIGACTION[m
[m[37m[1733834993.545420 0:4 ruxmusl::aarch64:8] [36msyscall <= syscall_name: RT_SIGACTION[m
[m[37m[1733834993.545633 0:4 ruxos_posix_api::imp::rt_sig:93] [36msys_rt_sigaction <= sig: 22[m
[m[37m[1733834993.545849 0:4 ruxos_posix_api::imp::rt_sig:94] [36msys_rt_sigaction => Ok(0)[m
[m[37m[1733834993.546069 0:4 ruxhal::arch::aarch64::trap:62] [36mHandle supervisor call 134[m
[m[37m[1733834993.546281 0:4 ruxmusl::trap:25] [33mSyscall id: RT_SIGACTION[m
[m[37m[1733834993.546460 0:4 ruxmusl::aarch64:8] [36msyscall <= syscall_name: RT_SIGACTION[m
[m[37m[1733834993.546669 0:4 ruxos_posix_api::imp::rt_sig:93] [36msys_rt_sigaction <= sig: 22[m
[m[37m[1733834993.546885 0:4 ruxos_posix_api::imp::rt_sig:94] [36msys_rt_sigaction => Ok(0)[m
[m[37m[1733834993.547102 0:4 ruxhal::arch::aarch64::trap:62] [36mHandle supervisor call 134[m
[m[37m[1733834993.547316 0:4 ruxmusl::trap:25] [33mSyscall id: RT_SIGACTION[m
[m[37m[1733834993.547495 0:4 ruxmusl::aarch64:8] [36msyscall <= syscall_name: RT_SIGACTION[m
[m[37m[1733834993.547709 0:4 ruxos_posix_api::imp::rt_sig:93] [36msys_rt_sigaction <= sig: 21[m
[m[37m[1733834993.547926 0:4 ruxos_posix_api::imp::rt_sig:94] [36msys_rt_sigaction => Ok(0)[m
[m[37m[1733834993.548163 0:4 ruxhal::arch::aarch64::trap:62] [36mHandle supervisor call 154[m
[m[37m[1733834993.548376 0:4 ruxmusl::trap:25] [33mSyscall id: SETPGID[m
[m[37m[1733834993.548552 0:4 ruxmusl::aarch64:8] [36msyscall <= syscall_name: SETPGID[m
[m[37m[1733834993.548816 0:4 ruxos_posix_api::imp::stat:61] [36msys_setpgid: pid 0, pgid 4 [m
[m[37m[1733834993.549078 0:4 ruxos_posix_api::imp::stat:62] [36msys_setpgid => Ok(0)[m
[m[37m[1733834993.549335 0:4 ruxhal::arch::aarch64::trap:62] [36mHandle supervisor call 29[m
[m[37m[1733834993.549545 0:4 ruxmusl::trap:25] [33mSyscall id: IOCTL[m
[m[37m[1733834993.549708 0:4 ruxmusl::aarch64:8] [36msyscall <= syscall_name: IOCTL[m
[m[37m[1733834993.549903 0:4 ruxos_posix_api::imp::ioctl:34] [36msys_ioctl <= fd: 3, request: 21520[m
[m[37m[1733834993.550169 0:4 ruxos_posix_api::imp::ioctl:60] [33mstdout pretend to be tty[m
[m[37m[1733834993.550382 0:4 ruxos_posix_api::imp::ioctl:35] [36msys_ioctl => Ok(0)[m
[m[37m[1733834993.551149 0:4 ruxhal::arch::aarch64::trap:62] [36mHandle supervisor call 79[m
[m[37m[1733834993.551371 0:4 ruxmusl::trap:25] [33mSyscall id: NEWFSTATAT[m
[m[37m[1733834993.551558 0:4 ruxmusl::aarch64:8] [36msyscall <= syscall_name: NEWFSTATAT[m
[m[37m[1733834993.551871 0:4 ruxos_posix_api::imp::fs:289] [36msys_newfstatat <= fd: -100, path: Ok("MAILPATH"), flag: 0[m
[m[37m[1733834993.552219 0:4 ruxfs::fops:125] [36mopen file: MAILPATH READ[m
[m[37m[1733834993.552421 0:4 ruxfs::root:90] [36mlookup at root: MAILPATH[m
[m[37m[1733834993.552599 0:4 rux9p::fs:445] [36mlookup 9pfs: MAILPATH[m
[m[37m[1733834993.553120 0:4 rux9p::drv:70] [36m9pfs request(110) occurs a error, errcode: 2[m
[m[37m[1733834993.553483 0:4 rux9p::fs:283] [36mtry_get failed "MAILPATH"==MAILPATH+None[m
[m[37m[1733834993.553793 0:4 ruxos_posix_api::imp::fs:293] [32msys_newfstatat => Err(ENOENT)[m
[m[37m[1733834993.556308 0:4 ruxhal::arch::aarch64::trap:62] [36mHandle supervisor call 29[m
[m[37m[1733834993.556572 0:4 ruxtask::run_queue:89] [36mcurrent task is to be preempted: Task(4, "init"), allow=true[m
[m[37m[1733834993.556858 0:4 ruxmusl::trap:25] [33mSyscall id: IOCTL[m
[m[37m[1733834993.557023 0:4 ruxmusl::aarch64:8] [36msyscall <= syscall_name: IOCTL[m
[m[37m[1733834993.557219 0:4 ruxos_posix_api::imp::ioctl:34] [36msys_ioctl <= fd: 0, request: 21505[m
[m[37m[1733834993.557497 0:4 ruxos_posix_api::imp::ioctl:56] [36msys_ioctl: tty TCGETS[m
[m[37m[1733834993.557701 0:4 ruxos_posix_api::imp::ioctl:35] [36msys_ioctl => Ok(0)[m
[m[37m[1733834993.558038 0:4 ruxhal::arch::aarch64::trap:62] [36mHandle supervisor call 222[m
[m[37m[1733834993.558252 0:4 ruxmusl::trap:25] [33mSyscall id: MMAP[m
[m[37m[1733834993.558415 0:4 ruxmusl::aarch64:8] [36msyscall <= syscall_name: MMAP[m
[m[37m[1733834993.558608 0:4 ruxos_posix_api::imp::mmap::api:45] [36msys_mmap <= start: 0x0, len: 0x7000, prot:0x3, flags:0x22, fd: -1[m
[m[37m[1733834993.559045 0:4 ruxos_posix_api::imp::mmap::api:49] [36msys_mmap => Ok(0x500000017000)[m
[m[37m[1733834993.559284 0:4 ruxhal::arch::aarch64::trap:102] [36missue=0x7, vaddr=0x500000017008, cause=READ[m
[m[37m[1733834993.559539 0:4 ruxos_posix_api::imp::mmap::trap:61] [36mPage Fault Happening, vaddr:0x500000017000, casue:READ, map_flags:MappingFlags(READ | WRITE | USER)[m
[m[37m[1733834993.559924 0:4 ruxos_posix_api::imp::mmap::trap:113] [33mis copy-on-write: false, vaddr=0x500000017000[m
[m[37m[1733834993.560209 0:4 ruxhal::arch::aarch64::trap:102] [36missue=0x47, vaddr=0x500000019060, cause=WRITE[m
[m[37m[1733834993.560467 0:4 ruxos_posix_api::imp::mmap::trap:61] [36mPage Fault Happening, vaddr:0x500000019000, casue:WRITE, map_flags:MappingFlags(READ | WRITE | USER)[m
[m[37m[1733834993.560857 0:4 ruxos_posix_api::imp::mmap::trap:113] [33mis copy-on-write: false, vaddr=0x500000019000[m
[m[37m[1733834993.561345 0:4 ruxhal::arch::aarch64::trap:102] [36missue=0x47, vaddr=0x500000018000, cause=WRITE[m
[m[37m[1733834993.561607 0:4 ruxos_posix_api::imp::mmap::trap:61] [36mPage Fault Happening, vaddr:0x500000018000, casue:WRITE, map_flags:MappingFlags(READ | WRITE | USER)[m
[m[37m[1733834993.561990 0:4 ruxos_posix_api::imp::mmap::trap:113] [33mis copy-on-write: false, vaddr=0x500000018000[m
[m[37m[1733834993.562299 0:4 ruxhal::arch::aarch64::trap:62] [36mHandle supervisor call 29[m
[m[37m[1733834993.562511 0:4 ruxmusl::trap:25] [33mSyscall id: IOCTL[m
[m[37m[1733834993.562675 0:4 ruxmusl::aarch64:8] [36msyscall <= syscall_name: IOCTL[m
[m[37m[1733834993.562871 0:4 ruxos_posix_api::imp::ioctl:34] [36msys_ioctl <= fd: 0, request: 21506[m
[m[37m[1733834993.563157 0:4 ruxos_posix_api::imp::ioctl:35] [32msys_ioctl => Err(EINVAL)[m
[m[37m[1733834993.563424 0:4 ruxhal::arch::aarch64::trap:62] [36mHandle supervisor call 29[m
[m[37m[1733834993.563635 0:4 ruxmusl::trap:25] [33mSyscall id: IOCTL[m
[m[37m[1733834993.563798 0:4 ruxmusl::aarch64:8] [36msyscall <= syscall_name: IOCTL[m
[m[37m[1733834993.563994 0:4 ruxos_posix_api::imp::ioctl:34] [36msys_ioctl <= fd: 0, request: 21523[m
[m[37m[1733834993.564223 0:4 ruxos_posix_api::imp::ioctl:35] [36msys_ioctl => Ok(0)[m
[m[37m[1733834993.564818 0:4 ruxhal::arch::aarch64::trap:62] [36mHandle supervisor call 175[m
[m[37m[1733834993.565065 0:4 ruxmusl::trap:25] [33mSyscall id: GETEUID[m
[m[37m[1733834993.565253 0:4 ruxmusl::aarch64:8] [36msyscall <= syscall_name: GETEUID[m
[m[37m[1733834993.565515 0:4 ruxos_posix_api::imp::stat:23] [36msys_geteuid => Ok(1000)[m
[m[37m[1733834993.565857 0:4 ruxhal::arch::aarch64::trap:62] [36mHandle supervisor call 56[m
[m[37m[1733834993.566068 0:4 ruxmusl::trap:25] [33mSyscall id: OPENAT[m
[m[37m[1733834993.566234 0:4 ruxmusl::aarch64:8] [36msyscall <= syscall_name: OPENAT[m
[m[37m[1733834993.566445 0:4 ruxos_posix_api::imp::fs:85] [36msys_openat <= -100, Ok("/etc/passwd"), 0o2400000 0o666[m
[m[37m[1733834993.566720 0:4 ruxfs::fops:125] [36mopen file: /etc/passwd READ[m
[m[37m[1733834993.566909 0:4 ruxfs::root:90] [36mlookup at root: /etc/passwd[m
[m[37m[1733834993.567278 0:4 ruxos_posix_api::imp::fs:86] [36msys_openat => Ok(4)[m
[m[37m[1733834993.567492 0:4 ruxhal::arch::aarch64::trap:62] [36mHandle supervisor call 25[m
[m[37m[1733834993.567702 0:4 ruxmusl::trap:25] [33mSyscall id: FCNTL[m
[m[37m[1733834993.567867 0:4 ruxmusl::aarch64:8] [36msyscall <= syscall_name: FCNTL[m
[m[37m[1733834993.568063 0:4 ruxos_posix_api::imp::fd_ops:206] [36msys_fcntl <= fd: 4 cmd: 2 arg: 1[m
[m[37m[1733834993.568293 0:4 ruxos_posix_api::imp::fd_ops:207] [36msys_fcntl => Ok(0)[m
[m[37m[1733834993.568559 0:4 ruxhal::arch::aarch64::trap:62] [36mHandle supervisor call 25[m
[m[37m[1733834993.568771 0:4 ruxmusl::trap:25] [33mSyscall id: FCNTL[m
[m[37m[1733834993.568938 0:4 ruxmusl::aarch64:8] [36msyscall <= syscall_name: FCNTL[m
[m[37m[1733834993.569133 0:4 ruxos_posix_api::imp::fd_ops:206] [36msys_fcntl <= fd: 4 cmd: 2 arg: 1[m
[m[37m[1733834993.569363 0:4 ruxos_posix_api::imp::fd_ops:207] [36msys_fcntl => Ok(0)[m
[m[37m[1733834993.569876 0:4 ruxhal::arch::aarch64::trap:62] [36mHandle supervisor call 63[m
[m[37m[1733834993.570089 0:4 ruxmusl::trap:25] [33mSyscall id: READ[m
[m[37m[1733834993.570259 0:4 ruxmusl::aarch64:8] [36msyscall <= syscall_name: READ[m
[m[37m[1733834993.570529 0:4 ruxos_posix_api::imp::io:23] [36msys_read <= 4 0x500000002640 1024[m
[m[37m[1733834993.570987 0:4 ruxos_posix_api::imp::io:24] [36msys_read => Ok(32)[m
[m[37m[1733834993.571915 0:4 ruxhal::arch::aarch64::trap:62] [36mHandle supervisor call 63[m
[m[37m[1733834993.572130 0:4 ruxmusl::trap:25] [33mSyscall id: READ[m
[m[37m[1733834993.572303 0:4 ruxmusl::aarch64:8] [36msyscall <= syscall_name: READ[m
[m[37m[1733834993.572496 0:4 ruxos_posix_api::imp::io:23] [36msys_read <= 4 0x500000002640 1024[m
[m[37m[1733834993.572719 0:4 ruxos_posix_api::imp::io:24] [36msys_read => Ok(0)[m
[m[37m[1733834993.573066 0:4 ruxhal::arch::aarch64::trap:62] [36mHandle supervisor call 57[m
[m[37m[1733834993.573277 0:4 ruxmusl::trap:25] [33mSyscall id: CLOSE[m
[m[37m[1733834993.573449 0:4 ruxmusl::aarch64:8] [36msyscall <= syscall_name: CLOSE[m
[m[37m[1733834993.573698 0:4 ruxos_posix_api::imp::fd_ops:129] [36msys_close <= 4[m
[m[37m[1733834993.574128 0:4 ruxos_posix_api::imp::fd_ops:133] [36msys_close => Ok(0)[m
[m[37m[1733834993.574593 0:4 ruxhal::arch::aarch64::trap:62] [36mHandle supervisor call 198[m
[m[37m[1733834993.574839 0:4 ruxmusl::trap:25] [33mSyscall id: INVALID[m
[m[37m[1733834993.575042 0:4 ruxmusl::trap:27] [31mInvalid syscall id 198[m
[m[37m[1733834993.575218 0:4 ruxmusl::aarch64:8] [36msyscall <= syscall_name: INVALID[m
[m[37m[1733834993.575418 0:4 ruxos_posix_api::imp:46] [36msys_invalid <= id: 999[m
[m[37m[1733834993.575610 0:4 ruxos_posix_api::imp:47] [32msys_invalid => Err(ENOSYS)[m
[m[37m[1733834993.576190 0:4 ruxhal::arch::aarch64::trap:62] [36mHandle supervisor call 175[m
[m[37m[1733834993.576404 0:4 ruxmusl::trap:25] [33mSyscall id: GETEUID[m
[m[37m[1733834993.576571 0:4 ruxmusl::aarch64:8] [36msyscall <= syscall_name: GETEUID[m
[m[37m[1733834993.576771 0:4 ruxos_posix_api::imp::stat:23] [36msys_geteuid => Ok(1000)[m
[m[37m[1733834993.577441 0:4 ruxhal::arch::aarch64::trap:62] [36mHandle supervisor call 73[m
[m[37m[1733834993.577657 0:4 ruxmusl::trap:25] [33mSyscall id: PPOLL[m
[m[37m[1733834993.577831 0:4 ruxmusl::aarch64:8] [36msyscall <= syscall_name: PPOLL[m
[m[37m[1733834993.578112 0:4 ruxos_posix_api::imp::io_mpx::poll:60] [36msys_ppoll <= nfds: 1 timeout: 0[m
[m[37m[1733834993.578410 0:4 ruxos_posix_api::imp::io_mpx::poll:66] [36msys_poll <= nfds: 1 timeout: 0 ms[m
[m[37m[1733834993.578858 0:4 ruxos_posix_api::imp::io_mpx::poll:68] [36msys_poll => Ok(1)[m
[m[37m[1733834993.579128 0:4 ruxhal::arch::aarch64::trap:62] [36mHandle supervisor call 134[m
[m[37m[1733834993.579342 0:4 ruxmusl::trap:25] [33mSyscall id: RT_SIGACTION[m
[m[37m[1733834993.579520 0:4 ruxmusl::aarch64:8] [36msyscall <= syscall_name: RT_SIGACTION[m
[m[37m[1733834993.579731 0:4 ruxos_posix_api::imp::rt_sig:93] [36msys_rt_sigaction <= sig: 28[m
[m[37m[1733834993.579948 0:4 ruxos_posix_api::imp::rt_sig:94] [36msys_rt_sigaction => Ok(0)[m
[m[37m[1733834993.580265 0:4 ruxhal::arch::aarch64::trap:62] [36mHandle supervisor call 29[m
[m[37m[1733834993.580477 0:4 ruxmusl::trap:25] [33mSyscall id: IOCTL[m
[m[37m[1733834993.580640 0:4 ruxmusl::aarch64:8] [36msyscall <= syscall_name: IOCTL[m
[m[37m[1733834993.580836 0:4 ruxos_posix_api::imp::ioctl:34] [36msys_ioctl <= fd: 1, request: 21523[m
[m[37m[1733834993.581066 0:4 ruxos_posix_api::imp::ioctl:35] [36msys_ioctl => Ok(0)[m
[m[37m[1733834993.581288 0:4 ruxhal::arch::aarch64::trap:62] [36mHandle supervisor call 66[m
[m[37m[1733834993.581499 0:4 ruxmusl::trap:25] [33mSyscall id: WRITEV[m
[m[37m[1733834993.581672 0:4 ruxmusl::aarch64:8] [36msyscall <= syscall_name: WRITEV[m
[m[37m[1733834993.581928 0:4 ruxos_posix_api::imp::io:68] [36msys_writev <= fd: 1, iocnt: 2[m
[m[37m[1733834993.582239 0:4 ruxos_posix_api::imp::io:46] [36msys_write <= 1 0x59d9e3 4[m
[m/ $ [37m[1733834993.583177 0:4 ruxos_posix_api::imp::io:47] [36msys_write => Ok(4)[m
[m[37m[1733834993.583443 0:4 ruxos_posix_api::imp::io:69] [36msys_writev => Ok(4)[m
[m[37m[1733834993.583769 0:4 ruxhal::arch::aarch64::trap:62] [36mHandle supervisor call 73[m
[m[37m[1733834993.583980 0:4 ruxmusl::trap:25] [33mSyscall id: PPOLL[m
[m[37m[1733834993.584144 0:4 ruxmusl::aarch64:8] [36msyscall <= syscall_name: PPOLL[m
[m[37m[1733834993.584352 0:4 ruxos_posix_api::imp::io_mpx::poll:60] [36msys_ppoll <= nfds: 1 timeout: -1[m
[m[37m[1733834993.584656 0:4 ruxos_posix_api::imp::io_mpx::poll:66] [36msys_poll <= nfds: 1 timeout: -1 ms[m
[m[37m[1733834993.584913 0:4 ruxos_posix_api::imp::io_mpx::poll:68] [36msys_poll => Ok(1)[m
[m[37m[1733834993.585154 0:4 ruxhal::arch::aarch64::trap:62] [36mHandle supervisor call 63[m
[m[37m[1733834993.585365 0:4 ruxmusl::trap:25] [33mSyscall id: READ[m
[m[37m[1733834993.585533 0:4 ruxmusl::aarch64:8] [36msyscall <= syscall_name: READ[m
[m[37m[1733834993.585726 0:4 ruxos_posix_api::imp::io:23] [36msys_read <= 0 0x7fffffffe7f9 1[m
[m[37m[1733834999.383670 0:4 ruxos_posix_api::imp::io:24] [36msys_read => Ok(1)[m
[m[37m[1733834999.384465 0:4 ruxhal::arch::aarch64::trap:62] [36mHandle supervisor call 66[m
[m[37m[1733834999.384798 0:4 ruxmusl::trap:25] [33mSyscall id: WRITEV[m
[m[37m[1733834999.385005 0:4 ruxmusl::aarch64:8] [36msyscall <= syscall_name: WRITEV[m
[m[37m[1733834999.385203 0:4 ruxos_posix_api::imp::io:68] [36msys_writev <= fd: 1, iocnt: 2[m
[m[37m[1733834999.385417 0:4 ruxos_posix_api::imp::io:46] [36msys_write <= 1 0x59d9e3 1[m
[mh[37m[1733834999.385642 0:4 ruxos_posix_api::imp::io:47] [36msys_write => Ok(1)[m
[m[37m[1733834999.385837 0:4 ruxos_posix_api::imp::io:69] [36msys_writev => Ok(1)[m
[m[37m[1733834999.386038 0:4 ruxhal::arch::aarch64::trap:62] [36mHandle supervisor call 73[m
[m[37m[1733834999.386249 0:4 ruxmusl::trap:25] [33mSyscall id: PPOLL[m
[m[37m[1733834999.386414 0:4 ruxmusl::aarch64:8] [36msyscall <= syscall_name: PPOLL[m
[m[37m[1733834999.386610 0:4 ruxos_posix_api::imp::io_mpx::poll:60] [36msys_ppoll <= nfds: 1 timeout: -1[m
[m[37m[1733834999.386853 0:4 ruxos_posix_api::imp::io_mpx::poll:66] [36msys_poll <= nfds: 1 timeout: -1 ms[m
[m[37m[1733834999.387100 0:4 ruxos_posix_api::imp::io_mpx::poll:68] [36msys_poll => Ok(1)[m
[m[37m[1733834999.387313 0:4 ruxhal::arch::aarch64::trap:62] [36mHandle supervisor call 63[m
[m[37m[1733834999.387524 0:4 ruxmusl::trap:25] [33mSyscall id: READ[m
[m[37m[1733834999.387685 0:4 ruxmusl::aarch64:8] [36msyscall <= syscall_name: READ[m
[m[37m[1733834999.387879 0:4 ruxos_posix_api::imp::io:23] [36msys_read <= 0 0x7fffffffe7f9 1[m
[m[37m[1733834999.551455 0:4 ruxos_posix_api::imp::io:24] [36msys_read => Ok(1)[m
[m[37m[1733834999.551677 0:4 ruxhal::arch::aarch64::trap:62] [36mHandle supervisor call 66[m
[m[37m[1733834999.551891 0:4 ruxmusl::trap:25] [33mSyscall id: WRITEV[m
[m[37m[1733834999.552057 0:4 ruxmusl::aarch64:8] [36msyscall <= syscall_name: WRITEV[m
[m[37m[1733834999.552259 0:4 ruxos_posix_api::imp::io:68] [36msys_writev <= fd: 1, iocnt: 2[m
[m[37m[1733834999.552481 0:4 ruxos_posix_api::imp::io:46] [36msys_write <= 1 0x59d9e3 1[m
[me[37m[1733834999.552703 0:4 ruxos_posix_api::imp::io:47] [36msys_write => Ok(1)[m
[m[37m[1733834999.552895 0:4 ruxos_posix_api::imp::io:69] [36msys_writev => Ok(1)[m
[m[37m[1733834999.553090 0:4 ruxhal::arch::aarch64::trap:62] [36mHandle supervisor call 73[m
[m[37m[1733834999.553300 0:4 ruxmusl::trap:25] [33mSyscall id: PPOLL[m
[m[37m[1733834999.553465 0:4 ruxmusl::aarch64:8] [36msyscall <= syscall_name: PPOLL[m
[m[37m[1733834999.553661 0:4 ruxos_posix_api::imp::io_mpx::poll:60] [36msys_ppoll <= nfds: 1 timeout: -1[m
[m[37m[1733834999.553903 0:4 ruxos_posix_api::imp::io_mpx::poll:66] [36msys_poll <= nfds: 1 timeout: -1 ms[m
[m[37m[1733834999.554151 0:4 ruxos_posix_api::imp::io_mpx::poll:68] [36msys_poll => Ok(1)[m
[m[37m[1733834999.554364 0:4 ruxhal::arch::aarch64::trap:62] [36mHandle supervisor call 63[m
[m[37m[1733834999.554619 0:4 ruxmusl::trap:25] [33mSyscall id: READ[m
[m[37m[1733834999.554784 0:4 ruxmusl::aarch64:8] [36msyscall <= syscall_name: READ[m
[m[37m[1733834999.554977 0:4 ruxos_posix_api::imp::io:23] [36msys_read <= 0 0x7fffffffe7f9 1[m
[m[37m[1733834999.721795 0:4 ruxos_posix_api::imp::io:24] [36msys_read => Ok(1)[m
[m[37m[1733834999.722004 0:4 ruxhal::arch::aarch64::trap:62] [36mHandle supervisor call 66[m
[m[37m[1733834999.722235 0:4 ruxmusl::trap:25] [33mSyscall id: WRITEV[m
[m[37m[1733834999.722402 0:4 ruxmusl::aarch64:8] [36msyscall <= syscall_name: WRITEV[m
[m[37m[1733834999.722601 0:4 ruxos_posix_api::imp::io:68] [36msys_writev <= fd: 1, iocnt: 2[m
[m[37m[1733834999.722814 0:4 ruxos_posix_api::imp::io:46] [36msys_write <= 1 0x59d9e3 1[m
[ml[37m[1733834999.723036 0:4 ruxos_posix_api::imp::io:47] [36msys_write => Ok(1)[m
[m[37m[1733834999.723225 0:4 ruxos_posix_api::imp::io:69] [36msys_writev => Ok(1)[m
[m[37m[1733834999.723421 0:4 ruxhal::arch::aarch64::trap:62] [36mHandle supervisor call 73[m
[m[37m[1733834999.723633 0:4 ruxmusl::trap:25] [33mSyscall id: PPOLL[m
[m[37m[1733834999.723798 0:4 ruxmusl::aarch64:8] [36msyscall <= syscall_name: PPOLL[m
[m[37m[1733834999.723996 0:4 ruxos_posix_api::imp::io_mpx::poll:60] [36msys_ppoll <= nfds: 1 timeout: -1[m
[m[37m[1733834999.724238 0:4 ruxos_posix_api::imp::io_mpx::poll:66] [36msys_poll <= nfds: 1 timeout: -1 ms[m
[m[37m[1733834999.724483 0:4 ruxos_posix_api::imp::io_mpx::poll:68] [36msys_poll => Ok(1)[m
[m[37m[1733834999.724732 0:4 ruxhal::arch::aarch64::trap:62] [36mHandle supervisor call 63[m
[m[37m[1733834999.724966 0:4 ruxmusl::trap:25] [33mSyscall id: READ[m
[m[37m[1733834999.725127 0:4 ruxmusl::aarch64:8] [36msyscall <= syscall_name: READ[m
[m[37m[1733834999.725320 0:4 ruxos_posix_api::imp::io:23] [36msys_read <= 0 0x7fffffffe7f9 1[m
[m[37m[1733834999.897307 0:4 ruxos_posix_api::imp::io:24] [36msys_read => Ok(1)[m
[m[37m[1733834999.897517 0:4 ruxhal::arch::aarch64::trap:62] [36mHandle supervisor call 66[m
[m[37m[1733834999.897729 0:4 ruxmusl::trap:25] [33mSyscall id: WRITEV[m
[m[37m[1733834999.897897 0:4 ruxmusl::aarch64:8] [36msyscall <= syscall_name: WRITEV[m
[m[37m[1733834999.898096 0:4 ruxos_posix_api::imp::io:68] [36msys_writev <= fd: 1, iocnt: 2[m
[m[37m[1733834999.898315 0:4 ruxos_posix_api::imp::io:46] [36msys_write <= 1 0x59d9e3 1[m
[ml[37m[1733834999.898534 0:4 ruxos_posix_api::imp::io:47] [36msys_write => Ok(1)[m
[m[37m[1733834999.898724 0:4 ruxos_posix_api::imp::io:69] [36msys_writev => Ok(1)[m
[m[37m[1733834999.898926 0:4 ruxhal::arch::aarch64::trap:62] [36mHandle supervisor call 73[m
[m[37m[1733834999.899136 0:4 ruxmusl::trap:25] [33mSyscall id: PPOLL[m
[m[37m[1733834999.899301 0:4 ruxmusl::aarch64:8] [36msyscall <= syscall_name: PPOLL[m
[m[37m[1733834999.899496 0:4 ruxos_posix_api::imp::io_mpx::poll:60] [36msys_ppoll <= nfds: 1 timeout: -1[m
[m[37m[1733834999.899736 0:4 ruxos_posix_api::imp::io_mpx::poll:66] [36msys_poll <= nfds: 1 timeout: -1 ms[m
[m[37m[1733834999.899982 0:4 ruxos_posix_api::imp::io_mpx::poll:68] [36msys_poll => Ok(1)[m
[m[37m[1733834999.900193 0:4 ruxhal::arch::aarch64::trap:62] [36mHandle supervisor call 63[m
[m[37m[1733834999.900403 0:4 ruxmusl::trap:25] [33mSyscall id: READ[m
[m[37m[1733834999.900565 0:4 ruxmusl::aarch64:8] [36msyscall <= syscall_name: READ[m
[m[37m[1733834999.900759 0:4 ruxos_posix_api::imp::io:23] [36msys_read <= 0 0x7fffffffe7f9 1[m
[m[37m[1733835000.084351 0:4 ruxos_posix_api::imp::io:24] [36msys_read => Ok(1)[m
[m[37m[1733835000.084591 0:4 ruxhal::arch::aarch64::trap:62] [36mHandle supervisor call 66[m
[m[37m[1733835000.084812 0:4 ruxmusl::trap:25] [33mSyscall id: WRITEV[m
[m[37m[1733835000.084979 0:4 ruxmusl::aarch64:8] [36msyscall <= syscall_name: WRITEV[m
[m[37m[1733835000.085178 0:4 ruxos_posix_api::imp::io:68] [36msys_writev <= fd: 1, iocnt: 2[m
[m[37m[1733835000.085398 0:4 ruxos_posix_api::imp::io:46] [36msys_write <= 1 0x59d9e3 1[m
[mo[37m[1733835000.085627 0:4 ruxos_posix_api::imp::io:47] [36msys_write => Ok(1)[m
[m[37m[1733835000.085818 0:4 ruxos_posix_api::imp::io:69] [36msys_writev => Ok(1)[m
[m[37m[1733835000.086014 0:4 ruxhal::arch::aarch64::trap:62] [36mHandle supervisor call 73[m
[m[37m[1733835000.086226 0:4 ruxmusl::trap:25] [33mSyscall id: PPOLL[m
[m[37m[1733835000.086400 0:4 ruxmusl::aarch64:8] [36msyscall <= syscall_name: PPOLL[m
[m[37m[1733835000.086596 0:4 ruxos_posix_api::imp::io_mpx::poll:60] [36msys_ppoll <= nfds: 1 timeout: -1[m
[m[37m[1733835000.086837 0:4 ruxos_posix_api::imp::io_mpx::poll:66] [36msys_poll <= nfds: 1 timeout: -1 ms[m
[m[37m[1733835000.087083 0:4 ruxos_posix_api::imp::io_mpx::poll:68] [36msys_poll => Ok(1)[m
[m[37m[1733835000.087296 0:4 ruxhal::arch::aarch64::trap:62] [36mHandle supervisor call 63[m
[m[37m[1733835000.087507 0:4 ruxmusl::trap:25] [33mSyscall id: READ[m
[m[37m[1733835000.087669 0:4 ruxmusl::aarch64:8] [36msyscall <= syscall_name: READ[m
[m[37m[1733835000.087863 0:4 ruxos_posix_api::imp::io:23] [36msys_read <= 0 0x7fffffffe7f9 1[m
[m[37m[1733835000.377897 0:4 ruxos_posix_api::imp::io:24] [36msys_read => Ok(1)[m
[m[37m[1733835000.378281 0:4 ruxhal::arch::aarch64::trap:62] [36mHandle supervisor call 66[m
[m[37m[1733835000.378496 0:4 ruxmusl::trap:25] [33mSyscall id: WRITEV[m
[m[37m[1733835000.378663 0:4 ruxmusl::aarch64:8] [36msyscall <= syscall_name: WRITEV[m
[m[37m[1733835000.378874 0:4 ruxos_posix_api::imp::io:68] [36msys_writev <= fd: 1, iocnt: 2[m
[m[37m[1733835000.379094 0:4 ruxos_posix_api::imp::io:46] [36msys_write <= 1 0x59d9e3 0[m
[m[37m[1733835000.379305 0:4 ruxos_posix_api::imp::io:47] [36msys_write => Ok(0)[m
[m[37m[1733835000.379494 0:4 ruxos_posix_api::imp::io:46] [36msys_write <= 1 0x7fffffffe6cf 1[m
[m
[37m[1733835000.379782 0:4 ruxos_posix_api::imp::io:47] [36msys_write => Ok(1)[m
[m[37m[1733835000.380043 0:4 ruxos_posix_api::imp::io:69] [36msys_writev => Ok(1)[m
[m[37m[1733835000.380546 0:4 ruxhal::arch::aarch64::trap:62] [36mHandle supervisor call 233[m
[m[37m[1733835000.380839 0:4 ruxmusl::trap:25] [33mSyscall id: MADVISE[m
[m[37m[1733835000.381081 0:4 ruxmusl::aarch64:8] [36msyscall <= syscall_name: MADVISE[m
[m[37m[1733835000.381404 0:4 ruxos_posix_api::imp::mmap::api:543] [36msys_madvise <= addr: 0x500000018000, len: 4096, advice: 8[m
[m[37m[1733835000.381748 0:4 ruxos_posix_api::imp::mmap::api:547] [36msys_madvise => Ok(0)[m
[m[37m[1733835000.382096 0:4 ruxhal::arch::aarch64::trap:62] [36mHandle supervisor call 215[m
[m[37m[1733835000.382313 0:4 ruxmusl::trap:25] [33mSyscall id: MUNMAP[m
[m[37m[1733835000.382486 0:4 ruxmusl::aarch64:8] [36msyscall <= syscall_name: MUNMAP[m
[m[37m[1733835000.382741 0:4 ruxos_posix_api::imp::mmap::api:105] [36msys_munmap <= start: 0x500000017000, len: 0x7000[m
[m[37m[1733835000.384661 0:4 ruxos_posix_api::imp::mmap::api:106] [36msys_munmap => Ok(0)[m
[m[37m[1733835000.385025 0:4 ruxhal::arch::aarch64::trap:62] [36mHandle supervisor call 29[m
[m[37m[1733835000.385237 0:4 ruxmusl::trap:25] [33mSyscall id: IOCTL[m
[m[37m[1733835000.385403 0:4 ruxmusl::aarch64:8] [36msyscall <= syscall_name: IOCTL[m
[m[37m[1733835000.385605 0:4 ruxos_posix_api::imp::ioctl:34] [36msys_ioctl <= fd: 0, request: 21506[m
[m[37m[1733835000.385834 0:4 ruxos_posix_api::imp::ioctl:35] [32msys_ioctl => Err(EINVAL)[m
[m[37m[1733835000.386054 0:4 ruxhal::arch::aarch64::trap:62] [36mHandle supervisor call 134[m
[m[37m[1733835000.386269 0:4 ruxmusl::trap:25] [33mSyscall id: RT_SIGACTION[m
[m[37m[1733835000.386447 0:4 ruxmusl::aarch64:8] [36msyscall <= syscall_name: RT_SIGACTION[m
[m[37m[1733835000.386660 0:4 ruxos_posix_api::imp::rt_sig:93] [36msys_rt_sigaction <= sig: 28[m
[m[37m[1733835000.386878 0:4 ruxos_posix_api::imp::rt_sig:94] [36msys_rt_sigaction => Ok(0)[m
[m[37m[1733835000.388820 0:4 ruxhal::arch::aarch64::trap:62] [36mHandle supervisor call 79[m
[m[37m[1733835000.389038 0:4 ruxmusl::trap:25] [33mSyscall id: NEWFSTATAT[m
[m[37m[1733835000.389212 0:4 ruxmusl::aarch64:8] [36msyscall <= syscall_name: NEWFSTATAT[m
[m[37m[1733835000.389422 0:4 ruxos_posix_api::imp::fs:289] [36msys_newfstatat <= fd: -100, path: Ok("/sbin/hello"), flag: 0[m
[m[37m[1733835000.389727 0:4 ruxfs::fops:125] [36mopen file: /sbin/hello READ[m
[m[37m[1733835000.389918 0:4 ruxfs::root:90] [36mlookup at root: /sbin/hello[m
[m[37m[1733835000.390105 0:4 rux9p::fs:445] [36mlookup 9pfs: sbin/hello[m
[m[37m[1733835000.390536 0:4 rux9p::drv:70] [36m9pfs request(110) occurs a error, errcode: 2[m
[m[37m[1733835000.390768 0:4 rux9p::fs:283] [36mtry_get failed "sbin/hello"==sbin+Some("hello")[m
[m[37m[1733835000.391053 0:4 ruxos_posix_api::imp::fs:293] [32msys_newfstatat => Err(ENOENT)[m
[m[37m[1733835000.391307 0:4 ruxhal::arch::aarch64::trap:62] [36mHandle supervisor call 79[m
[m[37m[1733835000.391516 0:4 ruxmusl::trap:25] [33mSyscall id: NEWFSTATAT[m
[m[37m[1733835000.391692 0:4 ruxmusl::aarch64:8] [36msyscall <= syscall_name: NEWFSTATAT[m
[m[37m[1733835000.391899 0:4 ruxos_posix_api::imp::fs:289] [36msys_newfstatat <= fd: -100, path: Ok("/usr/sbin/hello"), flag: 0[m
[m[37m[1733835000.392195 0:4 ruxfs::fops:125] [36mopen file: /usr/sbin/hello READ[m
[m[37m[1733835000.392387 0:4 ruxfs::root:90] [36mlookup at root: /usr/sbin/hello[m
[m[37m[1733835000.392577 0:4 rux9p::fs:445] [36mlookup 9pfs: usr/sbin/hello[m
[m[37m[1733835000.392919 0:4 rux9p::drv:70] [36m9pfs request(110) occurs a error, errcode: 2[m
[m[37m[1733835000.393148 0:4 rux9p::fs:283] [36mtry_get failed "usr/sbin/hello"==usr+Some("sbin/hello")[m
[m[37m[1733835000.393393 0:4 ruxos_posix_api::imp::fs:293] [32msys_newfstatat => Err(ENOENT)[m
[m[37m[1733835000.393612 0:4 ruxhal::arch::aarch64::trap:62] [36mHandle supervisor call 79[m
[m[37m[1733835000.393822 0:4 ruxmusl::trap:25] [33mSyscall id: NEWFSTATAT[m
[m[37m[1733835000.393997 0:4 ruxmusl::aarch64:8] [36msyscall <= syscall_name: NEWFSTATAT[m
[m[37m[1733835000.394209 0:4 ruxos_posix_api::imp::fs:289] [36msys_newfstatat <= fd: -100, path: Ok("/bin/hello"), flag: 0[m
[m[37m[1733835000.394521 0:4 ruxfs::fops:125] [36mopen file: /bin/hello READ[m
[m[37m[1733835000.394715 0:4 ruxfs::root:90] [36mlookup at root: /bin/hello[m
[m[37m[1733835000.394895 0:4 rux9p::fs:445] [36mlookup 9pfs: bin/hello[m
[m[37m[1733835000.395423 0:4 rux9p::fs:401] [36mget_attr Ok(FileAttr { vaild: 6143, qid: _9PQid { ftype: 0, version: 1736011693, path: 3493426 }, mode: 33188, n_link: 1, uid: 1000, gid: 1000, rdev: 0, size: 8544, blk_size: 4096, n_blk: 24, atime_sec: 1733824429, atime_ns: 339016732, mtime_sec: 1733824429, mtime_ns: 165683403, ctime_sec: 1733824429, ctime_ns: 165683403, btime_sec: 0, btime_ns: 0, gen: 347149, date_version: 0 })[m
[m[37m[1733835000.396527 0:4 rux9p::fs:401] [36mget_attr Ok(FileAttr { vaild: 6143, qid: _9PQid { ftype: 0, version: 1736011693, path: 3493426 }, mode: 33188, n_link: 1, uid: 1000, gid: 1000, rdev: 0, size: 8544, blk_size: 4096, n_blk: 24, atime_sec: 1733824429, atime_ns: 339016732, mtime_sec: 1733824429, mtime_ns: 165683403, ctime_sec: 1733824429, ctime_ns: 165683403, btime_sec: 0, btime_ns: 0, gen: 347149, date_version: 0 })[m
[m[37m[1733835000.397697 0:4 ruxos_posix_api::imp::fs:293] [36msys_newfstatat => Ok(0)[m
[m[37m[1733835000.398215 0:4 ruxhal::arch::aarch64::trap:62] [36mHandle supervisor call 135[m
[m[37m[1733835000.398429 0:4 ruxmusl::trap:25] [33mSyscall id: RT_SIGPROCMASK[m
[m[37m[1733835000.398614 0:4 ruxmusl::aarch64:8] [36msyscall <= syscall_name: RT_SIGPROCMASK[m
[m[37m[1733835000.398833 0:4 ruxos_posix_api::imp::rt_sig:57] [36msys_rt_sigprocmask <= flag: 0, sigsetsize: 8[m
[m[37m[1733835000.399089 0:4 ruxos_posix_api::imp::rt_sig:62] [36msys_rt_sigprocmask => Ok(0)[m
[m[37m[1733835000.399331 0:4 ruxhal::arch::aarch64::trap:62] [36mHandle supervisor call 135[m
[m[37m[1733835000.399543 0:4 ruxmusl::trap:25] [33mSyscall id: RT_SIGPROCMASK[m
[m[37m[1733835000.399726 0:4 ruxmusl::aarch64:8] [36msyscall <= syscall_name: RT_SIGPROCMASK[m
[m[37m[1733835000.399940 0:4 ruxos_posix_api::imp::rt_sig:57] [36msys_rt_sigprocmask <= flag: 0, sigsetsize: 8[m
[m[37m[1733835000.400197 0:4 ruxos_posix_api::imp::rt_sig:62] [36msys_rt_sigprocmask => Ok(0)[m
[m[37m[1733835000.400508 0:4 ruxhal::arch::aarch64::trap:62] [36mHandle supervisor call 220[m
[m[37m[1733835000.400722 0:4 ruxmusl::trap:25] [33mSyscall id: CLONE[m
[m[37m[1733835000.400895 0:4 ruxmusl::aarch64:8] [36msyscall <= syscall_name: CLONE[m
[m[37m[1733835000.401167 0:4 ruxos_posix_api::imp::pthread:274] [36msys_clone <= flags: 11, stack: 0x0, ctid: 7fffffff[m
[m[37m[1733835000.403682 0:4 ruxtask::task:606] [31mchildren_stack_top=0xffff0000404ffd60[m
[m[37m[1733835000.404160 0:4 ruxtask::run_queue:46] [36mtask spawn: Task(5, "init")[m
[m[37m[1733835000.404428 0:4 ruxos_posix_api::imp::pthread:313] [33mfork_task success, pid: 5[m
[m[37m[1733835000.404763 0:4 ruxos_posix_api::imp::pthread:328] [36mwill sys_clone <= pid: 5[m
[m[37m[1733835000.405028 0:4 ruxos_posix_api::imp::pthread:279] [36msys_clone => Ok(5)[m
[m[37m[1733835000.405324 0:4 ruxhal::arch::aarch64::trap:102] [36missue=0x4f, vaddr=0x59b440, cause=WRITE[m
[m[37m[1733835000.405581 0:4 ruxos_posix_api::imp::mmap::trap:61] [36mPage Fault Happening, vaddr:0x59b000, casue:WRITE, map_flags:MappingFlags(READ | WRITE | EXECUTE | USER)[m
[m[37m[1733835000.406085 0:4 ruxos_posix_api::imp::mmap::trap:90] [36mmapping_flags: MappingFlags(READ | EXECUTE | USER)[m
[m[37m[1733835000.406405 0:4 ruxos_posix_api::imp::mmap::trap:113] [33mis copy-on-write: true, vaddr=0x59b000[m
[m[37m[1733835000.406963 0:4 ruxos_posix_api::imp::mmap::trap:220] [33mpte update page for vaddr=0x59b000, paddr=PA:0x40a09000, map_flag=MappingFlags(
    READ | WRITE | EXECUTE | USER,
)[m
[m[37m[1733835000.407654 0:4 ruxos_posix_api::imp::mmap::trap:236] [33melr_el1: 0x54dfa8[m
[m[37m[1733835000.407919 0:4 ruxhal::arch::aarch64::trap:62] [36mHandle supervisor call 135[m
[m[37m[1733835000.408135 0:4 ruxmusl::trap:25] [33mSyscall id: RT_SIGPROCMASK[m
[m[37m[1733835000.408320 0:4 ruxmusl::aarch64:8] [36msyscall <= syscall_name: RT_SIGPROCMASK[m
[m[37m[1733835000.408537 0:4 ruxos_posix_api::imp::rt_sig:57] [36msys_rt_sigprocmask <= flag: 2, sigsetsize: 8[m
[m[37m[1733835000.408794 0:4 ruxos_posix_api::imp::rt_sig:62] [36msys_rt_sigprocmask => Ok(0)[m
[m[37m[1733835000.409027 0:4 ruxhal::arch::aarch64::trap:102] [36missue=0x4f, vaddr=0x7fffffffe5f0, cause=WRITE[m
[m[37m[1733835000.409285 0:4 ruxos_posix_api::imp::mmap::trap:61] [36mPage Fault Happening, vaddr:0x7fffffffe000, casue:WRITE, map_flags:MappingFlags(READ | WRITE | EXECUTE | USER)[m
[m[37m[1733835000.409694 0:4 ruxos_posix_api::imp::mmap::trap:90] [36mmapping_flags: MappingFlags(READ | EXECUTE | USER)[m
[m[37m[1733835000.409972 0:4 ruxos_posix_api::imp::mmap::trap:113] [33mis copy-on-write: true, vaddr=0x7fffffffe000[m
[m[37m[1733835000.410242 0:4 ruxos_posix_api::imp::mmap::trap:220] [33mpte update page for vaddr=0x7fffffffe000, paddr=PA:0x40a0a000, map_flag=MappingFlags(
    READ | WRITE | EXECUTE | USER,
)[m
[m[37m[1733835000.410680 0:4 ruxos_posix_api::imp::mmap::trap:236] [33melr_el1: 0x5079f0[m
[m[37m[1733835000.410919 0:4 ruxhal::arch::aarch64::trap:62] [36mHandle supervisor call 135[m
[m[37m[1733835000.411134 0:4 ruxmusl::trap:25] [33mSyscall id: RT_SIGPROCMASK[m
[m[37m[1733835000.411318 0:4 ruxmusl::aarch64:8] [36msyscall <= syscall_name: RT_SIGPROCMASK[m
[m[37m[1733835000.411534 0:4 ruxos_posix_api::imp::rt_sig:57] [36msys_rt_sigprocmask <= flag: 2, sigsetsize: 8[m
[m[37m[1733835000.411788 0:4 ruxos_posix_api::imp::rt_sig:62] [36msys_rt_sigprocmask => Ok(0)[m
[m[37m[1733835000.412064 0:4 ruxhal::arch::aarch64::trap:62] [36mHandle supervisor call 154[m
[m[37m[1733835000.412281 0:4 ruxmusl::trap:25] [33mSyscall id: SETPGID[m
[m[37m[1733835000.412449 0:4 ruxmusl::aarch64:8] [36msyscall <= syscall_name: SETPGID[m
[m[37m[1733835000.412651 0:4 ruxos_posix_api::imp::stat:61] [36msys_setpgid: pid 5, pgid 5 [m
[m[37m[1733835000.412865 0:4 ruxos_posix_api::imp::stat:62] [36msys_setpgid => Ok(0)[m
[m[37m[1733835000.413098 0:4 ruxhal::arch::aarch64::trap:102] [36missue=0x4f, vaddr=0x59deac, cause=WRITE[m
[m[37m[1733835000.413343 0:4 ruxos_posix_api::imp::mmap::trap:61] [36mPage Fault Happening, vaddr:0x59d000, casue:WRITE, map_flags:MappingFlags(READ | WRITE | EXECUTE | USER)[m
[m[37m[1733835000.413737 0:4 ruxos_posix_api::imp::mmap::trap:90] [36mmapping_flags: MappingFlags(READ | EXECUTE | USER)[m
[m[37m[1733835000.414014 0:4 ruxos_posix_api::imp::mmap::trap:113] [33mis copy-on-write: true, vaddr=0x59d000[m
[m[37m[1733835000.414282 0:4 ruxos_posix_api::imp::mmap::trap:220] [33mpte update page for vaddr=0x59d000, paddr=PA:0x40a0b000, map_flag=MappingFlags(
    READ | WRITE | EXECUTE | USER,
)[m
[m[37m[1733835000.414748 0:4 ruxos_posix_api::imp::mmap::trap:236] [33melr_el1: 0x453794[m
[m[37m[1733835000.415012 0:4 ruxhal::arch::aarch64::trap:102] [36missue=0x4f, vaddr=0x4f0158, cause=WRITE[m
[m[37m[1733835000.415281 0:4 ruxos_posix_api::imp::mmap::trap:61] [36mPage Fault Happening, vaddr:0x4f0000, casue:WRITE, map_flags:MappingFlags(READ | WRITE | EXECUTE | USER)[m
[m[37m[1733835000.415719 0:4 ruxos_posix_api::imp::mmap::trap:90] [36mmapping_flags: MappingFlags(READ | EXECUTE | USER)[m
[m[37m[1733835000.416023 0:4 ruxos_posix_api::imp::mmap::trap:113] [33mis copy-on-write: true, vaddr=0x4f0000[m
[m[37m[1733835000.416307 0:4 ruxos_posix_api::imp::mmap::trap:220] [33mpte update page for vaddr=0x4f0000, paddr=PA:0x40a0c000, map_flag=MappingFlags(
    READ | WRITE | EXECUTE | USER,
)[m
[m[37m[1733835000.416773 0:4 ruxos_posix_api::imp::mmap::trap:236] [33melr_el1: 0x4537d8[m
[m[37m[1733835000.417122 0:4 ruxhal::arch::aarch64::trap:102] [36missue=0x4f, vaddr=0x59a0c0, cause=WRITE[m
[m[37m[1733835000.417391 0:4 ruxos_posix_api::imp::mmap::trap:61] [36mPage Fault Happening, vaddr:0x59a000, casue:WRITE, map_flags:MappingFlags(READ | WRITE | EXECUTE | USER)[m
[m[37m[1733835000.417822 0:4 ruxos_posix_api::imp::mmap::trap:90] [36mmapping_flags: MappingFlags(READ | EXECUTE | USER)[m
[m[37m[1733835000.418125 0:4 ruxos_posix_api::imp::mmap::trap:113] [33mis copy-on-write: true, vaddr=0x59a000[m
[m[37m[1733835000.418439 0:4 ruxos_posix_api::imp::mmap::trap:220] [33mpte update page for vaddr=0x59a000, paddr=PA:0x40a0d000, map_flag=MappingFlags(
    READ | WRITE | EXECUTE | USER,
)[m
[m[37m[1733835000.418926 0:4 ruxos_posix_api::imp::mmap::trap:236] [33melr_el1: 0x451570[m
[m[37m[1733835000.419233 0:4 ruxhal::arch::aarch64::trap:102] [36missue=0x4f, vaddr=0x500000001288, cause=WRITE[m
[m[37m[1733835000.419528 0:4 ruxos_posix_api::imp::mmap::trap:61] [36mPage Fault Happening, vaddr:0x500000001000, casue:WRITE, map_flags:MappingFlags(READ | WRITE | USER)[m
[m[37m[1733835000.419952 0:4 ruxos_posix_api::imp::mmap::trap:90] [36mmapping_flags: MappingFlags(READ | EXECUTE | USER)[m
[m[37m[1733835000.420255 0:4 ruxos_posix_api::imp::mmap::trap:113] [33mis copy-on-write: true, vaddr=0x500000001000[m
[m[37m[1733835000.420552 0:4 ruxos_posix_api::imp::mmap::trap:220] [33mpte update page for vaddr=0x500000001000, paddr=PA:0x40a0e000, map_flag=MappingFlags(
    READ | WRITE | USER,
)[m
[m[37m[1733835000.421008 0:4 ruxos_posix_api::imp::mmap::trap:236] [33melr_el1: 0x51d084[m
[m[37m[1733835000.421336 0:4 ruxhal::arch::aarch64::trap:62] [36mHandle supervisor call 260[m
[m[37m[1733835000.421584 0:4 ruxmusl::trap:25] [33mSyscall id: WAIT4[m
[m[37m[1733835000.421781 0:4 ruxmusl::aarch64:8] [36msyscall <= syscall_name: WAIT4[m
[m[37m[1733835000.422044 0:4 ruxos_posix_api::imp::task:66] [36msys_wait4 <= pid: -1, wstatus: 0x7fffffffe64c, options: 2, rusage: 0x0[m
[m[37m[1733835000.422676 0:4 ruxtask::task:972] [33m-----------set_current-------------,next ptr=Task(5, "init")[m
[m[37m[1733835000.422940 0:5 ruxhal::arch::aarch64::context:146] [36mnew page table addr: 0x409ff000[m
[m[37m[1733835000.423174 0:5 ruxhal::arch::aarch64::context:147] [36mstack ptr for el1: 0xffff0000404ffd60[m
[m[37m[1733835000.423490 0:5 ruxhal:175] [31mret_from_clone is not implemented for x86_64 and riscv64[m
[m[37m[1733835000.423824 0:5 ruxhal::arch::aarch64::trap:62] [36mHandle supervisor call 178[m
[m[37m[1733835000.424039 0:5 ruxmusl::trap:25] [33mSyscall id: GETTID[m
[m[37m[1733835000.424215 0:5 ruxmusl::aarch64:8] [36msyscall <= syscall_name: GETTID[m
[m[37m[1733835000.424493 0:5 ruxos_posix_api::imp::task:33] [36msys_gettid => Ok(5)[m
[m[37m[1733835000.424737 0:5 ruxhal::arch::aarch64::trap:102] [36missue=0x44, vaddr=0x20003fffff58, cause=WRITE[m
[m[37m[1733835000.424999 0:5 ruxos_posix_api::imp::mmap::trap:61] [36mPage Fault Happening, vaddr:0x20003ffff000, casue:WRITE, map_flags:MappingFlags(READ | WRITE | EXECUTE | USER)[m
[m[37m[1733835000.425409 0:5 ruxos_posix_api::imp::mmap::trap:113] [33mis copy-on-write: false, vaddr=0x20003ffff000[m
[m[37m[1733835000.425707 0:5 ruxhal::arch::aarch64::trap:102] [36missue=0x4f, vaddr=0x59d268, cause=WRITE[m
[m[37m[1733835000.425952 0:5 ruxos_posix_api::imp::mmap::trap:61] [36mPage Fault Happening, vaddr:0x59d000, casue:WRITE, map_flags:MappingFlags(READ | WRITE | EXECUTE | USER)[m
[m[37m[1733835000.426346 0:5 ruxos_posix_api::imp::mmap::trap:90] [36mmapping_flags: MappingFlags(READ | EXECUTE | USER)[m
[m[37m[1733835000.426697 0:5 ruxhal::arch::aarch64::trap:102] [36missue=0x4f, vaddr=0x59b7c4, cause=WRITE[m
[m[37m[1733835000.426943 0:5 ruxos_posix_api::imp::mmap::trap:61] [36mPage Fault Happening, vaddr:0x59b000, casue:WRITE, map_flags:MappingFlags(READ | WRITE | EXECUTE | USER)[m
[m[37m[1733835000.427334 0:5 ruxos_posix_api::imp::mmap::trap:90] [36mmapping_flags: MappingFlags(READ | EXECUTE | USER)[m
[m[37m[1733835000.427630 0:5 ruxhal::arch::aarch64::trap:62] [36mHandle supervisor call 135[m
[m[37m[1733835000.427845 0:5 ruxmusl::trap:25] [33mSyscall id: RT_SIGPROCMASK[m
[m[37m[1733835000.428029 0:5 ruxmusl::aarch64:8] [36msyscall <= syscall_name: RT_SIGPROCMASK[m
[m[37m[1733835000.428246 0:5 ruxos_posix_api::imp::rt_sig:57] [36msys_rt_sigprocmask <= flag: 2, sigsetsize: 8[m
[m[37m[1733835000.428501 0:5 ruxos_posix_api::imp::rt_sig:62] [36msys_rt_sigprocmask => Ok(0)[m
[m[37m[1733835000.428722 0:5 ruxhal::arch::aarch64::trap:102] [36missue=0x4f, vaddr=0x7fffffffe5f0, cause=WRITE[m
[m[37m[1733835000.428982 0:5 ruxos_posix_api::imp::mmap::trap:61] [36mPage Fault Happening, vaddr:0x7fffffffe000, casue:WRITE, map_flags:MappingFlags(READ | WRITE | EXECUTE | USER)[m
[m[37m[1733835000.429390 0:5 ruxos_posix_api::imp::mmap::trap:90] [36mmapping_flags: MappingFlags(READ | EXECUTE | USER)[m
[m[37m[1733835000.429670 0:5 ruxhal::arch::aarch64::trap:62] [36mHandle supervisor call 135[m
[m[37m[1733835000.429885 0:5 ruxmusl::trap:25] [33mSyscall id: RT_SIGPROCMASK[m
[m[37m[1733835000.430069 0:5 ruxmusl::aarch64:8] [36msyscall <= syscall_name: RT_SIGPROCMASK[m
[m[37m[1733835000.430284 0:5 ruxos_posix_api::imp::rt_sig:57] [36msys_rt_sigprocmask <= flag: 2, sigsetsize: 8[m
[m[37m[1733835000.430541 0:5 ruxos_posix_api::imp::rt_sig:62] [36msys_rt_sigprocmask => Ok(0)[m
[m[37m[1733835000.430771 0:5 ruxhal::arch::aarch64::trap:102] [36missue=0x4f, vaddr=0x4f0e38, cause=WRITE[m
[m[37m[1733835000.431016 0:5 ruxos_posix_api::imp::mmap::trap:61] [36mPage Fault Happening, vaddr:0x4f0000, casue:WRITE, map_flags:MappingFlags(READ | WRITE | EXECUTE | USER)[m
[m[37m[1733835000.431409 0:5 ruxos_posix_api::imp::mmap::trap:90] [36mmapping_flags: MappingFlags(READ | EXECUTE | USER)[m
[m[37m[1733835000.431805 0:5 ruxhal::arch::aarch64::trap:62] [36mHandle supervisor call 172[m
[m[37m[1733835000.432020 0:5 ruxmusl::trap:25] [33mSyscall id: GETPID[m
[m[37m[1733835000.432189 0:5 ruxmusl::aarch64:8] [36msyscall <= syscall_name: GETPID[m
[m[37m[1733835000.432389 0:5 ruxos_posix_api::imp::task:47] [36msys_getpid => Ok(5)[m
[m[37m[1733835000.432594 0:5 ruxhal::arch::aarch64::trap:62] [36mHandle supervisor call 154[m
[m[37m[1733835000.432810 0:5 ruxmusl::trap:25] [33mSyscall id: SETPGID[m
[m[37m[1733835000.432983 0:5 ruxmusl::aarch64:8] [36msyscall <= syscall_name: SETPGID[m
[m[37m[1733835000.433184 0:5 ruxos_posix_api::imp::stat:61] [36msys_setpgid: pid 0, pgid 5 [m
[m[37m[1733835000.433400 0:5 ruxos_posix_api::imp::stat:62] [36msys_setpgid => Ok(0)[m
[m[37m[1733835000.433619 0:5 ruxhal::arch::aarch64::trap:62] [36mHandle supervisor call 29[m
[m[37m[1733835000.433831 0:5 ruxmusl::trap:25] [33mSyscall id: IOCTL[m
[m[37m[1733835000.433995 0:5 ruxmusl::aarch64:8] [36msyscall <= syscall_name: IOCTL[m
[m[37m[1733835000.434193 0:5 ruxos_posix_api::imp::ioctl:34] [36msys_ioctl <= fd: 3, request: 21520[m
[m[37m[1733835000.434425 0:5 ruxos_posix_api::imp::ioctl:60] [33mstdout pretend to be tty[m
[m[37m[1733835000.434678 0:5 ruxos_posix_api::imp::ioctl:35] [36msys_ioctl => Ok(0)[m
[m[37m[1733835000.434901 0:5 ruxhal::arch::aarch64::trap:62] [36mHandle supervisor call 134[m
[m[37m[1733835000.435115 0:5 ruxmusl::trap:25] [33mSyscall id: RT_SIGACTION[m
[m[37m[1733835000.435294 0:5 ruxmusl::aarch64:8] [36msyscall <= syscall_name: RT_SIGACTION[m
[m[37m[1733835000.435508 0:5 ruxos_posix_api::imp::rt_sig:93] [36msys_rt_sigaction <= sig: 20[m
[m[37m[1733835000.435725 0:5 ruxos_posix_api::imp::rt_sig:94] [36msys_rt_sigaction => Ok(0)[m
[m[37m[1733835000.435945 0:5 ruxhal::arch::aarch64::trap:62] [36mHandle supervisor call 134[m
[m[37m[1733835000.436161 0:5 ruxmusl::trap:25] [33mSyscall id: RT_SIGACTION[m
[m[37m[1733835000.436341 0:5 ruxmusl::aarch64:8] [36msyscall <= syscall_name: RT_SIGACTION[m
[m[37m[1733835000.436551 0:5 ruxos_posix_api::imp::rt_sig:93] [36msys_rt_sigaction <= sig: 22[m
[m[37m[1733835000.436770 0:5 ruxos_posix_api::imp::rt_sig:94] [36msys_rt_sigaction => Ok(0)[m
[m[37m[1733835000.436994 0:5 ruxhal::arch::aarch64::trap:62] [36mHandle supervisor call 134[m
[m[37m[1733835000.437207 0:5 ruxmusl::trap:25] [33mSyscall id: RT_SIGACTION[m
[m[37m[1733835000.437386 0:5 ruxmusl::aarch64:8] [36msyscall <= syscall_name: RT_SIGACTION[m
[m[37m[1733835000.437597 0:5 ruxos_posix_api::imp::rt_sig:93] [36msys_rt_sigaction <= sig: 2[m
[m[37m[1733835000.437813 0:5 ruxos_posix_api::imp::rt_sig:94] [36msys_rt_sigaction => Ok(0)[m
[m[37m[1733835000.438030 0:5 ruxhal::arch::aarch64::trap:62] [36mHandle supervisor call 134[m
[m[37m[1733835000.438245 0:5 ruxmusl::trap:25] [33mSyscall id: RT_SIGACTION[m
[m[37m[1733835000.438425 0:5 ruxmusl::aarch64:8] [36msyscall <= syscall_name: RT_SIGACTION[m
[m[37m[1733835000.438637 0:5 ruxos_posix_api::imp::rt_sig:93] [36msys_rt_sigaction <= sig: 15[m
[m[37m[1733835000.438856 0:5 ruxos_posix_api::imp::rt_sig:94] [36msys_rt_sigaction => Ok(0)[m
[m[37m[1733835000.439074 0:5 ruxhal::arch::aarch64::trap:62] [36mHandle supervisor call 134[m
[m[37m[1733835000.439289 0:5 ruxmusl::trap:25] [33mSyscall id: RT_SIGACTION[m
[m[37m[1733835000.439467 0:5 ruxmusl::aarch64:8] [36msyscall <= syscall_name: RT_SIGACTION[m
[m[37m[1733835000.439678 0:5 ruxos_posix_api::imp::rt_sig:93] [36msys_rt_sigaction <= sig: 3[m
[m[37m[1733835000.439892 0:5 ruxos_posix_api::imp::rt_sig:94] [36msys_rt_sigaction => Ok(0)[m
[m[37m[1733835000.440331 0:5 ruxhal::arch::aarch64::trap:102] [36missue=0x4f, vaddr=0x59a0c0, cause=WRITE[m
[m[37m[1733835000.440577 0:5 ruxos_posix_api::imp::mmap::trap:61] [36mPage Fault Happening, vaddr:0x59a000, casue:WRITE, map_flags:MappingFlags(READ | WRITE | EXECUTE | USER)[m
[m[37m[1733835000.440970 0:5 ruxos_posix_api::imp::mmap::trap:90] [36mmapping_flags: MappingFlags(READ | EXECUTE | USER)[m
[m[37m[1733835000.441372 0:5 ruxhal::arch::aarch64::trap:62] [36mHandle supervisor call 221[m
[m[37m[1733835000.441587 0:5 ruxmusl::trap:25] [33mSyscall id: EXECVE[m
[m[37m[1733835000.441761 0:5 ruxmusl::aarch64:8] [36msyscall <= syscall_name: EXECVE[m
[m[37m[1733835000.442021 0:5 ruxos_posix_api::imp::execve:20] [36mexecve: pathname 0x59a0d8, argv 5873840, envp 5873856[m
[m[37m[1733835000.442444 0:5 ruxos_posix_api::imp::execve:27] [36msys_execve: path is /bin/hello[m
[m[37m[1733835000.442724 0:5 ruxos_posix_api::imp::execve::load_elf:20] [36msys_execve: new elf prog: /bin/hello[m
[m[37m[1733835000.443061 0:5 ruxos_posix_api::imp::fs:73] [36msys_open <= Ok("/bin/hello") 0o2 0o0[m
[m[37m[1733835000.443352 0:5 ruxfs::fops:125] [36mopen file: /bin/hello READ | WRITE[m
[m[37m[1733835000.443558 0:5 ruxfs::root:90] [36mlookup at root: /bin/hello[m
[m[37m[1733835000.443741 0:5 rux9p::fs:445] [36mlookup 9pfs: bin/hello[m
[m[37m[1733835000.444423 0:5 rux9p::fs:401] [36mget_attr Ok(FileAttr { vaild: 6143, qid: _9PQid { ftype: 0, version: 1736011693, path: 3493426 }, mode: 33188, n_link: 1, uid: 1000, gid: 1000, rdev: 0, size: 8544, blk_size: 4096, n_blk: 24, atime_sec: 1733824429, atime_ns: 339016732, mtime_sec: 1733824429, mtime_ns: 165683403, ctime_sec: 1733824429, ctime_ns: 165683403, btime_sec: 0, btime_ns: 0, gen: 347149, date_version: 0 })[m
[m[37m[1733835000.445610 0:5 ruxos_posix_api::imp::fs:74] [36msys_open => Ok(4)[m
[m[37m[1733835000.445885 0:5 ruxos_posix_api::imp::fs:228] [36msys_fstat <= 4 0xffff0000404ff720[m
[m[37m[1733835000.446262 0:5 rux9p::fs:401] [36mget_attr Ok(FileAttr { vaild: 6143, qid: _9PQid { ftype: 0, version: 1736011693, path: 3493426 }, mode: 33188, n_link: 1, uid: 1000, gid: 1000, rdev: 0, size: 8544, blk_size: 4096, n_blk: 24, atime_sec: 1733824429, atime_ns: 339016732, mtime_sec: 1733824429, mtime_ns: 165683403, ctime_sec: 1733824429, ctime_ns: 165683403, btime_sec: 0, btime_ns: 0, gen: 347149, date_version: 0 })[m
[m[37m[1733835000.447308 0:5 ruxos_posix_api::imp::fs:229] [36msys_fstat => Ok(0)[m
[m[37m[1733835000.447561 0:5 ruxos_posix_api::imp::io:23] [36msys_read <= 4 0xffff000040450000 8544[m
[m[37m[1733835000.447796 0:5 rux9p::fs:556] [36mread 9pid:1 length: 8544[m
[m[37m[1733835000.448082 0:5 ruxos_posix_api::imp::io:24] [36msys_read => Ok(8544)[m
[m[37m[1733835000.448352 0:5 ruxos_posix_api::imp::execve::load_elf:35] [33msys_execve: read file size 0x2160, readsize 0x2160[m
[m[37m[1733835000.448646 0:5 ruxos_posix_api::imp::fd_ops:129] [36msys_close <= 4[m
[m[37m[1733835000.448937 0:5 ruxos_posix_api::imp::fd_ops:133] [36msys_close => Ok(0)[m
[m[37m[1733835000.449506 0:5 ruxos_posix_api::imp::mmap::api:45] [36msys_mmap <= start: 0x0, len: 0x11070, prot:0x7, flags:0x22, fd: -1[m
[m[37m[1733835000.449832 0:5 ruxos_posix_api::imp::mmap::api:49] [36msys_mmap => Ok(0x500000017000)[m
[m[37m[1733835000.450125 0:5 ruxhal::arch::aarch64::trap:102] [36missue=0x47, vaddr=0x500000017000, cause=WRITE[m
[m[37m[1733835000.450388 0:5 ruxos_posix_api::imp::mmap::trap:61] [36mPage Fault Happening, vaddr:0x500000017000, casue:WRITE, map_flags:MappingFlags(READ | WRITE | EXECUTE | USER)[m
[m[37m[1733835000.450808 0:5 ruxos_posix_api::imp::mmap::trap:113] [33mis copy-on-write: false, vaddr=0x500000017000[m
[m[37m[1733835000.451098 0:5 ruxhal::arch::aarch64::trap:102] [36missue=0x47, vaddr=0x500000027dc0, cause=WRITE[m
[m[37m[1733835000.451357 0:5 ruxos_posix_api::imp::mmap::trap:61] [36mPage Fault Happening, vaddr:0x500000027000, casue:WRITE, map_flags:MappingFlags(READ | WRITE | EXECUTE | USER)[m
[m[37m[1733835000.451762 0:5 ruxos_posix_api::imp::mmap::trap:113] [33mis copy-on-write: false, vaddr=0x500000027000[m
[m[37m[1733835000.452038 0:5 ruxhal::arch::aarch64::trap:102] [36missue=0x47, vaddr=0x500000028000, cause=WRITE[m
[m[37m[1733835000.452299 0:5 ruxos_posix_api::imp::mmap::trap:61] [36mPage Fault Happening, vaddr:0x500000028000, casue:WRITE, map_flags:MappingFlags(READ | WRITE | EXECUTE | USER)[m
[m[37m[1733835000.452706 0:5 ruxos_posix_api::imp::mmap::trap:113] [33mis copy-on-write: false, vaddr=0x500000028000[m
[m[37m[1733835000.453604 0:5 ruxos_posix_api::imp::execve::load_elf:91] [36msys_execve: loaded ELF in 0x500000017000, .text is 0x5000000176a0[m
[m[37m[1733835000.454040 0:5 ruxos_posix_api::imp::execve::load_elf:20] [36msys_execve: new elf prog: /lib/ld-musl-aarch64.so.1[m
[m[37m[1733835000.454341 0:5 ruxos_posix_api::imp::fs:73] [36msys_open <= Ok("/lib/ld-musl-aarch64.so.1") 0o2 0o0[m
[m[37m[1733835000.454668 0:5 ruxfs::fops:125] [36mopen file: /lib/ld-musl-aarch64.so.1 READ | WRITE[m
[m[37m[1733835000.454903 0:5 ruxfs::root:90] [36mlookup at root: /lib/ld-musl-aarch64.so.1[m
[m[37m[1733835000.455117 0:5 rux9p::fs:445] [36mlookup 9pfs: lib/ld-musl-aarch64.so.1[m
[m[37m[1733835000.455970 0:5 rux9p::fs:401] [36mget_attr Ok(FileAttr { vaild: 6143, qid: _9PQid { ftype: 0, version: 1763481214, path: 2950334 }, mode: 33261, n_link: 1, uid: 1000, gid: 1000, rdev: 0, size: 937986, blk_size: 4096, n_blk: 1840, atime_sec: 1733834993, atime_ns: 335364336, mtime_sec: 1733071998, mtime_ns: 401682498, ctime_sec: 1733071998, ctime_ns: 401682498, btime_sec: 0, btime_ns: 0, gen: 324795, date_version: 0 })[m
[m[37m[1733835000.456936 0:5 ruxos_posix_api::imp::fs:74] [36msys_open => Ok(4)[m
[m[37m[1733835000.457127 0:5 ruxos_posix_api::imp::fs:228] [36msys_fstat <= 4 0xffff0000404ff720[m
[m[37m[1733835000.457424 0:5 rux9p::fs:401] [36mget_attr Ok(FileAttr { vaild: 6143, qid: _9PQid { ftype: 0, version: 1763481214, path: 2950334 }, mode: 33261, n_link: 1, uid: 1000, gid: 1000, rdev: 0, size: 937986, blk_size: 4096, n_blk: 1840, atime_sec: 1733834993, atime_ns: 335364336, mtime_sec: 1733071998, mtime_ns: 401682498, ctime_sec: 1733071998, ctime_ns: 401682498, btime_sec: 0, btime_ns: 0, gen: 324795, date_version: 0 })[m
[m[37m[1733835000.458378 0:5 ruxos_posix_api::imp::fs:229] [36msys_fstat => Ok(0)[m
[m[37m[1733835000.458875 0:5 ruxos_posix_api::imp::io:23] [36msys_read <= 4 0xffff000040500000 937986[m
[m[37m[1733835000.459114 0:5 rux9p::fs:556] [36mread 9pid:2 length: 937986[m
[m[37m[1733835000.461904 0:5 ruxos_posix_api::imp::io:24] [36msys_read => Ok(937986)[m
[m[37m[1733835000.462171 0:5 ruxos_posix_api::imp::execve::load_elf:35] [33msys_execve: read file size 0xe5002, readsize 0xe5002[m
[m[37m[1733835000.462463 0:5 ruxos_posix_api::imp::fd_ops:129] [36msys_close <= 4[m
[m[37m[1733835000.462730 0:5 ruxos_posix_api::imp::fd_ops:133] [36msys_close => Ok(0)[m
[m[37m[1733835000.462936 0:5 ruxos_posix_api::imp::mmap::api:45] [36msys_mmap <= start: 0x0, len: 0xace70, prot:0x7, flags:0x22, fd: -1[m
[m[37m[1733835000.463249 0:5 ruxos_posix_api::imp::mmap::api:49] [36msys_mmap => Ok(0x500000029000)[m
[m[37m[1733835000.463484 0:5 ruxhal::arch::aarch64::trap:102] [36missue=0x47, vaddr=0x500000029000, cause=WRITE[m
[m[37m[1733835000.463743 0:5 ruxos_posix_api::imp::mmap::trap:61] [36mPage Fault Happening, vaddr:0x500000029000, casue:WRITE, map_flags:MappingFlags(READ | WRITE | EXECUTE | USER)[m
[m[37m[1733835000.464152 0:5 ruxos_posix_api::imp::mmap::trap:113] [33mis copy-on-write: false, vaddr=0x500000029000[m
[m[37m[1733835000.464433 0:5 ruxhal::arch::aarch64::trap:102] [36missue=0x47, vaddr=0x50000002a000, cause=WRITE[m
[m[37m[1733835000.464732 0:5 ruxos_posix_api::imp::mmap::trap:61] [36mPage Fault Happening, vaddr:0x50000002a000, casue:WRITE, map_flags:MappingFlags(READ | WRITE | EXECUTE | USER)[m
[m[37m[1733835000.465177 0:5 ruxos_posix_api::imp::mmap::trap:113] [33mis copy-on-write: false, vaddr=0x50000002a000[m
[m[37m[1733835000.465493 0:5 ruxhal::arch::aarch64::trap:102] [36missue=0x47, vaddr=0x50000002b000, cause=WRITE[m
[m[37m[1733835000.465820 0:5 ruxos_posix_api::imp::mmap::trap:61] [36mPage Fault Happening, vaddr:0x50000002b000, casue:WRITE, map_flags:MappingFlags(READ | WRITE | EXECUTE | USER)[m
[m[37m[1733835000.466226 0:5 ruxos_posix_api::imp::mmap::trap:113] [33mis copy-on-write: false, vaddr=0x50000002b000[m
[m[37m[1733835000.466501 0:5 ruxhal::arch::aarch64::trap:102] [36missue=0x47, vaddr=0x50000002c000, cause=WRITE[m
[m[37m[1733835000.466758 0:5 ruxos_posix_api::imp::mmap::trap:61] [36mPage Fault Happening, vaddr:0x50000002c000, casue:WRITE, map_flags:MappingFlags(READ | WRITE | EXECUTE | USER)[m
[m[37m[1733835000.467171 0:5 ruxos_posix_api::imp::mmap::trap:113] [33mis copy-on-write: false, vaddr=0x50000002c000[m
[m[37m[1733835000.467447 0:5 ruxhal::arch::aarch64::trap:102] [36missue=0x47, vaddr=0x50000002d000, cause=WRITE[m
[m[37m[1733835000.467704 0:5 ruxos_posix_api::imp::mmap::trap:61] [36mPage Fault Happening, vaddr:0x50000002d000, casue:WRITE, map_flags:MappingFlags(READ | WRITE | EXECUTE | USER)[m
[m[37m[1733835000.468110 0:5 ruxos_posix_api::imp::mmap::trap:113] [33mis copy-on-write: false, vaddr=0x50000002d000[m
[m[37m[1733835000.468386 0:5 ruxhal::arch::aarch64::trap:102] [36missue=0x47, vaddr=0x50000002e000, cause=WRITE[m
[m[37m[1733835000.468643 0:5 ruxos_posix_api::imp::mmap::trap:61] [36mPage Fault Happening, vaddr:0x50000002e000, casue:WRITE, map_flags:MappingFlags(READ | WRITE | EXECUTE | USER)[m
[m[37m[1733835000.469051 0:5 ruxos_posix_api::imp::mmap::trap:113] [33mis copy-on-write: false, vaddr=0x50000002e000[m
[m[37m[1733835000.469327 0:5 ruxhal::arch::aarch64::trap:102] [36missue=0x47, vaddr=0x50000002f000, cause=WRITE[m
[m[37m[1733835000.469586 0:5 ruxos_posix_api::imp::mmap::trap:61] [36mPage Fault Happening, vaddr:0x50000002f000, casue:WRITE, map_flags:MappingFlags(READ | WRITE | EXECUTE | USER)[m
[m[37m[1733835000.469990 0:5 ruxos_posix_api::imp::mmap::trap:113] [33mis copy-on-write: false, vaddr=0x50000002f000[m
[m[37m[1733835000.470265 0:5 ruxhal::arch::aarch64::trap:102] [36missue=0x47, vaddr=0x500000030000, cause=WRITE[m
[m[37m[1733835000.470524 0:5 ruxos_posix_api::imp::mmap::trap:61] [36mPage Fault Happening, vaddr:0x500000030000, casue:WRITE, map_flags:MappingFlags(READ | WRITE | EXECUTE | USER)[m
[m[37m[1733835000.470929 0:5 ruxos_posix_api::imp::mmap::trap:113] [33mis copy-on-write: false, vaddr=0x500000030000[m
[m[37m[1733835000.471202 0:5 ruxhal::arch::aarch64::trap:102] [36missue=0x47, vaddr=0x500000031000, cause=WRITE[m
[m[37m[1733835000.471460 0:5 ruxos_posix_api::imp::mmap::trap:61] [36mPage Fault Happening, vaddr:0x500000031000, casue:WRITE, map_flags:MappingFlags(READ | WRITE | EXECUTE | USER)[m
[m[37m[1733835000.471865 0:5 ruxos_posix_api::imp::mmap::trap:113] [33mis copy-on-write: false, vaddr=0x500000031000[m
[m[37m[1733835000.472141 0:5 ruxhal::arch::aarch64::trap:102] [36missue=0x47, vaddr=0x500000032000, cause=WRITE[m
[m[37m[1733835000.472399 0:5 ruxos_posix_api::imp::mmap::trap:61] [36mPage Fault Happening, vaddr:0x500000032000, casue:WRITE, map_flags:MappingFlags(READ | WRITE | EXECUTE | USER)[m
[m[37m[1733835000.472802 0:5 ruxos_posix_api::imp::mmap::trap:113] [33mis copy-on-write: false, vaddr=0x500000032000[m
[m[37m[1733835000.473079 0:5 ruxhal::arch::aarch64::trap:102] [36missue=0x47, vaddr=0x500000033000, cause=WRITE[m
[m[37m[1733835000.473336 0:5 ruxos_posix_api::imp::mmap::trap:61] [36mPage Fault Happening, vaddr:0x500000033000, casue:WRITE, map_flags:MappingFlags(READ | WRITE | EXECUTE | USER)[m
[m[37m[1733835000.473742 0:5 ruxos_posix_api::imp::mmap::trap:113] [33mis copy-on-write: false, vaddr=0x500000033000[m
[m[37m[1733835000.474015 0:5 ruxhal::arch::aarch64::trap:102] [36missue=0x47, vaddr=0x500000034000, cause=WRITE[m
[m[37m[1733835000.474273 0:5 ruxos_posix_api::imp::mmap::trap:61] [36mPage Fault Happening, vaddr:0x500000034000, casue:WRITE, map_flags:MappingFlags(READ | WRITE | EXECUTE | USER)[m
[m[37m[1733835000.474714 0:5 ruxos_posix_api::imp::mmap::trap:113] [33mis copy-on-write: false, vaddr=0x500000034000[m
[m[37m[1733835000.475026 0:5 ruxhal::arch::aarch64::trap:102] [36missue=0x47, vaddr=0x500000035000, cause=WRITE[m
[m[37m[1733835000.475297 0:5 ruxos_posix_api::imp::mmap::trap:61] [36mPage Fault Happening, vaddr:0x500000035000, casue:WRITE, map_flags:MappingFlags(READ | WRITE | EXECUTE | USER)[m
[m[37m[1733835000.475706 0:5 ruxos_posix_api::imp::mmap::trap:113] [33mis copy-on-write: false, vaddr=0x500000035000[m
[m[37m[1733835000.475983 0:5 ruxhal::arch::aarch64::trap:102] [36missue=0x47, vaddr=0x500000036000, cause=WRITE[m
[m[37m[1733835000.476244 0:5 ruxos_posix_api::imp::mmap::trap:61] [36mPage Fault Happening, vaddr:0x500000036000, casue:WRITE, map_flags:MappingFlags(READ | WRITE | EXECUTE | USER)[m
[m[37m[1733835000.476649 0:5 ruxos_posix_api::imp::mmap::trap:113] [33mis copy-on-write: false, vaddr=0x500000036000[m
[m[37m[1733835000.476923 0:5 ruxhal::arch::aarch64::trap:102] [36missue=0x47, vaddr=0x500000037000, cause=WRITE[m
[m[37m[1733835000.477180 0:5 ruxos_posix_api::imp::mmap::trap:61] [36mPage Fault Happening, vaddr:0x500000037000, casue:WRITE, map_flags:MappingFlags(READ | WRITE | EXECUTE | USER)[m
[m[37m[1733835000.477584 0:5 ruxos_posix_api::imp::mmap::trap:113] [33mis copy-on-write: false, vaddr=0x500000037000[m
[m[37m[1733835000.477858 0:5 ruxhal::arch::aarch64::trap:102] [36missue=0x47, vaddr=0x500000038000, cause=WRITE[m
[m[37m[1733835000.478115 0:5 ruxos_posix_api::imp::mmap::trap:61] [36mPage Fault Happening, vaddr:0x500000038000, casue:WRITE, map_flags:MappingFlags(READ | WRITE | EXECUTE | USER)[m
[m[37m[1733835000.478521 0:5 ruxos_posix_api::imp::mmap::trap:113] [33mis copy-on-write: false, vaddr=0x500000038000[m
[m[37m[1733835000.478794 0:5 ruxhal::arch::aarch64::trap:102] [36missue=0x47, vaddr=0x500000039000, cause=WRITE[m
[m[37m[1733835000.479053 0:5 ruxos_posix_api::imp::mmap::trap:61] [36mPage Fault Happening, vaddr:0x500000039000, casue:WRITE, map_flags:MappingFlags(READ | WRITE | EXECUTE | USER)[m
[m[37m[1733835000.479458 0:5 ruxos_posix_api::imp::mmap::trap:113] [33mis copy-on-write: false, vaddr=0x500000039000[m
[m[37m[1733835000.479732 0:5 ruxhal::arch::aarch64::trap:102] [36missue=0x47, vaddr=0x50000003a000, cause=WRITE[m
[m[37m[1733835000.479989 0:5 ruxos_posix_api::imp::mmap::trap:61] [36mPage Fault Happening, vaddr:0x50000003a000, casue:WRITE, map_flags:MappingFlags(READ | WRITE | EXECUTE | USER)[m
[m[37m[1733835000.480394 0:5 ruxos_posix_api::imp::mmap::trap:113] [33mis copy-on-write: false, vaddr=0x50000003a000[m
[m[37m[1733835000.480668 0:5 ruxhal::arch::aarch64::trap:102] [36missue=0x47, vaddr=0x50000003b000, cause=WRITE[m
[m[37m[1733835000.480925 0:5 ruxos_posix_api::imp::mmap::trap:61] [36mPage Fault Happening, vaddr:0x50000003b000, casue:WRITE, map_flags:MappingFlags(READ | WRITE | EXECUTE | USER)[m
[m[37m[1733835000.481330 0:5 ruxos_posix_api::imp::mmap::trap:113] [33mis copy-on-write: false, vaddr=0x50000003b000[m
[m[37m[1733835000.481604 0:5 ruxhal::arch::aarch64::trap:102] [36missue=0x47, vaddr=0x50000003c000, cause=WRITE[m
[m[37m[1733835000.481863 0:5 ruxos_posix_api::imp::mmap::trap:61] [36mPage Fault Happening, vaddr:0x50000003c000, casue:WRITE, map_flags:MappingFlags(READ | WRITE | EXECUTE | USER)[m
[m[37m[1733835000.482270 0:5 ruxos_posix_api::imp::mmap::trap:113] [33mis copy-on-write: false, vaddr=0x50000003c000[m
[m[37m[1733835000.482545 0:5 ruxhal::arch::aarch64::trap:102] [36missue=0x47, vaddr=0x50000003d000, cause=WRITE[m
[m[37m[1733835000.482801 0:5 ruxos_posix_api::imp::mmap::trap:61] [36mPage Fault Happening, vaddr:0x50000003d000, casue:WRITE, map_flags:MappingFlags(READ | WRITE | EXECUTE | USER)[m
[m[37m[1733835000.483208 0:5 ruxos_posix_api::imp::mmap::trap:113] [33mis copy-on-write: false, vaddr=0x50000003d000[m
[m[37m[1733835000.483483 0:5 ruxhal::arch::aarch64::trap:102] [36missue=0x47, vaddr=0x50000003e000, cause=WRITE[m
[m[37m[1733835000.483741 0:5 ruxos_posix_api::imp::mmap::trap:61] [36mPage Fault Happening, vaddr:0x50000003e000, casue:WRITE, map_flags:MappingFlags(READ | WRITE | EXECUTE | USER)[m
[m[37m[1733835000.484148 0:5 ruxos_posix_api::imp::mmap::trap:113] [33mis copy-on-write: false, vaddr=0x50000003e000[m
[m[37m[1733835000.484422 0:5 ruxhal::arch::aarch64::trap:102] [36missue=0x47, vaddr=0x50000003f000, cause=WRITE[m
[m[37m[1733835000.484721 0:5 ruxos_posix_api::imp::mmap::trap:61] [36mPage Fault Happening, vaddr:0x50000003f000, casue:WRITE, map_flags:MappingFlags(READ | WRITE | EXECUTE | USER)[m
[m[37m[1733835000.485168 0:5 ruxos_posix_api::imp::mmap::trap:113] [33mis copy-on-write: false, vaddr=0x50000003f000[m
[m[37m[1733835000.485481 0:5 ruxhal::arch::aarch64::trap:102] [36missue=0x47, vaddr=0x500000040000, cause=WRITE[m
[m[37m[1733835000.485758 0:5 ruxos_posix_api::imp::mmap::trap:61] [36mPage Fault Happening, vaddr:0x500000040000, casue:WRITE, map_flags:MappingFlags(READ | WRITE | EXECUTE | USER)[m
[m[37m[1733835000.486162 0:5 ruxos_posix_api::imp::mmap::trap:113] [33mis copy-on-write: false, vaddr=0x500000040000[m
[m[37m[1733835000.486435 0:5 ruxhal::arch::aarch64::trap:102] [36missue=0x47, vaddr=0x500000041000, cause=WRITE[m
[m[37m[1733835000.486692 0:5 ruxos_posix_api::imp::mmap::trap:61] [36mPage Fault Happening, vaddr:0x500000041000, casue:WRITE, map_flags:MappingFlags(READ | WRITE | EXECUTE | USER)[m
[m[37m[1733835000.487096 0:5 ruxos_posix_api::imp::mmap::trap:113] [33mis copy-on-write: false, vaddr=0x500000041000[m
[m[37m[1733835000.487371 0:5 ruxhal::arch::aarch64::trap:102] [36missue=0x47, vaddr=0x500000042000, cause=WRITE[m
[m[37m[1733835000.487628 0:5 ruxos_posix_api::imp::mmap::trap:61] [36mPage Fault Happening, vaddr:0x500000042000, casue:WRITE, map_flags:MappingFlags(READ | WRITE | EXECUTE | USER)[m
[m[37m[1733835000.488031 0:5 ruxos_posix_api::imp::mmap::trap:113] [33mis copy-on-write: false, vaddr=0x500000042000[m
[m[37m[1733835000.488307 0:5 ruxhal::arch::aarch64::trap:102] [36missue=0x47, vaddr=0x500000043000, cause=WRITE[m
[m[37m[1733835000.488564 0:5 ruxos_posix_api::imp::mmap::trap:61] [36mPage Fault Happening, vaddr:0x500000043000, casue:WRITE, map_flags:MappingFlags(READ | WRITE | EXECUTE | USER)[m
[m[37m[1733835000.488981 0:5 ruxos_posix_api::imp::mmap::trap:113] [33mis copy-on-write: false, vaddr=0x500000043000[m
[m[37m[1733835000.489254 0:5 ruxhal::arch::aarch64::trap:102] [36missue=0x47, vaddr=0x500000044000, cause=WRITE[m
[m[37m[1733835000.489511 0:5 ruxos_posix_api::imp::mmap::trap:61] [36mPage Fault Happening, vaddr:0x500000044000, casue:WRITE, map_flags:MappingFlags(READ | WRITE | EXECUTE | USER)[m
[m[37m[1733835000.489914 0:5 ruxos_posix_api::imp::mmap::trap:113] [33mis copy-on-write: false, vaddr=0x500000044000[m
[m[37m[1733835000.490187 0:5 ruxhal::arch::aarch64::trap:102] [36missue=0x47, vaddr=0x500000045000, cause=WRITE[m
[m[37m[1733835000.490444 0:5 ruxos_posix_api::imp::mmap::trap:61] [36mPage Fault Happening, vaddr:0x500000045000, casue:WRITE, map_flags:MappingFlags(READ | WRITE | EXECUTE | USER)[m
[m[37m[1733835000.490849 0:5 ruxos_posix_api::imp::mmap::trap:113] [33mis copy-on-write: false, vaddr=0x500000045000[m
[m[37m[1733835000.491122 0:5 ruxhal::arch::aarch64::trap:102] [36missue=0x47, vaddr=0x500000046000, cause=WRITE[m
[m[37m[1733835000.491379 0:5 ruxos_posix_api::imp::mmap::trap:61] [36mPage Fault Happening, vaddr:0x500000046000, casue:WRITE, map_flags:MappingFlags(READ | WRITE | EXECUTE | USER)[m
[m[37m[1733835000.491782 0:5 ruxos_posix_api::imp::mmap::trap:113] [33mis copy-on-write: false, vaddr=0x500000046000[m
[m[37m[1733835000.492055 0:5 ruxhal::arch::aarch64::trap:102] [36missue=0x47, vaddr=0x500000047000, cause=WRITE[m
[m[37m[1733835000.492313 0:5 ruxos_posix_api::imp::mmap::trap:61] [36mPage Fault Happening, vaddr:0x500000047000, casue:WRITE, map_flags:MappingFlags(READ | WRITE | EXECUTE | USER)[m
[m[37m[1733835000.492718 0:5 ruxos_posix_api::imp::mmap::trap:113] [33mis copy-on-write: false, vaddr=0x500000047000[m
[m[37m[1733835000.492991 0:5 ruxhal::arch::aarch64::trap:102] [36missue=0x47, vaddr=0x500000048000, cause=WRITE[m
[m[37m[1733835000.493248 0:5 ruxos_posix_api::imp::mmap::trap:61] [36mPage Fault Happening, vaddr:0x500000048000, casue:WRITE, map_flags:MappingFlags(READ | WRITE | EXECUTE | USER)[m
[m[37m[1733835000.493652 0:5 ruxos_posix_api::imp::mmap::trap:113] [33mis copy-on-write: false, vaddr=0x500000048000[m
[m[37m[1733835000.493925 0:5 ruxhal::arch::aarch64::trap:102] [36missue=0x47, vaddr=0x500000049000, cause=WRITE[m
[m[37m[1733835000.494185 0:5 ruxos_posix_api::imp::mmap::trap:61] [36mPage Fault Happening, vaddr:0x500000049000, casue:WRITE, map_flags:MappingFlags(READ | WRITE | EXECUTE | USER)[m
[m[37m[1733835000.494621 0:5 ruxos_posix_api::imp::mmap::trap:113] [33mis copy-on-write: false, vaddr=0x500000049000[m
[m[37m[1733835000.494931 0:5 ruxhal::arch::aarch64::trap:102] [36missue=0x47, vaddr=0x50000004a000, cause=WRITE[m
[m[37m[1733835000.495209 0:5 ruxos_posix_api::imp::mmap::trap:61] [36mPage Fault Happening, vaddr:0x50000004a000, casue:WRITE, map_flags:MappingFlags(READ | WRITE | EXECUTE | USER)[m
[m[37m[1733835000.495616 0:5 ruxos_posix_api::imp::mmap::trap:113] [33mis copy-on-write: false, vaddr=0x50000004a000[m
[m[37m[1733835000.495889 0:5 ruxhal::arch::aarch64::trap:102] [36missue=0x47, vaddr=0x50000004b000, cause=WRITE[m
[m[37m[1733835000.496146 0:5 ruxos_posix_api::imp::mmap::trap:61] [36mPage Fault Happening, vaddr:0x50000004b000, casue:WRITE, map_flags:MappingFlags(READ | WRITE | EXECUTE | USER)[m
[m[37m[1733835000.496549 0:5 ruxos_posix_api::imp::mmap::trap:113] [33mis copy-on-write: false, vaddr=0x50000004b000[m
[m[37m[1733835000.496822 0:5 ruxhal::arch::aarch64::trap:102] [36missue=0x47, vaddr=0x50000004c000, cause=WRITE[m
[m[37m[1733835000.497081 0:5 ruxos_posix_api::imp::mmap::trap:61] [36mPage Fault Happening, vaddr:0x50000004c000, casue:WRITE, map_flags:MappingFlags(READ | WRITE | EXECUTE | USER)[m
[m[37m[1733835000.497484 0:5 ruxos_posix_api::imp::mmap::trap:113] [33mis copy-on-write: false, vaddr=0x50000004c000[m
[m[37m[1733835000.497756 0:5 ruxhal::arch::aarch64::trap:102] [36missue=0x47, vaddr=0x50000004d000, cause=WRITE[m
[m[37m[1733835000.498013 0:5 ruxos_posix_api::imp::mmap::trap:61] [36mPage Fault Happening, vaddr:0x50000004d000, casue:WRITE, map_flags:MappingFlags(READ | WRITE | EXECUTE | USER)[m
[m[37m[1733835000.498416 0:5 ruxos_posix_api::imp::mmap::trap:113] [33mis copy-on-write: false, vaddr=0x50000004d000[m
[m[37m[1733835000.498690 0:5 ruxhal::arch::aarch64::trap:102] [36missue=0x47, vaddr=0x50000004e000, cause=WRITE[m
[m[37m[1733835000.498949 0:5 ruxos_posix_api::imp::mmap::trap:61] [36mPage Fault Happening, vaddr:0x50000004e000, casue:WRITE, map_flags:MappingFlags(READ | WRITE | EXECUTE | USER)[m
[m[37m[1733835000.499354 0:5 ruxos_posix_api::imp::mmap::trap:113] [33mis copy-on-write: false, vaddr=0x50000004e000[m
[m[37m[1733835000.499632 0:5 ruxhal::arch::aarch64::trap:102] [36missue=0x47, vaddr=0x50000004f000, cause=WRITE[m
[m[37m[1733835000.499891 0:5 ruxos_posix_api::imp::mmap::trap:61] [36mPage Fault Happening, vaddr:0x50000004f000, casue:WRITE, map_flags:MappingFlags(READ | WRITE | EXECUTE | USER)[m
[m[37m[1733835000.500295 0:5 ruxos_posix_api::imp::mmap::trap:113] [33mis copy-on-write: false, vaddr=0x50000004f000[m
[m[37m[1733835000.500567 0:5 ruxhal::arch::aarch64::trap:102] [36missue=0x47, vaddr=0x500000050000, cause=WRITE[m
[m[37m[1733835000.500824 0:5 ruxos_posix_api::imp::mmap::trap:61] [36mPage Fault Happening, vaddr:0x500000050000, casue:WRITE, map_flags:MappingFlags(READ | WRITE | EXECUTE | USER)[m
[m[37m[1733835000.501228 0:5 ruxos_posix_api::imp::mmap::trap:113] [33mis copy-on-write: false, vaddr=0x500000050000[m
[m[37m[1733835000.501503 0:5 ruxhal::arch::aarch64::trap:102] [36missue=0x47, vaddr=0x500000051000, cause=WRITE[m
[m[37m[1733835000.501760 0:5 ruxos_posix_api::imp::mmap::trap:61] [36mPage Fault Happening, vaddr:0x500000051000, casue:WRITE, map_flags:MappingFlags(READ | WRITE | EXECUTE | USER)[m
[m[37m[1733835000.502167 0:5 ruxos_posix_api::imp::mmap::trap:113] [33mis copy-on-write: false, vaddr=0x500000051000[m
[m[37m[1733835000.502439 0:5 ruxhal::arch::aarch64::trap:102] [36missue=0x47, vaddr=0x500000052000, cause=WRITE[m
[m[37m[1733835000.502697 0:5 ruxos_posix_api::imp::mmap::trap:61] [36mPage Fault Happening, vaddr:0x500000052000, casue:WRITE, map_flags:MappingFlags(READ | WRITE | EXECUTE | USER)[m
[m[37m[1733835000.503106 0:5 ruxos_posix_api::imp::mmap::trap:113] [33mis copy-on-write: false, vaddr=0x500000052000[m
[m[37m[1733835000.503379 0:5 ruxhal::arch::aarch64::trap:102] [36missue=0x47, vaddr=0x500000053000, cause=WRITE[m
[m[37m[1733835000.503635 0:5 ruxos_posix_api::imp::mmap::trap:61] [36mPage Fault Happening, vaddr:0x500000053000, casue:WRITE, map_flags:MappingFlags(READ | WRITE | EXECUTE | USER)[m
[m[37m[1733835000.504040 0:5 ruxos_posix_api::imp::mmap::trap:113] [33mis copy-on-write: false, vaddr=0x500000053000[m
[m[37m[1733835000.504312 0:5 ruxhal::arch::aarch64::trap:102] [36missue=0x47, vaddr=0x500000054000, cause=WRITE[m
[m[37m[1733835000.504595 0:5 ruxos_posix_api::imp::mmap::trap:61] [36mPage Fault Happening, vaddr:0x500000054000, casue:WRITE, map_flags:MappingFlags(READ | WRITE | EXECUTE | USER)[m
[m[37m[1733835000.505040 0:5 ruxos_posix_api::imp::mmap::trap:113] [33mis copy-on-write: false, vaddr=0x500000054000[m
[m[37m[1733835000.505349 0:5 ruxhal::arch::aarch64::trap:102] [36missue=0x47, vaddr=0x500000055000, cause=WRITE[m
[m[37m[1733835000.505623 0:5 ruxos_posix_api::imp::mmap::trap:61] [36mPage Fault Happening, vaddr:0x500000055000, casue:WRITE, map_flags:MappingFlags(READ | WRITE | EXECUTE | USER)[m
[m[37m[1733835000.506026 0:5 ruxos_posix_api::imp::mmap::trap:113] [33mis copy-on-write: false, vaddr=0x500000055000[m
[m[37m[1733835000.506302 0:5 ruxhal::arch::aarch64::trap:102] [36missue=0x47, vaddr=0x500000056000, cause=WRITE[m
[m[37m[1733835000.506559 0:5 ruxos_posix_api::imp::mmap::trap:61] [36mPage Fault Happening, vaddr:0x500000056000, casue:WRITE, map_flags:MappingFlags(READ | WRITE | EXECUTE | USER)[m
[m[37m[1733835000.506962 0:5 ruxos_posix_api::imp::mmap::trap:113] [33mis copy-on-write: false, vaddr=0x500000056000[m
[m[37m[1733835000.507237 0:5 ruxhal::arch::aarch64::trap:102] [36missue=0x47, vaddr=0x500000057000, cause=WRITE[m
[m[37m[1733835000.507494 0:5 ruxos_posix_api::imp::mmap::trap:61] [36mPage Fault Happening, vaddr:0x500000057000, casue:WRITE, map_flags:MappingFlags(READ | WRITE | EXECUTE | USER)[m
[m[37m[1733835000.507897 0:5 ruxos_posix_api::imp::mmap::trap:113] [33mis copy-on-write: false, vaddr=0x500000057000[m
[m[37m[1733835000.508173 0:5 ruxhal::arch::aarch64::trap:102] [36missue=0x47, vaddr=0x500000058000, cause=WRITE[m
[m[37m[1733835000.508431 0:5 ruxos_posix_api::imp::mmap::trap:61] [36mPage Fault Happening, vaddr:0x500000058000, casue:WRITE, map_flags:MappingFlags(READ | WRITE | EXECUTE | USER)[m
[m[37m[1733835000.508835 0:5 ruxos_posix_api::imp::mmap::trap:113] [33mis copy-on-write: false, vaddr=0x500000058000[m
[m[37m[1733835000.509111 0:5 ruxhal::arch::aarch64::trap:102] [36missue=0x47, vaddr=0x500000059000, cause=WRITE[m
[m[37m[1733835000.509367 0:5 ruxos_posix_api::imp::mmap::trap:61] [36mPage Fault Happening, vaddr:0x500000059000, casue:WRITE, map_flags:MappingFlags(READ | WRITE | EXECUTE | USER)[m
[m[37m[1733835000.509772 0:5 ruxos_posix_api::imp::mmap::trap:113] [33mis copy-on-write: false, vaddr=0x500000059000[m
[m[37m[1733835000.510045 0:5 ruxhal::arch::aarch64::trap:102] [36missue=0x47, vaddr=0x50000005a000, cause=WRITE[m
[m[37m[1733835000.510302 0:5 ruxos_posix_api::imp::mmap::trap:61] [36mPage Fault Happening, vaddr:0x50000005a000, casue:WRITE, map_flags:MappingFlags(READ | WRITE | EXECUTE | USER)[m
[m[37m[1733835000.510708 0:5 ruxos_posix_api::imp::mmap::trap:113] [33mis copy-on-write: false, vaddr=0x50000005a000[m
[m[37m[1733835000.510980 0:5 ruxhal::arch::aarch64::trap:102] [36missue=0x47, vaddr=0x50000005b000, cause=WRITE[m
[m[37m[1733835000.511237 0:5 ruxos_posix_api::imp::mmap::trap:61] [36mPage Fault Happening, vaddr:0x50000005b000, casue:WRITE, map_flags:MappingFlags(READ | WRITE | EXECUTE | USER)[m
[m[37m[1733835000.511640 0:5 ruxos_posix_api::imp::mmap::trap:113] [33mis copy-on-write: false, vaddr=0x50000005b000[m
[m[37m[1733835000.511914 0:5 ruxhal::arch::aarch64::trap:102] [36missue=0x47, vaddr=0x50000005c000, cause=WRITE[m
[m[37m[1733835000.512176 0:5 ruxos_posix_api::imp::mmap::trap:61] [36mPage Fault Happening, vaddr:0x50000005c000, casue:WRITE, map_flags:MappingFlags(READ | WRITE | EXECUTE | USER)[m
[m[37m[1733835000.512579 0:5 ruxos_posix_api::imp::mmap::trap:113] [33mis copy-on-write: false, vaddr=0x50000005c000[m
[m[37m[1733835000.512853 0:5 ruxhal::arch::aarch64::trap:102] [36missue=0x47, vaddr=0x50000005d000, cause=WRITE[m
[m[37m[1733835000.513110 0:5 ruxos_posix_api::imp::mmap::trap:61] [36mPage Fault Happening, vaddr:0x50000005d000, casue:WRITE, map_flags:MappingFlags(READ | WRITE | EXECUTE | USER)[m
[m[37m[1733835000.513514 0:5 ruxos_posix_api::imp::mmap::trap:113] [33mis copy-on-write: false, vaddr=0x50000005d000[m
[m[37m[1733835000.513787 0:5 ruxhal::arch::aarch64::trap:102] [36missue=0x47, vaddr=0x50000005e000, cause=WRITE[m
[m[37m[1733835000.514043 0:5 ruxos_posix_api::imp::mmap::trap:61] [36mPage Fault Happening, vaddr:0x50000005e000, casue:WRITE, map_flags:MappingFlags(READ | WRITE | EXECUTE | USER)[m
[m[37m[1733835000.514447 0:5 ruxos_posix_api::imp::mmap::trap:113] [33mis copy-on-write: false, vaddr=0x50000005e000[m
[m[37m[1733835000.514771 0:5 ruxhal::arch::aarch64::trap:102] [36missue=0x47, vaddr=0x50000005f000, cause=WRITE[m
[m[37m[1733835000.515030 0:5 ruxos_posix_api::imp::mmap::trap:61] [36mPage Fault Happening, vaddr:0x50000005f000, casue:WRITE, map_flags:MappingFlags(READ | WRITE | EXECUTE | USER)[m
[m[37m[1733835000.515434 0:5 ruxos_posix_api::imp::mmap::trap:113] [33mis copy-on-write: false, vaddr=0x50000005f000[m
[m[37m[1733835000.515710 0:5 ruxhal::arch::aarch64::trap:102] [36missue=0x47, vaddr=0x500000060000, cause=WRITE[m
[m[37m[1733835000.515968 0:5 ruxos_posix_api::imp::mmap::trap:61] [36mPage Fault Happening, vaddr:0x500000060000, casue:WRITE, map_flags:MappingFlags(READ | WRITE | EXECUTE | USER)[m
[m[37m[1733835000.516381 0:5 ruxos_posix_api::imp::mmap::trap:113] [33mis copy-on-write: false, vaddr=0x500000060000[m
[m[37m[1733835000.516656 0:5 ruxhal::arch::aarch64::trap:102] [36missue=0x47, vaddr=0x500000061000, cause=WRITE[m
[m[37m[1733835000.516915 0:5 ruxos_posix_api::imp::mmap::trap:61] [36mPage Fault Happening, vaddr:0x500000061000, casue:WRITE, map_flags:MappingFlags(READ | WRITE | EXECUTE | USER)[m
[m[37m[1733835000.517325 0:5 ruxos_posix_api::imp::mmap::trap:113] [33mis copy-on-write: false, vaddr=0x500000061000[m
[m[37m[1733835000.517601 0:5 ruxhal::arch::aarch64::trap:102] [36missue=0x47, vaddr=0x500000062000, cause=WRITE[m
[m[37m[1733835000.517859 0:5 ruxos_posix_api::imp::mmap::trap:61] [36mPage Fault Happening, vaddr:0x500000062000, casue:WRITE, map_flags:MappingFlags(READ | WRITE | EXECUTE | USER)[m
[m[37m[1733835000.518266 0:5 ruxos_posix_api::imp::mmap::trap:113] [33mis copy-on-write: false, vaddr=0x500000062000[m
[m[37m[1733835000.518541 0:5 ruxhal::arch::aarch64::trap:102] [36missue=0x47, vaddr=0x500000063000, cause=WRITE[m
[m[37m[1733835000.518800 0:5 ruxos_posix_api::imp::mmap::trap:61] [36mPage Fault Happening, vaddr:0x500000063000, casue:WRITE, map_flags:MappingFlags(READ | WRITE | EXECUTE | USER)[m
[m[37m[1733835000.519205 0:5 ruxos_posix_api::imp::mmap::trap:113] [33mis copy-on-write: false, vaddr=0x500000063000[m
[m[37m[1733835000.519478 0:5 ruxhal::arch::aarch64::trap:102] [36missue=0x47, vaddr=0x500000064000, cause=WRITE[m
[m[37m[1733835000.519734 0:5 ruxos_posix_api::imp::mmap::trap:61] [36mPage Fault Happening, vaddr:0x500000064000, casue:WRITE, map_flags:MappingFlags(READ | WRITE | EXECUTE | USER)[m
[m[37m[1733835000.520138 0:5 ruxos_posix_api::imp::mmap::trap:113] [33mis copy-on-write: false, vaddr=0x500000064000[m
[m[37m[1733835000.520413 0:5 ruxhal::arch::aarch64::trap:102] [36missue=0x47, vaddr=0x500000065000, cause=WRITE[m
[m[37m[1733835000.520671 0:5 ruxos_posix_api::imp::mmap::trap:61] [36mPage Fault Happening, vaddr:0x500000065000, casue:WRITE, map_flags:MappingFlags(READ | WRITE | EXECUTE | USER)[m
[m[37m[1733835000.521078 0:5 ruxos_posix_api::imp::mmap::trap:113] [33mis copy-on-write: false, vaddr=0x500000065000[m
[m[37m[1733835000.521352 0:5 ruxhal::arch::aarch64::trap:102] [36missue=0x47, vaddr=0x500000066000, cause=WRITE[m
[m[37m[1733835000.521609 0:5 ruxos_posix_api::imp::mmap::trap:61] [36mPage Fault Happening, vaddr:0x500000066000, casue:WRITE, map_flags:MappingFlags(READ | WRITE | EXECUTE | USER)[m
[m[37m[1733835000.522012 0:5 ruxos_posix_api::imp::mmap::trap:113] [33mis copy-on-write: false, vaddr=0x500000066000[m
[m[37m[1733835000.522291 0:5 ruxhal::arch::aarch64::trap:102] [36missue=0x47, vaddr=0x500000067000, cause=WRITE[m
[m[37m[1733835000.522547 0:5 ruxos_posix_api::imp::mmap::trap:61] [36mPage Fault Happening, vaddr:0x500000067000, casue:WRITE, map_flags:MappingFlags(READ | WRITE | EXECUTE | USER)[m
[m[37m[1733835000.522951 0:5 ruxos_posix_api::imp::mmap::trap:113] [33mis copy-on-write: false, vaddr=0x500000067000[m
[m[37m[1733835000.523223 0:5 ruxhal::arch::aarch64::trap:102] [36missue=0x47, vaddr=0x500000068000, cause=WRITE[m
[m[37m[1733835000.523480 0:5 ruxos_posix_api::imp::mmap::trap:61] [36mPage Fault Happening, vaddr:0x500000068000, casue:WRITE, map_flags:MappingFlags(READ | WRITE | EXECUTE | USER)[m
[m[37m[1733835000.523882 0:5 ruxos_posix_api::imp::mmap::trap:113] [33mis copy-on-write: false, vaddr=0x500000068000[m
[m[37m[1733835000.524155 0:5 ruxhal::arch::aarch64::trap:102] [36missue=0x47, vaddr=0x500000069000, cause=WRITE[m
[m[37m[1733835000.524410 0:5 ruxos_posix_api::imp::mmap::trap:61] [36mPage Fault Happening, vaddr:0x500000069000, casue:WRITE, map_flags:MappingFlags(READ | WRITE | EXECUTE | USER)[m
[m[37m[1733835000.524861 0:5 ruxos_posix_api::imp::mmap::trap:113] [33mis copy-on-write: false, vaddr=0x500000069000[m
[m[37m[1733835000.525173 0:5 ruxhal::arch::aarch64::trap:102] [36missue=0x47, vaddr=0x50000006a000, cause=WRITE[m
[m[37m[1733835000.525452 0:5 ruxos_posix_api::imp::mmap::trap:61] [36mPage Fault Happening, vaddr:0x50000006a000, casue:WRITE, map_flags:MappingFlags(READ | WRITE | EXECUTE | USER)[m
[m[37m[1733835000.525857 0:5 ruxos_posix_api::imp::mmap::trap:113] [33mis copy-on-write: false, vaddr=0x50000006a000[m
[m[37m[1733835000.526131 0:5 ruxhal::arch::aarch64::trap:102] [36missue=0x47, vaddr=0x50000006b000, cause=WRITE[m
[m[37m[1733835000.526388 0:5 ruxos_posix_api::imp::mmap::trap:61] [36mPage Fault Happening, vaddr:0x50000006b000, casue:WRITE, map_flags:MappingFlags(READ | WRITE | EXECUTE | USER)[m
[m[37m[1733835000.526793 0:5 ruxos_posix_api::imp::mmap::trap:113] [33mis copy-on-write: false, vaddr=0x50000006b000[m
[m[37m[1733835000.527065 0:5 ruxhal::arch::aarch64::trap:102] [36missue=0x47, vaddr=0x50000006c000, cause=WRITE[m
[m[37m[1733835000.527322 0:5 ruxos_posix_api::imp::mmap::trap:61] [36mPage Fault Happening, vaddr:0x50000006c000, casue:WRITE, map_flags:MappingFlags(READ | WRITE | EXECUTE | USER)[m
[m[37m[1733835000.527726 0:5 ruxos_posix_api::imp::mmap::trap:113] [33mis copy-on-write: false, vaddr=0x50000006c000[m
[m[37m[1733835000.528003 0:5 ruxhal::arch::aarch64::trap:102] [36missue=0x47, vaddr=0x50000006d000, cause=WRITE[m
[m[37m[1733835000.528258 0:5 ruxos_posix_api::imp::mmap::trap:61] [36mPage Fault Happening, vaddr:0x50000006d000, casue:WRITE, map_flags:MappingFlags(READ | WRITE | EXECUTE | USER)[m
[m[37m[1733835000.528664 0:5 ruxos_posix_api::imp::mmap::trap:113] [33mis copy-on-write: false, vaddr=0x50000006d000[m
[m[37m[1733835000.528940 0:5 ruxhal::arch::aarch64::trap:102] [36missue=0x47, vaddr=0x50000006e000, cause=WRITE[m
[m[37m[1733835000.529197 0:5 ruxos_posix_api::imp::mmap::trap:61] [36mPage Fault Happening, vaddr:0x50000006e000, casue:WRITE, map_flags:MappingFlags(READ | WRITE | EXECUTE | USER)[m
[m[37m[1733835000.529601 0:5 ruxos_posix_api::imp::mmap::trap:113] [33mis copy-on-write: false, vaddr=0x50000006e000[m
[m[37m[1733835000.529875 0:5 ruxhal::arch::aarch64::trap:102] [36missue=0x47, vaddr=0x50000006f000, cause=WRITE[m
[m[37m[1733835000.530135 0:5 ruxos_posix_api::imp::mmap::trap:61] [36mPage Fault Happening, vaddr:0x50000006f000, casue:WRITE, map_flags:MappingFlags(READ | WRITE | EXECUTE | USER)[m
[m[37m[1733835000.530539 0:5 ruxos_posix_api::imp::mmap::trap:113] [33mis copy-on-write: false, vaddr=0x50000006f000[m
[m[37m[1733835000.530813 0:5 ruxhal::arch::aarch64::trap:102] [36missue=0x47, vaddr=0x500000070000, cause=WRITE[m
[m[37m[1733835000.531069 0:5 ruxos_posix_api::imp::mmap::trap:61] [36mPage Fault Happening, vaddr:0x500000070000, casue:WRITE, map_flags:MappingFlags(READ | WRITE | EXECUTE | USER)[m
[m[37m[1733835000.531472 0:5 ruxos_posix_api::imp::mmap::trap:113] [33mis copy-on-write: false, vaddr=0x500000070000[m
[m[37m[1733835000.531745 0:5 ruxhal::arch::aarch64::trap:102] [36missue=0x47, vaddr=0x500000071000, cause=WRITE[m
[m[37m[1733835000.532005 0:5 ruxos_posix_api::imp::mmap::trap:61] [36mPage Fault Happening, vaddr:0x500000071000, casue:WRITE, map_flags:MappingFlags(READ | WRITE | EXECUTE | USER)[m
[m[37m[1733835000.532413 0:5 ruxos_posix_api::imp::mmap::trap:113] [33mis copy-on-write: false, vaddr=0x500000071000[m
[m[37m[1733835000.532688 0:5 ruxhal::arch::aarch64::trap:102] [36missue=0x47, vaddr=0x500000072000, cause=WRITE[m
[m[37m[1733835000.532947 0:5 ruxos_posix_api::imp::mmap::trap:61] [36mPage Fault Happening, vaddr:0x500000072000, casue:WRITE, map_flags:MappingFlags(READ | WRITE | EXECUTE | USER)[m
[m[37m[1733835000.533352 0:5 ruxos_posix_api::imp::mmap::trap:113] [33mis copy-on-write: false, vaddr=0x500000072000[m
[m[37m[1733835000.533628 0:5 ruxhal::arch::aarch64::trap:102] [36missue=0x47, vaddr=0x500000073000, cause=WRITE[m
[m[37m[1733835000.533885 0:5 ruxos_posix_api::imp::mmap::trap:61] [36mPage Fault Happening, vaddr:0x500000073000, casue:WRITE, map_flags:MappingFlags(READ | WRITE | EXECUTE | USER)[m
[m[37m[1733835000.534289 0:5 ruxos_posix_api::imp::mmap::trap:113] [33mis copy-on-write: false, vaddr=0x500000073000[m
[m[37m[1733835000.534593 0:5 ruxhal::arch::aarch64::trap:102] [36missue=0x47, vaddr=0x500000074000, cause=WRITE[m
[m[37m[1733835000.534850 0:5 ruxos_posix_api::imp::mmap::trap:61] [36mPage Fault Happening, vaddr:0x500000074000, casue:WRITE, map_flags:MappingFlags(READ | WRITE | EXECUTE | USER)[m
[m[37m[1733835000.535255 0:5 ruxos_posix_api::imp::mmap::trap:113] [33mis copy-on-write: false, vaddr=0x500000074000[m
[m[37m[1733835000.535531 0:5 ruxhal::arch::aarch64::trap:102] [36missue=0x47, vaddr=0x500000075000, cause=WRITE[m
[m[37m[1733835000.535787 0:5 ruxos_posix_api::imp::mmap::trap:61] [36mPage Fault Happening, vaddr:0x500000075000, casue:WRITE, map_flags:MappingFlags(READ | WRITE | EXECUTE | USER)[m
[m[37m[1733835000.536192 0:5 ruxos_posix_api::imp::mmap::trap:113] [33mis copy-on-write: false, vaddr=0x500000075000[m
[m[37m[1733835000.536465 0:5 ruxhal::arch::aarch64::trap:102] [36missue=0x47, vaddr=0x500000076000, cause=WRITE[m
[m[37m[1733835000.536724 0:5 ruxos_posix_api::imp::mmap::trap:61] [36mPage Fault Happening, vaddr:0x500000076000, casue:WRITE, map_flags:MappingFlags(READ | WRITE | EXECUTE | USER)[m
[m[37m[1733835000.537128 0:5 ruxos_posix_api::imp::mmap::trap:113] [33mis copy-on-write: false, vaddr=0x500000076000[m
[m[37m[1733835000.537402 0:5 ruxhal::arch::aarch64::trap:102] [36missue=0x47, vaddr=0x500000077000, cause=WRITE[m
[m[37m[1733835000.537658 0:5 ruxos_posix_api::imp::mmap::trap:61] [36mPage Fault Happening, vaddr:0x500000077000, casue:WRITE, map_flags:MappingFlags(READ | WRITE | EXECUTE | USER)[m
[m[37m[1733835000.538061 0:5 ruxos_posix_api::imp::mmap::trap:113] [33mis copy-on-write: false, vaddr=0x500000077000[m
[m[37m[1733835000.538335 0:5 ruxhal::arch::aarch64::trap:102] [36missue=0x47, vaddr=0x500000078000, cause=WRITE[m
[m[37m[1733835000.538591 0:5 ruxos_posix_api::imp::mmap::trap:61] [36mPage Fault Happening, vaddr:0x500000078000, casue:WRITE, map_flags:MappingFlags(READ | WRITE | EXECUTE | USER)[m
[m[37m[1733835000.539002 0:5 ruxos_posix_api::imp::mmap::trap:113] [33mis copy-on-write: false, vaddr=0x500000078000[m
[m[37m[1733835000.539275 0:5 ruxhal::arch::aarch64::trap:102] [36missue=0x47, vaddr=0x500000079000, cause=WRITE[m
[m[37m[1733835000.539531 0:5 ruxos_posix_api::imp::mmap::trap:61] [36mPage Fault Happening, vaddr:0x500000079000, casue:WRITE, map_flags:MappingFlags(READ | WRITE | EXECUTE | USER)[m
[m[37m[1733835000.539934 0:5 ruxos_posix_api::imp::mmap::trap:113] [33mis copy-on-write: false, vaddr=0x500000079000[m
[m[37m[1733835000.540207 0:5 ruxhal::arch::aarch64::trap:102] [36missue=0x47, vaddr=0x50000007a000, cause=WRITE[m
[m[37m[1733835000.540465 0:5 ruxos_posix_api::imp::mmap::trap:61] [36mPage Fault Happening, vaddr:0x50000007a000, casue:WRITE, map_flags:MappingFlags(READ | WRITE | EXECUTE | USER)[m
[m[37m[1733835000.540870 0:5 ruxos_posix_api::imp::mmap::trap:113] [33mis copy-on-write: false, vaddr=0x50000007a000[m
[m[37m[1733835000.541144 0:5 ruxhal::arch::aarch64::trap:102] [36missue=0x47, vaddr=0x50000007b000, cause=WRITE[m
[m[37m[1733835000.541400 0:5 ruxos_posix_api::imp::mmap::trap:61] [36mPage Fault Happening, vaddr:0x50000007b000, casue:WRITE, map_flags:MappingFlags(READ | WRITE | EXECUTE | USER)[m
[m[37m[1733835000.541807 0:5 ruxos_posix_api::imp::mmap::trap:113] [33mis copy-on-write: false, vaddr=0x50000007b000[m
[m[37m[1733835000.542080 0:5 ruxhal::arch::aarch64::trap:102] [36missue=0x47, vaddr=0x50000007c000, cause=WRITE[m
[m[37m[1733835000.542339 0:5 ruxos_posix_api::imp::mmap::trap:61] [36mPage Fault Happening, vaddr:0x50000007c000, casue:WRITE, map_flags:MappingFlags(READ | WRITE | EXECUTE | USER)[m
[m[37m[1733835000.542743 0:5 ruxos_posix_api::imp::mmap::trap:113] [33mis copy-on-write: false, vaddr=0x50000007c000[m
[m[37m[1733835000.543016 0:5 ruxhal::arch::aarch64::trap:102] [36missue=0x47, vaddr=0x50000007d000, cause=WRITE[m
[m[37m[1733835000.543274 0:5 ruxos_posix_api::imp::mmap::trap:61] [36mPage Fault Happening, vaddr:0x50000007d000, casue:WRITE, map_flags:MappingFlags(READ | WRITE | EXECUTE | USER)[m
[m[37m[1733835000.543677 0:5 ruxos_posix_api::imp::mmap::trap:113] [33mis copy-on-write: false, vaddr=0x50000007d000[m
[m[37m[1733835000.543950 0:5 ruxhal::arch::aarch64::trap:102] [36missue=0x47, vaddr=0x50000007e000, cause=WRITE[m
[m[37m[1733835000.544207 0:5 ruxos_posix_api::imp::mmap::trap:61] [36mPage Fault Happening, vaddr:0x50000007e000, casue:WRITE, map_flags:MappingFlags(READ | WRITE | EXECUTE | USER)[m
[m[37m[1733835000.544653 0:5 ruxos_posix_api::imp::mmap::trap:113] [33mis copy-on-write: false, vaddr=0x50000007e000[m
[m[37m[1733835000.544962 0:5 ruxhal::arch::aarch64::trap:102] [36missue=0x47, vaddr=0x50000007f000, cause=WRITE[m
[m[37m[1733835000.545238 0:5 ruxos_posix_api::imp::mmap::trap:61] [36mPage Fault Happening, vaddr:0x50000007f000, casue:WRITE, map_flags:MappingFlags(READ | WRITE | EXECUTE | USER)[m
[m[37m[1733835000.545645 0:5 ruxos_posix_api::imp::mmap::trap:113] [33mis copy-on-write: false, vaddr=0x50000007f000[m
[m[37m[1733835000.545919 0:5 ruxhal::arch::aarch64::trap:102] [36missue=0x47, vaddr=0x500000080000, cause=WRITE[m
[m[37m[1733835000.546176 0:5 ruxos_posix_api::imp::mmap::trap:61] [36mPage Fault Happening, vaddr:0x500000080000, casue:WRITE, map_flags:MappingFlags(READ | WRITE | EXECUTE | USER)[m
[m[37m[1733835000.546581 0:5 ruxos_posix_api::imp::mmap::trap:113] [33mis copy-on-write: false, vaddr=0x500000080000[m
[m[37m[1733835000.546854 0:5 ruxhal::arch::aarch64::trap:102] [36missue=0x47, vaddr=0x500000081000, cause=WRITE[m
[m[37m[1733835000.547111 0:5 ruxos_posix_api::imp::mmap::trap:61] [36mPage Fault Happening, vaddr:0x500000081000, casue:WRITE, map_flags:MappingFlags(READ | WRITE | EXECUTE | USER)[m
[m[37m[1733835000.547515 0:5 ruxos_posix_api::imp::mmap::trap:113] [33mis copy-on-write: false, vaddr=0x500000081000[m
[m[37m[1733835000.547788 0:5 ruxhal::arch::aarch64::trap:102] [36missue=0x47, vaddr=0x500000082000, cause=WRITE[m
[m[37m[1733835000.548047 0:5 ruxos_posix_api::imp::mmap::trap:61] [36mPage Fault Happening, vaddr:0x500000082000, casue:WRITE, map_flags:MappingFlags(READ | WRITE | EXECUTE | USER)[m
[m[37m[1733835000.548451 0:5 ruxos_posix_api::imp::mmap::trap:113] [33mis copy-on-write: false, vaddr=0x500000082000[m
[m[37m[1733835000.548723 0:5 ruxhal::arch::aarch64::trap:102] [36missue=0x47, vaddr=0x500000083000, cause=WRITE[m
[m[37m[1733835000.548981 0:5 ruxos_posix_api::imp::mmap::trap:61] [36mPage Fault Happening, vaddr:0x500000083000, casue:WRITE, map_flags:MappingFlags(READ | WRITE | EXECUTE | USER)[m
[m[37m[1733835000.549387 0:5 ruxos_posix_api::imp::mmap::trap:113] [33mis copy-on-write: false, vaddr=0x500000083000[m
[m[37m[1733835000.549668 0:5 ruxhal::arch::aarch64::trap:102] [36missue=0x47, vaddr=0x500000084000, cause=WRITE[m
[m[37m[1733835000.549926 0:5 ruxos_posix_api::imp::mmap::trap:61] [36mPage Fault Happening, vaddr:0x500000084000, casue:WRITE, map_flags:MappingFlags(READ | WRITE | EXECUTE | USER)[m
[m[37m[1733835000.550332 0:5 ruxos_posix_api::imp::mmap::trap:113] [33mis copy-on-write: false, vaddr=0x500000084000[m
[m[37m[1733835000.550608 0:5 ruxhal::arch::aarch64::trap:102] [36missue=0x47, vaddr=0x500000085000, cause=WRITE[m
[m[37m[1733835000.550865 0:5 ruxos_posix_api::imp::mmap::trap:61] [36mPage Fault Happening, vaddr:0x500000085000, casue:WRITE, map_flags:MappingFlags(READ | WRITE | EXECUTE | USER)[m
[m[37m[1733835000.551268 0:5 ruxos_posix_api::imp::mmap::trap:113] [33mis copy-on-write: false, vaddr=0x500000085000[m
[m[37m[1733835000.551541 0:5 ruxhal::arch::aarch64::trap:102] [36missue=0x47, vaddr=0x500000086000, cause=WRITE[m
[m[37m[1733835000.551798 0:5 ruxos_posix_api::imp::mmap::trap:61] [36mPage Fault Happening, vaddr:0x500000086000, casue:WRITE, map_flags:MappingFlags(READ | WRITE | EXECUTE | USER)[m
[m[37m[1733835000.552204 0:5 ruxos_posix_api::imp::mmap::trap:113] [33mis copy-on-write: false, vaddr=0x500000086000[m
[m[37m[1733835000.552477 0:5 ruxhal::arch::aarch64::trap:102] [36missue=0x47, vaddr=0x500000087000, cause=WRITE[m
[m[37m[1733835000.552733 0:5 ruxos_posix_api::imp::mmap::trap:61] [36mPage Fault Happening, vaddr:0x500000087000, casue:WRITE, map_flags:MappingFlags(READ | WRITE | EXECUTE | USER)[m
[m[37m[1733835000.553137 0:5 ruxos_posix_api::imp::mmap::trap:113] [33mis copy-on-write: false, vaddr=0x500000087000[m
[m[37m[1733835000.553411 0:5 ruxhal::arch::aarch64::trap:102] [36missue=0x47, vaddr=0x500000088000, cause=WRITE[m
[m[37m[1733835000.553668 0:5 ruxos_posix_api::imp::mmap::trap:61] [36mPage Fault Happening, vaddr:0x500000088000, casue:WRITE, map_flags:MappingFlags(READ | WRITE | EXECUTE | USER)[m
[m[37m[1733835000.554071 0:5 ruxos_posix_api::imp::mmap::trap:113] [33mis copy-on-write: false, vaddr=0x500000088000[m
[m[37m[1733835000.554345 0:5 ruxhal::arch::aarch64::trap:102] [36missue=0x47, vaddr=0x500000089000, cause=WRITE[m
[m[37m[1733835000.554625 0:5 ruxos_posix_api::imp::mmap::trap:61] [36mPage Fault Happening, vaddr:0x500000089000, casue:WRITE, map_flags:MappingFlags(READ | WRITE | EXECUTE | USER)[m
[m[37m[1733835000.555073 0:5 ruxos_posix_api::imp::mmap::trap:113] [33mis copy-on-write: false, vaddr=0x500000089000[m
[m[37m[1733835000.555382 0:5 ruxhal::arch::aarch64::trap:102] [36missue=0x47, vaddr=0x50000008a000, cause=WRITE[m
[m[37m[1733835000.555659 0:5 ruxos_posix_api::imp::mmap::trap:61] [36mPage Fault Happening, vaddr:0x50000008a000, casue:WRITE, map_flags:MappingFlags(READ | WRITE | EXECUTE | USER)[m
[m[37m[1733835000.556064 0:5 ruxos_posix_api::imp::mmap::trap:113] [33mis copy-on-write: false, vaddr=0x50000008a000[m
[m[37m[1733835000.556338 0:5 ruxhal::arch::aarch64::trap:102] [36missue=0x47, vaddr=0x50000008b000, cause=WRITE[m
[m[37m[1733835000.556596 0:5 ruxos_posix_api::imp::mmap::trap:61] [36mPage Fault Happening, vaddr:0x50000008b000, casue:WRITE, map_flags:MappingFlags(READ | WRITE | EXECUTE | USER)[m
[m[37m[1733835000.557003 0:5 ruxos_posix_api::imp::mmap::trap:113] [33mis copy-on-write: false, vaddr=0x50000008b000[m
[m[37m[1733835000.557277 0:5 ruxhal::arch::aarch64::trap:102] [36missue=0x47, vaddr=0x50000008c000, cause=WRITE[m
[m[37m[1733835000.557534 0:5 ruxos_posix_api::imp::mmap::trap:61] [36mPage Fault Happening, vaddr:0x50000008c000, casue:WRITE, map_flags:MappingFlags(READ | WRITE | EXECUTE | USER)[m
[m[37m[1733835000.557939 0:5 ruxos_posix_api::imp::mmap::trap:113] [33mis copy-on-write: false, vaddr=0x50000008c000[m
[m[37m[1733835000.558213 0:5 ruxhal::arch::aarch64::trap:102] [36missue=0x47, vaddr=0x50000008d000, cause=WRITE[m
[m[37m[1733835000.558470 0:5 ruxos_posix_api::imp::mmap::trap:61] [36mPage Fault Happening, vaddr:0x50000008d000, casue:WRITE, map_flags:MappingFlags(READ | WRITE | EXECUTE | USER)[m
[m[37m[1733835000.558876 0:5 ruxos_posix_api::imp::mmap::trap:113] [33mis copy-on-write: false, vaddr=0x50000008d000[m
[m[37m[1733835000.559149 0:5 ruxhal::arch::aarch64::trap:102] [36missue=0x47, vaddr=0x50000008e000, cause=WRITE[m
[m[37m[1733835000.559407 0:5 ruxos_posix_api::imp::mmap::trap:61] [36mPage Fault Happening, vaddr:0x50000008e000, casue:WRITE, map_flags:MappingFlags(READ | WRITE | EXECUTE | USER)[m
[m[37m[1733835000.559813 0:5 ruxos_posix_api::imp::mmap::trap:113] [33mis copy-on-write: false, vaddr=0x50000008e000[m
[m[37m[1733835000.560087 0:5 ruxhal::arch::aarch64::trap:102] [36missue=0x47, vaddr=0x50000008f000, cause=WRITE[m
[m[37m[1733835000.560344 0:5 ruxos_posix_api::imp::mmap::trap:61] [36mPage Fault Happening, vaddr:0x50000008f000, casue:WRITE, map_flags:MappingFlags(READ | WRITE | EXECUTE | USER)[m
[m[37m[1733835000.560750 0:5 ruxos_posix_api::imp::mmap::trap:113] [33mis copy-on-write: false, vaddr=0x50000008f000[m
[m[37m[1733835000.561024 0:5 ruxhal::arch::aarch64::trap:102] [36missue=0x47, vaddr=0x500000090000, cause=WRITE[m
[m[37m[1733835000.561281 0:5 ruxos_posix_api::imp::mmap::trap:61] [36mPage Fault Happening, vaddr:0x500000090000, casue:WRITE, map_flags:MappingFlags(READ | WRITE | EXECUTE | USER)[m
[m[37m[1733835000.561686 0:5 ruxos_posix_api::imp::mmap::trap:113] [33mis copy-on-write: false, vaddr=0x500000090000[m
[m[37m[1733835000.561960 0:5 ruxhal::arch::aarch64::trap:102] [36missue=0x47, vaddr=0x500000091000, cause=WRITE[m
[m[37m[1733835000.562219 0:5 ruxos_posix_api::imp::mmap::trap:61] [36mPage Fault Happening, vaddr:0x500000091000, casue:WRITE, map_flags:MappingFlags(READ | WRITE | EXECUTE | USER)[m
[m[37m[1733835000.562624 0:5 ruxos_posix_api::imp::mmap::trap:113] [33mis copy-on-write: false, vaddr=0x500000091000[m
[m[37m[1733835000.562898 0:5 ruxhal::arch::aarch64::trap:102] [36missue=0x47, vaddr=0x500000092000, cause=WRITE[m
[m[37m[1733835000.563154 0:5 ruxos_posix_api::imp::mmap::trap:61] [36mPage Fault Happening, vaddr:0x500000092000, casue:WRITE, map_flags:MappingFlags(READ | WRITE | EXECUTE | USER)[m
[m[37m[1733835000.563558 0:5 ruxos_posix_api::imp::mmap::trap:113] [33mis copy-on-write: false, vaddr=0x500000092000[m
[m[37m[1733835000.563832 0:5 ruxhal::arch::aarch64::trap:102] [36missue=0x47, vaddr=0x500000093000, cause=WRITE[m
[m[37m[1733835000.564089 0:5 ruxos_posix_api::imp::mmap::trap:61] [36mPage Fault Happening, vaddr:0x500000093000, casue:WRITE, map_flags:MappingFlags(READ | WRITE | EXECUTE | USER)[m
[m[37m[1733835000.564518 0:5 ruxos_posix_api::imp::mmap::trap:113] [33mis copy-on-write: false, vaddr=0x500000093000[m
[m[37m[1733835000.564830 0:5 ruxhal::arch::aarch64::trap:102] [36missue=0x47, vaddr=0x500000094000, cause=WRITE[m
[m[37m[1733835000.565088 0:5 ruxos_posix_api::imp::mmap::trap:61] [36mPage Fault Happening, vaddr:0x500000094000, casue:WRITE, map_flags:MappingFlags(READ | WRITE | EXECUTE | USER)[m
[m[37m[1733835000.565496 0:5 ruxos_posix_api::imp::mmap::trap:113] [33mis copy-on-write: false, vaddr=0x500000094000[m
[m[37m[1733835000.565771 0:5 ruxhal::arch::aarch64::trap:102] [36missue=0x47, vaddr=0x500000095000, cause=WRITE[m
[m[37m[1733835000.566030 0:5 ruxos_posix_api::imp::mmap::trap:61] [36mPage Fault Happening, vaddr:0x500000095000, casue:WRITE, map_flags:MappingFlags(READ | WRITE | EXECUTE | USER)[m
[m[37m[1733835000.566438 0:5 ruxos_posix_api::imp::mmap::trap:113] [33mis copy-on-write: false, vaddr=0x500000095000[m
[m[37m[1733835000.566712 0:5 ruxhal::arch::aarch64::trap:102] [36missue=0x47, vaddr=0x500000096000, cause=WRITE[m
[m[37m[1733835000.566971 0:5 ruxos_posix_api::imp::mmap::trap:61] [36mPage Fault Happening, vaddr:0x500000096000, casue:WRITE, map_flags:MappingFlags(READ | WRITE | EXECUTE | USER)[m
[m[37m[1733835000.567376 0:5 ruxos_posix_api::imp::mmap::trap:113] [33mis copy-on-write: false, vaddr=0x500000096000[m
[m[37m[1733835000.567650 0:5 ruxhal::arch::aarch64::trap:102] [36missue=0x47, vaddr=0x500000097000, cause=WRITE[m
[m[37m[1733835000.567908 0:5 ruxos_posix_api::imp::mmap::trap:61] [36mPage Fault Happening, vaddr:0x500000097000, casue:WRITE, map_flags:MappingFlags(READ | WRITE | EXECUTE | USER)[m
[m[37m[1733835000.568312 0:5 ruxos_posix_api::imp::mmap::trap:113] [33mis copy-on-write: false, vaddr=0x500000097000[m
[m[37m[1733835000.568586 0:5 ruxhal::arch::aarch64::trap:102] [36missue=0x47, vaddr=0x500000098000, cause=WRITE[m
[m[37m[1733835000.568845 0:5 ruxos_posix_api::imp::mmap::trap:61] [36mPage Fault Happening, vaddr:0x500000098000, casue:WRITE, map_flags:MappingFlags(READ | WRITE | EXECUTE | USER)[m
[m[37m[1733835000.569250 0:5 ruxos_posix_api::imp::mmap::trap:113] [33mis copy-on-write: false, vaddr=0x500000098000[m
[m[37m[1733835000.569524 0:5 ruxhal::arch::aarch64::trap:102] [36missue=0x47, vaddr=0x500000099000, cause=WRITE[m
[m[37m[1733835000.569781 0:5 ruxos_posix_api::imp::mmap::trap:61] [36mPage Fault Happening, vaddr:0x500000099000, casue:WRITE, map_flags:MappingFlags(READ | WRITE | EXECUTE | USER)[m
[m[37m[1733835000.570185 0:5 ruxos_posix_api::imp::mmap::trap:113] [33mis copy-on-write: false, vaddr=0x500000099000[m
[m[37m[1733835000.570457 0:5 ruxhal::arch::aarch64::trap:102] [36missue=0x47, vaddr=0x50000009a000, cause=WRITE[m
[m[37m[1733835000.570716 0:5 ruxos_posix_api::imp::mmap::trap:61] [36mPage Fault Happening, vaddr:0x50000009a000, casue:WRITE, map_flags:MappingFlags(READ | WRITE | EXECUTE | USER)[m
[m[37m[1733835000.571119 0:5 ruxos_posix_api::imp::mmap::trap:113] [33mis copy-on-write: false, vaddr=0x50000009a000[m
[m[37m[1733835000.571392 0:5 ruxhal::arch::aarch64::trap:102] [36missue=0x47, vaddr=0x50000009b000, cause=WRITE[m
[m[37m[1733835000.571649 0:5 ruxos_posix_api::imp::mmap::trap:61] [36mPage Fault Happening, vaddr:0x50000009b000, casue:WRITE, map_flags:MappingFlags(READ | WRITE | EXECUTE | USER)[m
[m[37m[1733835000.572054 0:5 ruxos_posix_api::imp::mmap::trap:113] [33mis copy-on-write: false, vaddr=0x50000009b000[m
[m[37m[1733835000.572329 0:5 ruxhal::arch::aarch64::trap:102] [36missue=0x47, vaddr=0x50000009c000, cause=WRITE[m
[m[37m[1733835000.572585 0:5 ruxos_posix_api::imp::mmap::trap:61] [36mPage Fault Happening, vaddr:0x50000009c000, casue:WRITE, map_flags:MappingFlags(READ | WRITE | EXECUTE | USER)[m
[m[37m[1733835000.572989 0:5 ruxos_posix_api::imp::mmap::trap:113] [33mis copy-on-write: false, vaddr=0x50000009c000[m
[m[37m[1733835000.573262 0:5 ruxhal::arch::aarch64::trap:102] [36missue=0x47, vaddr=0x50000009d000, cause=WRITE[m
[m[37m[1733835000.573519 0:5 ruxos_posix_api::imp::mmap::trap:61] [36mPage Fault Happening, vaddr:0x50000009d000, casue:WRITE, map_flags:MappingFlags(READ | WRITE | EXECUTE | USER)[m
[m[37m[1733835000.573922 0:5 ruxos_posix_api::imp::mmap::trap:113] [33mis copy-on-write: false, vaddr=0x50000009d000[m
[m[37m[1733835000.574194 0:5 ruxhal::arch::aarch64::trap:102] [36missue=0x47, vaddr=0x50000009e000, cause=WRITE[m
[m[37m[1733835000.574451 0:5 ruxos_posix_api::imp::mmap::trap:61] [36mPage Fault Happening, vaddr:0x50000009e000, casue:WRITE, map_flags:MappingFlags(READ | WRITE | EXECUTE | USER)[m
[m[37m[1733835000.574917 0:5 ruxos_posix_api::imp::mmap::trap:113] [33mis copy-on-write: false, vaddr=0x50000009e000[m
[m[37m[1733835000.575228 0:5 ruxhal::arch::aarch64::trap:102] [36missue=0x47, vaddr=0x50000009f000, cause=WRITE[m
[m[37m[1733835000.575503 0:5 ruxos_posix_api::imp::mmap::trap:61] [36mPage Fault Happening, vaddr:0x50000009f000, casue:WRITE, map_flags:MappingFlags(READ | WRITE | EXECUTE | USER)[m
[m[37m[1733835000.575908 0:5 ruxos_posix_api::imp::mmap::trap:113] [33mis copy-on-write: false, vaddr=0x50000009f000[m
[m[37m[1733835000.576182 0:5 ruxhal::arch::aarch64::trap:102] [36missue=0x47, vaddr=0x5000000a0000, cause=WRITE[m
[m[37m[1733835000.576439 0:5 ruxos_posix_api::imp::mmap::trap:61] [36mPage Fault Happening, vaddr:0x5000000a0000, casue:WRITE, map_flags:MappingFlags(READ | WRITE | EXECUTE | USER)[m
[m[37m[1733835000.576842 0:5 ruxos_posix_api::imp::mmap::trap:113] [33mis copy-on-write: false, vaddr=0x5000000a0000[m
[m[37m[1733835000.577118 0:5 ruxhal::arch::aarch64::trap:102] [36missue=0x47, vaddr=0x5000000a1000, cause=WRITE[m
[m[37m[1733835000.577374 0:5 ruxos_posix_api::imp::mmap::trap:61] [36mPage Fault Happening, vaddr:0x5000000a1000, casue:WRITE, map_flags:MappingFlags(READ | WRITE | EXECUTE | USER)[m
[m[37m[1733835000.577778 0:5 ruxos_posix_api::imp::mmap::trap:113] [33mis copy-on-write: false, vaddr=0x5000000a1000[m
[m[37m[1733835000.578054 0:5 ruxhal::arch::aarch64::trap:102] [36missue=0x47, vaddr=0x5000000a2000, cause=WRITE[m
[m[37m[1733835000.578311 0:5 ruxos_posix_api::imp::mmap::trap:61] [36mPage Fault Happening, vaddr:0x5000000a2000, casue:WRITE, map_flags:MappingFlags(READ | WRITE | EXECUTE | USER)[m
[m[37m[1733835000.578716 0:5 ruxos_posix_api::imp::mmap::trap:113] [33mis copy-on-write: false, vaddr=0x5000000a2000[m
[m[37m[1733835000.578992 0:5 ruxhal::arch::aarch64::trap:102] [36missue=0x47, vaddr=0x5000000a3000, cause=WRITE[m
[m[37m[1733835000.579249 0:5 ruxos_posix_api::imp::mmap::trap:61] [36mPage Fault Happening, vaddr:0x5000000a3000, casue:WRITE, map_flags:MappingFlags(READ | WRITE | EXECUTE | USER)[m
[m[37m[1733835000.579653 0:5 ruxos_posix_api::imp::mmap::trap:113] [33mis copy-on-write: false, vaddr=0x5000000a3000[m
[m[37m[1733835000.579927 0:5 ruxhal::arch::aarch64::trap:102] [36missue=0x47, vaddr=0x5000000a4000, cause=WRITE[m
[m[37m[1733835000.580184 0:5 ruxos_posix_api::imp::mmap::trap:61] [36mPage Fault Happening, vaddr:0x5000000a4000, casue:WRITE, map_flags:MappingFlags(READ | WRITE | EXECUTE | USER)[m
[m[37m[1733835000.580589 0:5 ruxos_posix_api::imp::mmap::trap:113] [33mis copy-on-write: false, vaddr=0x5000000a4000[m
[m[37m[1733835000.580865 0:5 ruxhal::arch::aarch64::trap:102] [36missue=0x47, vaddr=0x5000000a5000, cause=WRITE[m
[m[37m[1733835000.581122 0:5 ruxos_posix_api::imp::mmap::trap:61] [36mPage Fault Happening, vaddr:0x5000000a5000, casue:WRITE, map_flags:MappingFlags(READ | WRITE | EXECUTE | USER)[m
[m[37m[1733835000.581527 0:5 ruxos_posix_api::imp::mmap::trap:113] [33mis copy-on-write: false, vaddr=0x5000000a5000[m
[m[37m[1733835000.581800 0:5 ruxhal::arch::aarch64::trap:102] [36missue=0x47, vaddr=0x5000000a6000, cause=WRITE[m
[m[37m[1733835000.582058 0:5 ruxos_posix_api::imp::mmap::trap:61] [36mPage Fault Happening, vaddr:0x5000000a6000, casue:WRITE, map_flags:MappingFlags(READ | WRITE | EXECUTE | USER)[m
[m[37m[1733835000.582463 0:5 ruxos_posix_api::imp::mmap::trap:113] [33mis copy-on-write: false, vaddr=0x5000000a6000[m
[m[37m[1733835000.582736 0:5 ruxhal::arch::aarch64::trap:102] [36missue=0x47, vaddr=0x5000000a7000, cause=WRITE[m
[m[37m[1733835000.583005 0:5 ruxos_posix_api::imp::mmap::trap:61] [36mPage Fault Happening, vaddr:0x5000000a7000, casue:WRITE, map_flags:MappingFlags(READ | WRITE | EXECUTE | USER)[m
[m[37m[1733835000.583410 0:5 ruxos_posix_api::imp::mmap::trap:113] [33mis copy-on-write: false, vaddr=0x5000000a7000[m
[m[37m[1733835000.583684 0:5 ruxhal::arch::aarch64::trap:102] [36missue=0x47, vaddr=0x5000000a8000, cause=WRITE[m
[m[37m[1733835000.583944 0:5 ruxos_posix_api::imp::mmap::trap:61] [36mPage Fault Happening, vaddr:0x5000000a8000, casue:WRITE, map_flags:MappingFlags(READ | WRITE | EXECUTE | USER)[m
[m[37m[1733835000.584351 0:5 ruxos_posix_api::imp::mmap::trap:113] [33mis copy-on-write: false, vaddr=0x5000000a8000[m
[m[37m[1733835000.584666 0:5 ruxhal::arch::aarch64::trap:102] [36missue=0x47, vaddr=0x5000000a9000, cause=WRITE[m
[m[37m[1733835000.584923 0:5 ruxos_posix_api::imp::mmap::trap:61] [36mPage Fault Happening, vaddr:0x5000000a9000, casue:WRITE, map_flags:MappingFlags(READ | WRITE | EXECUTE | USER)[m
[m[37m[1733835000.585328 0:5 ruxos_posix_api::imp::mmap::trap:113] [33mis copy-on-write: false, vaddr=0x5000000a9000[m
[m[37m[1733835000.585604 0:5 ruxhal::arch::aarch64::trap:102] [36missue=0x47, vaddr=0x5000000aa000, cause=WRITE[m
[m[37m[1733835000.585860 0:5 ruxos_posix_api::imp::mmap::trap:61] [36mPage Fault Happening, vaddr:0x5000000aa000, casue:WRITE, map_flags:MappingFlags(READ | WRITE | EXECUTE | USER)[m
[m[37m[1733835000.586263 0:5 ruxos_posix_api::imp::mmap::trap:113] [33mis copy-on-write: false, vaddr=0x5000000aa000[m
[m[37m[1733835000.586535 0:5 ruxhal::arch::aarch64::trap:102] [36missue=0x47, vaddr=0x5000000ab000, cause=WRITE[m
[m[37m[1733835000.586791 0:5 ruxos_posix_api::imp::mmap::trap:61] [36mPage Fault Happening, vaddr:0x5000000ab000, casue:WRITE, map_flags:MappingFlags(READ | WRITE | EXECUTE | USER)[m
[m[37m[1733835000.587193 0:5 ruxos_posix_api::imp::mmap::trap:113] [33mis copy-on-write: false, vaddr=0x5000000ab000[m
[m[37m[1733835000.587468 0:5 ruxhal::arch::aarch64::trap:102] [36missue=0x47, vaddr=0x5000000ac000, cause=WRITE[m
[m[37m[1733835000.587725 0:5 ruxos_posix_api::imp::mmap::trap:61] [36mPage Fault Happening, vaddr:0x5000000ac000, casue:WRITE, map_flags:MappingFlags(READ | WRITE | EXECUTE | USER)[m
[m[37m[1733835000.588126 0:5 ruxos_posix_api::imp::mmap::trap:113] [33mis copy-on-write: false, vaddr=0x5000000ac000[m
[m[37m[1733835000.588400 0:5 ruxhal::arch::aarch64::trap:102] [36missue=0x47, vaddr=0x5000000ad000, cause=WRITE[m
[m[37m[1733835000.588655 0:5 ruxos_posix_api::imp::mmap::trap:61] [36mPage Fault Happening, vaddr:0x5000000ad000, casue:WRITE, map_flags:MappingFlags(READ | WRITE | EXECUTE | USER)[m
[m[37m[1733835000.589060 0:5 ruxos_posix_api::imp::mmap::trap:113] [33mis copy-on-write: false, vaddr=0x5000000ad000[m
[m[37m[1733835000.589333 0:5 ruxhal::arch::aarch64::trap:102] [36missue=0x47, vaddr=0x5000000ae000, cause=WRITE[m
[m[37m[1733835000.589589 0:5 ruxos_posix_api::imp::mmap::trap:61] [36mPage Fault Happening, vaddr:0x5000000ae000, casue:WRITE, map_flags:MappingFlags(READ | WRITE | EXECUTE | USER)[m
[m[37m[1733835000.589993 0:5 ruxos_posix_api::imp::mmap::trap:113] [33mis copy-on-write: false, vaddr=0x5000000ae000[m
[m[37m[1733835000.590264 0:5 ruxhal::arch::aarch64::trap:102] [36missue=0x47, vaddr=0x5000000af000, cause=WRITE[m
[m[37m[1733835000.590520 0:5 ruxos_posix_api::imp::mmap::trap:61] [36mPage Fault Happening, vaddr:0x5000000af000, casue:WRITE, map_flags:MappingFlags(READ | WRITE | EXECUTE | USER)[m
[m[37m[1733835000.590923 0:5 ruxos_posix_api::imp::mmap::trap:113] [33mis copy-on-write: false, vaddr=0x5000000af000[m
[m[37m[1733835000.591196 0:5 ruxhal::arch::aarch64::trap:102] [36missue=0x47, vaddr=0x5000000b0000, cause=WRITE[m
[m[37m[1733835000.591453 0:5 ruxos_posix_api::imp::mmap::trap:61] [36mPage Fault Happening, vaddr:0x5000000b0000, casue:WRITE, map_flags:MappingFlags(READ | WRITE | EXECUTE | USER)[m
[m[37m[1733835000.591856 0:5 ruxos_posix_api::imp::mmap::trap:113] [33mis copy-on-write: false, vaddr=0x5000000b0000[m
[m[37m[1733835000.592129 0:5 ruxhal::arch::aarch64::trap:102] [36missue=0x47, vaddr=0x5000000b1000, cause=WRITE[m
[m[37m[1733835000.592388 0:5 ruxos_posix_api::imp::mmap::trap:61] [36mPage Fault Happening, vaddr:0x5000000b1000, casue:WRITE, map_flags:MappingFlags(READ | WRITE | EXECUTE | USER)[m
[m[37m[1733835000.592791 0:5 ruxos_posix_api::imp::mmap::trap:113] [33mis copy-on-write: false, vaddr=0x5000000b1000[m
[m[37m[1733835000.593066 0:5 ruxhal::arch::aarch64::trap:102] [36missue=0x47, vaddr=0x5000000b2000, cause=WRITE[m
[m[37m[1733835000.593322 0:5 ruxos_posix_api::imp::mmap::trap:61] [36mPage Fault Happening, vaddr:0x5000000b2000, casue:WRITE, map_flags:MappingFlags(READ | WRITE | EXECUTE | USER)[m
[m[37m[1733835000.593725 0:5 ruxos_posix_api::imp::mmap::trap:113] [33mis copy-on-write: false, vaddr=0x5000000b2000[m
[m[37m[1733835000.593999 0:5 ruxhal::arch::aarch64::trap:102] [36missue=0x47, vaddr=0x5000000b3000, cause=WRITE[m
[m[37m[1733835000.594256 0:5 ruxos_posix_api::imp::mmap::trap:61] [36mPage Fault Happening, vaddr:0x5000000b3000, casue:WRITE, map_flags:MappingFlags(READ | WRITE | EXECUTE | USER)[m
[m[37m[1733835000.594699 0:5 ruxos_posix_api::imp::mmap::trap:113] [33mis copy-on-write: false, vaddr=0x5000000b3000[m
[m[37m[1733835000.595009 0:5 ruxhal::arch::aarch64::trap:102] [36missue=0x47, vaddr=0x5000000b4000, cause=WRITE[m
[m[37m[1733835000.595279 0:5 ruxos_posix_api::imp::mmap::trap:61] [36mPage Fault Happening, vaddr:0x5000000b4000, casue:WRITE, map_flags:MappingFlags(READ | WRITE | EXECUTE | USER)[m
[m[37m[1733835000.595685 0:5 ruxos_posix_api::imp::mmap::trap:113] [33mis copy-on-write: false, vaddr=0x5000000b4000[m
[m[37m[1733835000.595958 0:5 ruxhal::arch::aarch64::trap:102] [36missue=0x47, vaddr=0x5000000b5000, cause=WRITE[m
[m[37m[1733835000.596215 0:5 ruxos_posix_api::imp::mmap::trap:61] [36mPage Fault Happening, vaddr:0x5000000b5000, casue:WRITE, map_flags:MappingFlags(READ | WRITE | EXECUTE | USER)[m
[m[37m[1733835000.596620 0:5 ruxos_posix_api::imp::mmap::trap:113] [33mis copy-on-write: false, vaddr=0x5000000b5000[m
[m[37m[1733835000.596892 0:5 ruxhal::arch::aarch64::trap:102] [36missue=0x47, vaddr=0x5000000b6000, cause=WRITE[m
[m[37m[1733835000.597150 0:5 ruxos_posix_api::imp::mmap::trap:61] [36mPage Fault Happening, vaddr:0x5000000b6000, casue:WRITE, map_flags:MappingFlags(READ | WRITE | EXECUTE | USER)[m
[m[37m[1733835000.597554 0:5 ruxos_posix_api::imp::mmap::trap:113] [33mis copy-on-write: false, vaddr=0x5000000b6000[m
[m[37m[1733835000.597826 0:5 ruxhal::arch::aarch64::trap:102] [36missue=0x47, vaddr=0x5000000b7000, cause=WRITE[m
[m[37m[1733835000.598083 0:5 ruxos_posix_api::imp::mmap::trap:61] [36mPage Fault Happening, vaddr:0x5000000b7000, casue:WRITE, map_flags:MappingFlags(READ | WRITE | EXECUTE | USER)[m
[m[37m[1733835000.598487 0:5 ruxos_posix_api::imp::mmap::trap:113] [33mis copy-on-write: false, vaddr=0x5000000b7000[m
[m[37m[1733835000.598759 0:5 ruxhal::arch::aarch64::trap:102] [36missue=0x47, vaddr=0x5000000b8000, cause=WRITE[m
[m[37m[1733835000.599019 0:5 ruxos_posix_api::imp::mmap::trap:61] [36mPage Fault Happening, vaddr:0x5000000b8000, casue:WRITE, map_flags:MappingFlags(READ | WRITE | EXECUTE | USER)[m
[m[37m[1733835000.599423 0:5 ruxos_posix_api::imp::mmap::trap:113] [33mis copy-on-write: false, vaddr=0x5000000b8000[m
[m[37m[1733835000.599696 0:5 ruxhal::arch::aarch64::trap:102] [36missue=0x47, vaddr=0x5000000b9000, cause=WRITE[m
[m[37m[1733835000.599952 0:5 ruxos_posix_api::imp::mmap::trap:61] [36mPage Fault Happening, vaddr:0x5000000b9000, casue:WRITE, map_flags:MappingFlags(READ | WRITE | EXECUTE | USER)[m
[m[37m[1733835000.600356 0:5 ruxos_posix_api::imp::mmap::trap:113] [33mis copy-on-write: false, vaddr=0x5000000b9000[m
[m[37m[1733835000.600629 0:5 ruxhal::arch::aarch64::trap:102] [36missue=0x47, vaddr=0x5000000ba000, cause=WRITE[m
[m[37m[1733835000.600887 0:5 ruxos_posix_api::imp::mmap::trap:61] [36mPage Fault Happening, vaddr:0x5000000ba000, casue:WRITE, map_flags:MappingFlags(READ | WRITE | EXECUTE | USER)[m
[m[37m[1733835000.601291 0:5 ruxos_posix_api::imp::mmap::trap:113] [33mis copy-on-write: false, vaddr=0x5000000ba000[m
[m[37m[1733835000.601565 0:5 ruxhal::arch::aarch64::trap:102] [36missue=0x47, vaddr=0x5000000bb000, cause=WRITE[m
[m[37m[1733835000.601825 0:5 ruxos_posix_api::imp::mmap::trap:61] [36mPage Fault Happening, vaddr:0x5000000bb000, casue:WRITE, map_flags:MappingFlags(READ | WRITE | EXECUTE | USER)[m
[m[37m[1733835000.602244 0:5 ruxos_posix_api::imp::mmap::trap:113] [33mis copy-on-write: false, vaddr=0x5000000bb000[m
[m[37m[1733835000.602517 0:5 ruxhal::arch::aarch64::trap:102] [36missue=0x47, vaddr=0x5000000bc000, cause=WRITE[m
[m[37m[1733835000.602774 0:5 ruxos_posix_api::imp::mmap::trap:61] [36mPage Fault Happening, vaddr:0x5000000bc000, casue:WRITE, map_flags:MappingFlags(READ | WRITE | EXECUTE | USER)[m
[m[37m[1733835000.603178 0:5 ruxos_posix_api::imp::mmap::trap:113] [33mis copy-on-write: false, vaddr=0x5000000bc000[m
[m[37m[1733835000.603452 0:5 ruxhal::arch::aarch64::trap:102] [36missue=0x47, vaddr=0x5000000bd000, cause=WRITE[m
[m[37m[1733835000.603710 0:5 ruxos_posix_api::imp::mmap::trap:61] [36mPage Fault Happening, vaddr:0x5000000bd000, casue:WRITE, map_flags:MappingFlags(READ | WRITE | EXECUTE | USER)[m
[m[37m[1733835000.604114 0:5 ruxos_posix_api::imp::mmap::trap:113] [33mis copy-on-write: false, vaddr=0x5000000bd000[m
[m[37m[1733835000.604388 0:5 ruxhal::arch::aarch64::trap:102] [36missue=0x47, vaddr=0x5000000be000, cause=WRITE[m
[m[37m[1733835000.604685 0:5 ruxos_posix_api::imp::mmap::trap:61] [36mPage Fault Happening, vaddr:0x5000000be000, casue:WRITE, map_flags:MappingFlags(READ | WRITE | EXECUTE | USER)[m
[m[37m[1733835000.605131 0:5 ruxos_posix_api::imp::mmap::trap:113] [33mis copy-on-write: false, vaddr=0x5000000be000[m
[m[37m[1733835000.605439 0:5 ruxhal::arch::aarch64::trap:102] [36missue=0x47, vaddr=0x5000000bf000, cause=WRITE[m
[m[37m[1733835000.605718 0:5 ruxos_posix_api::imp::mmap::trap:61] [36mPage Fault Happening, vaddr:0x5000000bf000, casue:WRITE, map_flags:MappingFlags(READ | WRITE | EXECUTE | USER)[m
[m[37m[1733835000.606122 0:5 ruxos_posix_api::imp::mmap::trap:113] [33mis copy-on-write: false, vaddr=0x5000000bf000[m
[m[37m[1733835000.606396 0:5 ruxhal::arch::aarch64::trap:102] [36missue=0x47, vaddr=0x5000000c0000, cause=WRITE[m
[m[37m[1733835000.606653 0:5 ruxos_posix_api::imp::mmap::trap:61] [36mPage Fault Happening, vaddr:0x5000000c0000, casue:WRITE, map_flags:MappingFlags(READ | WRITE | EXECUTE | USER)[m
[m[37m[1733835000.607057 0:5 ruxos_posix_api::imp::mmap::trap:113] [33mis copy-on-write: false, vaddr=0x5000000c0000[m
[m[37m[1733835000.607370 0:5 ruxhal::arch::aarch64::trap:102] [36missue=0x47, vaddr=0x5000000c1000, cause=WRITE[m
[m[37m[1733835000.607633 0:5 ruxos_posix_api::imp::mmap::trap:61] [36mPage Fault Happening, vaddr:0x5000000c1000, casue:WRITE, map_flags:MappingFlags(READ | WRITE | EXECUTE | USER)[m
[m[37m[1733835000.608039 0:5 ruxos_posix_api::imp::mmap::trap:113] [33mis copy-on-write: false, vaddr=0x5000000c1000[m
[m[37m[1733835000.608313 0:5 ruxhal::arch::aarch64::trap:102] [36missue=0x47, vaddr=0x5000000c2000, cause=WRITE[m
[m[37m[1733835000.608572 0:5 ruxos_posix_api::imp::mmap::trap:61] [36mPage Fault Happening, vaddr:0x5000000c2000, casue:WRITE, map_flags:MappingFlags(READ | WRITE | EXECUTE | USER)[m
[m[37m[1733835000.608981 0:5 ruxos_posix_api::imp::mmap::trap:113] [33mis copy-on-write: false, vaddr=0x5000000c2000[m
[m[37m[1733835000.609257 0:5 ruxhal::arch::aarch64::trap:102] [36missue=0x47, vaddr=0x5000000d2b90, cause=WRITE[m
[m[37m[1733835000.609513 0:5 ruxos_posix_api::imp::mmap::trap:61] [36mPage Fault Happening, vaddr:0x5000000d2000, casue:WRITE, map_flags:MappingFlags(READ | WRITE | EXECUTE | USER)[m
[m[37m[1733835000.609918 0:5 ruxos_posix_api::imp::mmap::trap:113] [33mis copy-on-write: false, vaddr=0x5000000d2000[m
[m[37m[1733835000.610190 0:5 ruxhal::arch::aarch64::trap:102] [36missue=0x47, vaddr=0x5000000d3000, cause=WRITE[m
[m[37m[1733835000.610446 0:5 ruxos_posix_api::imp::mmap::trap:61] [36mPage Fault Happening, vaddr:0x5000000d3000, casue:WRITE, map_flags:MappingFlags(READ | WRITE | EXECUTE | USER)[m
[m[37m[1733835000.610850 0:5 ruxos_posix_api::imp::mmap::trap:113] [33mis copy-on-write: false, vaddr=0x5000000d3000[m
[m[37m[1733835000.611178 0:5 ruxos_posix_api::imp::execve::load_elf:91] [36msys_execve: loaded ELF in 0x500000029000, .text is 0x50000003d600[m
[m[37m[1733835000.611557 0:5 ruxos_posix_api::imp::execve:40] [36msys_execve: INTERP base is 500000029000[m
[m[37m[1733835000.611816 0:5 ruxos_posix_api::imp::mmap::api:45] [36msys_mmap <= start: 0x0, len: 0x80000, prot:0x7, flags:0x22, fd: -1[m
[m[37m[1733835000.612137 0:5 ruxos_posix_api::imp::mmap::api:49] [36msys_mmap => Ok(0x5000000d6000)[m
[m[37m[1733835000.612405 0:5 ruxhal::arch::aarch64::trap:102] [36missue=0x47, vaddr=0x500000155ff0, cause=WRITE[m
[m[37m[1733835000.612664 0:5 ruxos_posix_api::imp::mmap::trap:61] [36mPage Fault Happening, vaddr:0x500000155000, casue:WRITE, map_flags:MappingFlags(READ | WRITE | EXECUTE | USER)[m
[m[37m[1733835000.613069 0:5 ruxos_posix_api::imp::mmap::trap:113] [33mis copy-on-write: false, vaddr=0x500000155000[m
[m[37m[1733835000.613671 0:5 ruxos_posix_api::imp::execve:144] [33msys_execve: ttbr0_el1 is 0x409ff000[m
[m[37m[1733835000.613994 0:5 ruxos_posix_api::imp::execve:145] [33mtask ptable is 0xPA:0x409ff000[m
[m[37m[1733835000.614265 0:5 ruxos_posix_api::imp::execve:148] [33msys_execve: sp is 0x500000155e40, run at 0x50000008aeb8, then jump to 0x5000000176a0 [m
[m[37m[1733835000.614690 0:5 ruxhal::arch::aarch64::trap:102] [36missue=0xf, vaddr=0x50000008aeb8, cause=INSTRUCTION[m
[m[37m[1733835000.614962 0:5 ruxos_posix_api::imp::mmap::trap:61] [36mPage Fault Happening, vaddr:0x50000008a000, casue:INSTRUCTION, map_flags:MappingFlags(READ | WRITE | EXECUTE | USER)[m
[m[37m[1733835000.615384 0:5 ruxos_posix_api::imp::mmap::trap:90] [36mmapping_flags: MappingFlags(READ | WRITE | EXECUTE | USER)[m
[m[37m[1733835000.615687 0:5 ruxhal::arch::aarch64::trap:102] [36missue=0xf, vaddr=0x50000008aeb8, cause=INSTRUCTION[m
[m[37m[1733835000.615956 0:5 ruxos_posix_api::imp::mmap::trap:61] [36mPage Fault Happening, vaddr:0x50000008a000, casue:INSTRUCTION, map_flags:MappingFlags(READ | WRITE | EXECUTE | USER)[m
[m[37m[1733835000.616378 0:5 ruxos_posix_api::imp::mmap::trap:90] [36mmapping_flags: MappingFlags(READ | WRITE | EXECUTE | USER)[m
[m[37m[1733835000.616674 0:5 ruxhal::arch::aarch64::trap:102] [36missue=0xf, vaddr=0x50000008aeb8, cause=INSTRUCTION[m
[m[37m[1733835000.616941 0:5 ruxos_posix_api::imp::mmap::trap:61] [36mPage Fault Happening, vaddr:0x50000008a000, casue:INSTRUCTION, map_flags:MappingFlags(READ | WRITE | EXECUTE | USER)[m
[m[37m[1733835000.617359 0:5 ruxos_posix_api::imp::mmap::trap:90] [36mmapping_flags: MappingFlags(READ | WRITE | EXECUTE | USER)[m
[m[37m[1733835000.617654 0:5 ruxhal::arch::aarch64::trap:102] [36missue=0xf, vaddr=0x50000008aeb8, cause=INSTRUCTION[m
[m[37m[1733835000.617922 0:5 ruxos_posix_api::imp::mmap::trap:61] [36mPage Fault Happening, vaddr:0x50000008a000, casue:INSTRUCTION, map_flags:MappingFlags(READ | WRITE | EXECUTE | USER)[m
[m[37m[1733835000.618339 0:5 ruxos_posix_api::imp::mmap::trap:90] [36mmapping_flags: MappingFlags(READ | WRITE | EXECUTE | USER)[m
[m[37m[1733835000.618633 0:5 ruxhal::arch::aarch64::trap:102] [36missue=0xf, vaddr=0x50000008aeb8, cause=INSTRUCTION[m
[m[37m[1733835000.618904 0:5 ruxos_posix_api::imp::mmap::trap:61] [36mPage Fault Happening, vaddr:0x50000008a000, casue:INSTRUCTION, map_flags:MappingFlags(READ | WRITE | EXECUTE | USER)[m
[m[37m[1733835000.619321 0:5 ruxos_posix_api::imp::mmap::trap:90] [36mmapping_flags: MappingFlags(READ | WRITE | EXECUTE | USER)[m
[m[37m[1733835000.619615 0:5 ruxhal::arch::aarch64::trap:102] [36missue=0xf, vaddr=0x50000008aeb8, cause=INSTRUCTION[m
[m[37m[1733835000.619883 0:5 ruxos_posix_api::imp::mmap::trap:61] [36mPage Fault Happening, vaddr:0x50000008a000, casue:INSTRUCTION, map_flags:MappingFlags(READ | WRITE | EXECUTE | USER)[m
[m[37m[1733835000.620300 0:5 ruxos_posix_api::imp::mmap::trap:90] [36mmapping_flags: MappingFlags(READ | WRITE | EXECUTE | USER)[m
[m[37m[1733835000.620602 0:5 ruxhal::arch::aarch64::trap:102] [36missue=0xf, vaddr=0x50000008aeb8, cause=INSTRUCTION[m
[m[37m[1733835000.620871 0:5 ruxos_posix_api::imp::mmap::trap:61] [36mPage Fault Happening, vaddr:0x50000008a000, casue:INSTRUCTION, map_flags:MappingFlags(READ | WRITE | EXECUTE | USER)[m
[m[37m[1733835000.621288 0:5 ruxos_posix_api::imp::mmap::trap:90] [36mmapping_flags: MappingFlags(READ | WRITE | EXECUTE | USER)[m
[m[37m[1733835000.621582 0:5 ruxhal::arch::aarch64::trap:102] [36missue=0xf, vaddr=0x50000008aeb8, cause=INSTRUCTION[m
[m[37m[1733835000.621850 0:5 ruxos_posix_api::imp::mmap::trap:61] [36mPage Fault Happening, vaddr:0x50000008a000, casue:INSTRUCTION, map_flags:MappingFlags(READ | WRITE | EXECUTE | USER)[m
[m[37m[1733835000.622269 0:5 ruxos_posix_api::imp::mmap::trap:90] [36mmapping_flags: MappingFlags(READ | WRITE | EXECUTE | USER)[m
[m[37m[1733835000.622562 0:5 ruxhal::arch::aarch64::trap:102] [36missue=0xf, vaddr=0x50000008aeb8, cause=INSTRUCTION[m
[m[37m[1733835000.622831 0:5 ruxos_posix_api::imp::mmap::trap:61] [36mPage Fault Happening, vaddr:0x50000008a000, casue:INSTRUCTION, map_flags:MappingFlags(READ | WRITE | EXECUTE | USER)[m
[m[37m[1733835000.623248 0:5 ruxos_posix_api::imp::mmap::trap:90] [36mmapping_flags: MappingFlags(READ | WRITE | EXECUTE | USER)[m
[m[37m[1733835000.623542 0:5 ruxhal::arch::aarch64::trap:102] [36missue=0xf, vaddr=0x50000008aeb8, cause=INSTRUCTION[m
[m[37m[1733835000.623810 0:5 ruxos_posix_api::imp::mmap::trap:61] [36mPage Fault Happening, vaddr:0x50000008a000, casue:INSTRUCTION, map_flags:MappingFlags(READ | WRITE | EXECUTE | USER)[m
[m[37m[1733835000.624228 0:5 ruxos_posix_api::imp::mmap::trap:90] [36mmapping_flags: MappingFlags(READ | WRITE | EXECUTE | USER)[m
[m[37m[1733835000.624567 0:5 ruxhal::arch::aarch64::trap:102] [36missue=0xf, vaddr=0x50000008aeb8, cause=INSTRUCTION[m
[m[37m[1733835000.624836 0:5 ruxos_posix_api::imp::mmap::trap:61] [36mPage Fault Happening, vaddr:0x50000008a000, casue:INSTRUCTION, map_flags:MappingFlags(READ | WRITE | EXECUTE | USER)[m
[m[37m[1733835000.625254 0:5 ruxos_posix_api::imp::mmap::trap:90] [36mmapping_flags: MappingFlags(READ | WRITE | EXECUTE | USER)[m
[m[37m[1733835000.625550 0:5 ruxhal::arch::aarch64::trap:102] [36missue=0xf, vaddr=0x50000008aeb8, cause=INSTRUCTION[m
[m[37m[1733835000.625816 0:5 ruxos_posix_api::imp::mmap::trap:61] [36mPage Fault Happening, vaddr:0x50000008a000, casue:INSTRUCTION, map_flags:MappingFlags(READ | WRITE | EXECUTE | USER)[m
[m[37m[1733835000.626233 0:5 ruxos_posix_api::imp::mmap::trap:90] [36mmapping_flags: MappingFlags(READ | WRITE | EXECUTE | USER)[m
[m[37m[1733835000.626527 0:5 ruxhal::arch::aarch64::trap:102] [36missue=0xf, vaddr=0x50000008aeb8, cause=INSTRUCTION[m
[m[37m[1733835000.626795 0:5 ruxos_posix_api::imp::mmap::trap:61] [36mPage Fault Happening, vaddr:0x50000008a000, casue:INSTRUCTION, map_flags:MappingFlags(READ | WRITE | EXECUTE | USER)[m
[m[37m[1733835000.627210 0:5 ruxos_posix_api::imp::mmap::trap:90] [36mmapping_flags: MappingFlags(READ | WRITE | EXECUTE | USER)[m
[m[37m[1733835000.627504 0:5 ruxhal::arch::aarch64::trap:102] [36missue=0xf, vaddr=0x50000008aeb8, cause=INSTRUCTION[m
[m[37m[1733835000.627773 0:5 ruxos_posix_api::imp::mmap::trap:61] [36mPage Fault Happening, vaddr:0x50000008a000, casue:INSTRUCTION, map_flags:MappingFlags(READ | WRITE | EXECUTE | USER)[m
[m[37m[1733835000.628190 0:5 ruxos_posix_api::imp::mmap::trap:90] [36mmapping_flags: MappingFlags(READ | WRITE | EXECUTE | USER)[m
[m[37m[1733835000.628484 0:5 ruxhal::arch::aarch64::trap:102] [36missue=0xf, vaddr=0x50000008aeb8, cause=INSTRUCTION[m
[m[37m[1733835000.628752 0:5 ruxos_posix_api::imp::mmap::trap:61] [36mPage Fault Happening, vaddr:0x50000008a000, casue:INSTRUCTION, map_flags:MappingFlags(READ | WRITE | EXECUTE | USER)[m
[m[37m[1733835000.629172 0:5 ruxos_posix_api::imp::mmap::trap:90] [36mmapping_flags: MappingFlags(READ | WRITE | EXECUTE | USER)[m
[m[37m[1733835000.629469 0:5 ruxhal::arch::aarch64::trap:102] [36missue=0xf, vaddr=0x50000008aeb8, cause=INSTRUCTION[m
[m[37m[1733835000.629739 0:5 ruxos_posix_api::imp::mmap::trap:61] [36mPage Fault Happening, vaddr:0x50000008a000, casue:INSTRUCTION, map_flags:MappingFlags(READ | WRITE | EXECUTE | USER)[m
[m[37m[1733835000.630157 0:5 ruxos_posix_api::imp::mmap::trap:90] [36mmapping_flags: MappingFlags(READ | WRITE | EXECUTE | USER)[m
[m[37m[1733835000.630450 0:5 ruxhal::arch::aarch64::trap:102] [36missue=0xf, vaddr=0x50000008aeb8, cause=INSTRUCTION[m
[m[37m[1733835000.630720 0:5 ruxos_posix_api::imp::mmap::trap:61] [36mPage Fault Happening, vaddr:0x50000008a000, casue:INSTRUCTION, map_flags:MappingFlags(READ | WRITE | EXECUTE | USER)[m
[m[37m[1733835000.631137 0:5 ruxos_posix_api::imp::mmap::trap:90] [36mmapping_flags: MappingFlags(READ | WRITE | EXECUTE | USER)[m
[m[37m[1733835000.631432 0:5 ruxhal::arch::aarch64::trap:102] [36missue=0xf, vaddr=0x50000008aeb8, cause=INSTRUCTION[m
[m[37m[1733835000.631701 0:5 ruxos_posix_api::imp::mmap::trap:61] [36mPage Fault Happening, vaddr:0x50000008a000, casue:INSTRUCTION, map_flags:MappingFlags(READ | WRITE | EXECUTE | USER)[m
[m[37m[1733835000.632118 0:5 ruxos_posix_api::imp::mmap::trap:90] [36mmapping_flags: MappingFlags(READ | WRITE | EXECUTE | USER)[m
[m[37m[1733835000.632418 0:5 ruxhal::arch::aarch64::trap:102] [36missue=0xf, vaddr=0x50000008aeb8, cause=INSTRUCTION[m
[m[37m[1733835000.632686 0:5 ruxos_posix_api::imp::mmap::trap:61] [36mPage Fault Happening, vaddr:0x50000008a000, casue:INSTRUCTION, map_flags:MappingFlags(READ | WRITE | EXECUTE | USER)[m
[m[37m[1733835000.633104 0:5 ruxos_posix_api::imp::mmap::trap:90] [36mmapping_flags: MappingFlags(READ | WRITE | EXECUTE | USER)[m
[m[37m[1733835000.633400 0:5 ruxhal::arch::aarch64::trap:102] [36missue=0xf, vaddr=0x50000008aeb8, cause=INSTRUCTION[m
[m[37m[1733835000.633668 0:5 ruxos_posix_api::imp::mmap::trap:61] [36mPage Fault Happening, vaddr:0x50000008a000, casue:INSTRUCTION, map_flags:MappingFlags(READ | WRITE | EXECUTE | USER)[m
[m[37m[1733835000.634085 0:5 ruxos_posix_api::imp::mmap::trap:90] [36mmapping_flags: MappingFlags(READ | WRITE | EXECUTE | USER)[m
[m[37m[1733835000.634379 0:5 ruxhal::arch::aarch64::trap:102] [36missue=0xf, vaddr=0x50000008aeb8, cause=INSTRUCTION[m
[m[37m[1733835000.634689 0:5 ruxos_posix_api::imp::mmap::trap:61] [36mPage Fault Happening, vaddr:0x50000008a000, casue:INSTRUCTION, map_flags:MappingFlags(READ | WRITE | EXECUTE | USER)[m
[m[37m[1733835000.635148 0:5 ruxos_posix_api::imp::mmap::trap:90] [36mmapping_flags: MappingFlags(READ | WRITE | EXECUTE | USER)[m
[m[37m[1733835000.635483 0:5 ruxhal::arch::aarch64::trap:102] [36missue=0xf, vaddr=0x50000008aeb8, cause=INSTRUCTION[m
[m[37m[1733835000.635788 0:5 ruxos_posix_api::imp::mmap::trap:61] [36mPage Fault Happening, vaddr:0x50000008a000, casue:INSTRUCTION, map_flags:MappingFlags(READ | WRITE | EXECUTE | USER)[m
[m[37m[1733835000.636204 0:5 ruxos_posix_api::imp::mmap::trap:90] [36mmapping_flags: MappingFlags(READ | WRITE | EXECUTE | USER)[m
[m[37m[1733835000.636497 0:5 ruxhal::arch::aarch64::trap:102] [36missue=0xf, vaddr=0x50000008aeb8, cause=INSTRUCTION[m
[m[37m[1733835000.636765 0:5 ruxos_posix_api::imp::mmap::trap:61] [36mPage Fault Happening, vaddr:0x50000008a000, casue:INSTRUCTION, map_flags:MappingFlags(READ | WRITE | EXECUTE | USER)[m
[m[37m[1733835000.637183 0:5 ruxos_posix_api::imp::mmap::trap:90] [36mmapping_flags: MappingFlags(READ | WRITE | EXECUTE | USER)[m
[m[37m[1733835000.637477 0:5 ruxhal::arch::aarch64::trap:102] [36missue=0xf, vaddr=0x50000008aeb8, cause=INSTRUCTION[m
[m[37m[1733835000.637746 0:5 ruxos_posix_api::imp::mmap::trap:61] [36mPage Fault Happening, vaddr:0x50000008a000, casue:INSTRUCTION, map_flags:MappingFlags(READ | WRITE | EXECUTE | USER)[m
[m[37m[1733835000.638162 0:5 ruxos_posix_api::imp::mmap::trap:90] [36mmapping_flags: MappingFlags(READ | WRITE | EXECUTE | USER)[m
[m[37m[1733835000.638458 0:5 ruxhal::arch::aarch64::trap:102] [36missue=0xf, vaddr=0x50000008aeb8, cause=INSTRUCTION[m
[m[37m[1733835000.638726 0:5 ruxos_posix_api::imp::mmap::trap:61] [36mPage Fault Happening, vaddr:0x50000008a000, casue:INSTRUCTION, map_flags:MappingFlags(READ | WRITE | EXECUTE | USER)[m
[m[37m[1733835000.639144 0:5 ruxos_posix_api::imp::mmap::trap:90] [36mmapping_flags: MappingFlags(READ | WRITE | EXECUTE | USER)[m
[m[37m[1733835000.639439 0:5 ruxhal::arch::aarch64::trap:102] [36missue=0xf, vaddr=0x50000008aeb8, cause=INSTRUCTION[m
[m[37m[1733835000.639707 0:5 ruxos_posix_api::imp::mmap::trap:61] [36mPage Fault Happening, vaddr:0x50000008a000, casue:INSTRUCTION, map_flags:MappingFlags(READ | WRITE | EXECUTE | USER)[m
[m[37m[1733835000.640123 0:5 ruxos_posix_api::imp::mmap::trap:90] [36mmapping_flags: MappingFlags(READ | WRITE | EXECUTE | USER)[m
[m[37m[1733835000.640417 0:5 ruxhal::arch::aarch64::trap:102] [36missue=0xf, vaddr=0x50000008aeb8, cause=INSTRUCTION[m
[m[37m[1733835000.640684 0:5 ruxos_posix_api::imp::mmap::trap:61] [36mPage Fault Happening, vaddr:0x50000008a000, casue:INSTRUCTION, map_flags:MappingFlags(READ | WRITE | EXECUTE | USER)[m
[m[37m[1733835000.641102 0:5 ruxos_posix_api::imp::mmap::trap:90] [36mmapping_flags: MappingFlags(READ | WRITE | EXECUTE | USER)[m
[m[37m[1733835000.641396 0:5 ruxhal::arch::aarch64::trap:102] [36missue=0xf, vaddr=0x50000008aeb8, cause=INSTRUCTION[m
[m[37m[1733835000.641664 0:5 ruxos_posix_api::imp::mmap::trap:61] [36mPage Fault Happening, vaddr:0x50000008a000, casue:INSTRUCTION, map_flags:MappingFlags(READ | WRITE | EXECUTE | USER)[m
[m[37m[1733835000.642081 0:5 ruxos_posix_api::imp::mmap::trap:90] [36mmapping_flags: MappingFlags(READ | WRITE | EXECUTE | USER)[m
[m[37m[1733835000.642377 0:5 ruxhal::arch::aarch64::trap:102] [36missue=0xf, vaddr=0x50000008aeb8, cause=INSTRUCTION[m
[m[37m[1733835000.642645 0:5 ruxos_posix_api::imp::mmap::trap:61] [36mPage Fault Happening, vaddr:0x50000008a000, casue:INSTRUCTION, map_flags:MappingFlags(READ | WRITE | EXECUTE | USER)[m
[m[37m[1733835000.643062 0:5 ruxos_posix_api::imp::mmap::trap:90] [36mmapping_flags: MappingFlags(READ | WRITE | EXECUTE | USER)[m
[m[37m[1733835000.643355 0:5 ruxhal::arch::aarch64::trap:102] [36missue=0xf, vaddr=0x50000008aeb8, cause=INSTRUCTION[m
[m[37m[1733835000.643622 0:5 ruxos_posix_api::imp::mmap::trap:61] [36mPage Fault Happening, vaddr:0x50000008a000, casue:INSTRUCTION, map_flags:MappingFlags(READ | WRITE | EXECUTE | USER)[m
[m[37m[1733835000.644038 0:5 ruxos_posix_api::imp::mmap::trap:90] [36mmapping_flags: MappingFlags(READ | WRITE | EXECUTE | USER)[m
[m[37m[1733835000.644332 0:5 ruxhal::arch::aarch64::trap:102] [36missue=0xf, vaddr=0x50000008aeb8, cause=INSTRUCTION[m
[m[37m[1733835000.644619 0:5 ruxos_posix_api::imp::mmap::trap:61] [36mPage Fault Happening, vaddr:0x50000008a000, casue:INSTRUCTION, map_flags:MappingFlags(READ | WRITE | EXECUTE | USER)[m
[m[37m[1733835000.645079 0:5 ruxos_posix_api::imp::mmap::trap:90] [36mmapping_flags: MappingFlags(READ | WRITE | EXECUTE | USER)[m
[m[37m[1733835000.645410 0:5 ruxhal::arch::aarch64::trap:102] [36missue=0xf, vaddr=0x50000008aeb8, cause=INSTRUCTION[m
[m[37m[1733835000.645696 0:5 ruxos_posix_api::imp::mmap::trap:61] [36mPage Fault Happening, vaddr:0x50000008a000, casue:INSTRUCTION, map_flags:MappingFlags(READ | WRITE | EXECUTE | USER)[m
[m[37m[1733835000.646112 0:5 ruxos_posix_api::imp::mmap::trap:90] [36mmapping_flags: MappingFlags(READ | WRITE | EXECUTE | USER)[m
[m[37m[1733835000.646406 0:5 ruxhal::arch::aarch64::trap:102] [36missue=0xf, vaddr=0x50000008aeb8, cause=INSTRUCTION[m
[m[37m[1733835000.646674 0:5 ruxos_posix_api::imp::mmap::trap:61] [36mPage Fault Happening, vaddr:0x50000008a000, casue:INSTRUCTION, map_flags:MappingFlags(READ | WRITE | EXECUTE | USER)[m
[m[37m[1733835000.647091 0:5 ruxos_posix_api::imp::mmap::trap:90] [36mmapping_flags: MappingFlags(READ | WRITE | EXECUTE | USER)[m
[m[37m[1733835000.647386 0:5 ruxhal::arch::aarch64::trap:102] [36missue=0xf, vaddr=0x50000008aeb8, cause=INSTRUCTION[m
[m[37m[1733835000.647654 0:5 ruxos_posix_api::imp::mmap::trap:61] [36mPage Fault Happening, vaddr:0x50000008a000, casue:INSTRUCTION, map_flags:MappingFlags(READ | WRITE | EXECUTE | USER)[m
[m[37m[1733835000.648071 0:5 ruxos_posix_api::imp::mmap::trap:90] [36mmapping_flags: MappingFlags(READ | WRITE | EXECUTE | USER)[m
[m[37m[1733835000.648365 0:5 ruxhal::arch::aarch64::trap:102] [36missue=0xf, vaddr=0x50000008aeb8, cause=INSTRUCTION[m
[m[37m[1733835000.648632 0:5 ruxos_posix_api::imp::mmap::trap:61] [36mPage Fault Happening, vaddr:0x50000008a000, casue:INSTRUCTION, map_flags:MappingFlags(READ | WRITE | EXECUTE | USER)[m
[m[37m[1733835000.649058 0:5 ruxos_posix_api::imp::mmap::trap:90] [36mmapping_flags: MappingFlags(READ | WRITE | EXECUTE | USER)[m
[m[37m[1733835000.649351 0:5 ruxhal::arch::aarch64::trap:102] [36missue=0xf, vaddr=0x50000008aeb8, cause=INSTRUCTION[m
[m[37m[1733835000.649619 0:5 ruxos_posix_api::imp::mmap::trap:61] [36mPage Fault Happening, vaddr:0x50000008a000, casue:INSTRUCTION, map_flags:MappingFlags(READ | WRITE | EXECUTE | USER)[m
[m[37m[1733835000.650037 0:5 ruxos_posix_api::imp::mmap::trap:90] [36mmapping_flags: MappingFlags(READ | WRITE | EXECUTE | USER)[m
[m[37m[1733835000.650333 0:5 ruxhal::arch::aarch64::trap:102] [36missue=0xf, vaddr=0x50000008aeb8, cause=INSTRUCTION[m
[m[37m[1733835000.650603 0:5 ruxos_posix_api::imp::mmap::trap:61] [36mPage Fault Happening, vaddr:0x50000008a000, casue:INSTRUCTION, map_flags:MappingFlags(READ | WRITE | EXECUTE | USER)[m
[m[37m[1733835000.651021 0:5 ruxos_posix_api::imp::mmap::trap:90] [36mmapping_flags: MappingFlags(READ | WRITE | EXECUTE | USER)[m
[m[37m[1733835000.651315 0:5 ruxhal::arch::aarch64::trap:102] [36missue=0xf, vaddr=0x50000008aeb8, cause=INSTRUCTION[m
[m[37m[1733835000.651584 0:5 ruxos_posix_api::imp::mmap::trap:61] [36mPage Fault Happening, vaddr:0x50000008a000, casue:INSTRUCTION, map_flags:MappingFlags(READ | WRITE | EXECUTE | USER)[m
[m[37m[1733835000.652000 0:5 ruxos_posix_api::imp::mmap::trap:90] [36mmapping_flags: MappingFlags(READ | WRITE | EXECUTE | USER)[m
[m[37m[1733835000.652312 0:5 ruxhal::arch::aarch64::trap:102] [36missue=0xf, vaddr=0x50000008aeb8, cause=INSTRUCTION[m
[m[37m[1733835000.652580 0:5 ruxos_posix_api::imp::mmap::trap:61] [36mPage Fault Happening, vaddr:0x50000008a000, casue:INSTRUCTION, map_flags:MappingFlags(READ | WRITE | EXECUTE | USER)[m
[m[37m[1733835000.652996 0:5 ruxos_posix_api::imp::mmap::trap:90] [36mmapping_flags: MappingFlags(READ | WRITE | EXECUTE | USER)[m
[m[37m[1733835000.653290 0:5 ruxhal::arch::aarch64::trap:102] [36missue=0xf, vaddr=0x50000008aeb8, cause=INSTRUCTION[m
[m[37m[1733835000.653559 0:5 ruxos_posix_api::imp::mmap::trap:61] [36mPage Fault Happening, vaddr:0x50000008a000, casue:INSTRUCTION, map_flags:MappingFlags(READ | WRITE | EXECUTE | USER)[m
[m[37m[1733835000.653976 0:5 ruxos_posix_api::imp::mmap::trap:90] [36mmapping_flags: MappingFlags(READ | WRITE | EXECUTE | USER)[m
[m[37m[1733835000.654271 0:5 ruxhal::arch::aarch64::trap:102] [36missue=0xf, vaddr=0x50000008aeb8, cause=INSTRUCTION[m
[m[37m[1733835000.654538 0:5 ruxos_posix_api::imp::mmap::trap:61] [36mPage Fault Happening, vaddr:0x50000008a000, casue:INSTRUCTION, map_flags:MappingFlags(READ | WRITE | EXECUTE | USER)[m
[m[37m[1733835000.655012 0:5 ruxos_posix_api::imp::mmap::trap:90] [36mmapping_flags: MappingFlags(READ | WRITE | EXECUTE | USER)[m
[m[37m[1733835000.655342 0:5 ruxhal::arch::aarch64::trap:102] [36missue=0xf, vaddr=0x50000008aeb8, cause=INSTRUCTION[m
[m[37m[1733835000.655624 0:5 ruxos_posix_api::imp::mmap::trap:61] [36mPage Fault Happening, vaddr:0x50000008a000, casue:INSTRUCTION, map_flags:MappingFlags(READ | WRITE | EXECUTE | USER)[m
[m[37m[1733835000.656041 0:5 ruxos_posix_api::imp::mmap::trap:90] [36mmapping_flags: MappingFlags(READ | WRITE | EXECUTE | USER)[m
[m[37m[1733835000.656342 0:5 ruxhal::arch::aarch64::trap:102] [36missue=0xf, vaddr=0x50000008aeb8, cause=INSTRUCTION[m
[m[37m[1733835000.656610 0:5 ruxos_posix_api::imp::mmap::trap:61] [36mPage Fault Happening, vaddr:0x50000008a000, casue:INSTRUCTION, map_flags:MappingFlags(READ | WRITE | EXECUTE | USER)[m
[m[37m[1733835000.657025 0:5 ruxos_posix_api::imp::mmap::trap:90] [36mmapping_flags: MappingFlags(READ | WRITE | EXECUTE | USER)[m
[m[37m[1733835000.657318 0:5 ruxhal::arch::aarch64::trap:102] [36missue=0xf, vaddr=0x50000008aeb8, cause=INSTRUCTION[m
[m[37m[1733835000.657585 0:5 ruxos_posix_api::imp::mmap::trap:61] [36mPage Fault Happening, vaddr:0x50000008a000, casue:INSTRUCTION, map_flags:MappingFlags(READ | WRITE | EXECUTE | USER)[m
[m[37m[1733835000.657999 0:5 ruxos_posix_api::imp::mmap::trap:90] [36mmapping_flags: MappingFlags(READ | WRITE | EXECUTE | USER)[m
[m[37m[1733835000.658293 0:5 ruxhal::arch::aarch64::trap:102] [36missue=0xf, vaddr=0x50000008aeb8, cause=INSTRUCTION[m
[m[37m[1733835000.658561 0:5 ruxos_posix_api::imp::mmap::trap:61] [36mPage Fault Happening, vaddr:0x50000008a000, casue:INSTRUCTION, map_flags:MappingFlags(READ | WRITE | EXECUTE | USER)[m
[m[37m[1733835000.658980 0:5 ruxos_posix_api::imp::mmap::trap:90] [36mmapping_flags: MappingFlags(READ | WRITE | EXECUTE | USER)[m
[m[37m[1733835000.659274 0:5 ruxhal::arch::aarch64::trap:102] [36missue=0xf, vaddr=0x50000008aeb8, cause=INSTRUCTION[m
[m[37m[1733835000.659542 0:5 ruxos_posix_api::imp::mmap::trap:61] [36mPage Fault Happening, vaddr:0x50000008a000, casue:INSTRUCTION, map_flags:MappingFlags(READ | WRITE | EXECUTE | USER)[m
[m[37m[1733835000.659959 0:5 ruxos_posix_api::imp::mmap::trap:90] [36mmapping_flags: MappingFlags(READ | WRITE | EXECUTE | USER)[m
[m[37m[1733835000.660252 0:5 ruxhal::arch::aarch64::trap:102] [36missue=0xf, vaddr=0x50000008aeb8, cause=INSTRUCTION[m
[m[37m[1733835000.660519 0:5 ruxos_posix_api::imp::mmap::trap:61] [36mPage Fault Happening, vaddr:0x50000008a000, casue:INSTRUCTION, map_flags:MappingFlags(READ | WRITE | EXECUTE | USER)[m
[m[37m[1733835000.660935 0:5 ruxos_posix_api::imp::mmap::trap:90] [36mmapping_flags: MappingFlags(READ | WRITE | EXECUTE | USER)[m
[m[37m[1733835000.661228 0:5 ruxhal::arch::aarch64::trap:102] [36missue=0xf, vaddr=0x50000008aeb8, cause=INSTRUCTION[m
[m[37m[1733835000.661495 0:5 ruxos_posix_api::imp::mmap::trap:61] [36mPage Fault Happening, vaddr:0x50000008a000, casue:INSTRUCTION, map_flags:MappingFlags(READ | WRITE | EXECUTE | USER)[m
[m[37m[1733835000.661911 0:5 ruxos_posix_api::imp::mmap::trap:90] [36mmapping_flags: MappingFlags(READ | WRITE | EXECUTE | USER)[m
[m[37m[1733835000.662207 0:5 ruxhal::arch::aarch64::trap:102] [36missue=0xf, vaddr=0x50000008aeb8, cause=INSTRUCTION[m
[m[37m[1733835000.662476 0:5 ruxos_posix_api::imp::mmap::trap:61] [36mPage Fault Happening, vaddr:0x50000008a000, casue:INSTRUCTION, map_flags:MappingFlags(READ | WRITE | EXECUTE | USER)[m
[m[37m[1733835000.662893 0:5 ruxos_posix_api::imp::mmap::trap:90] [36mmapping_flags: MappingFlags(READ | WRITE | EXECUTE | USER)[m
[m[37m[1733835000.663189 0:5 ruxhal::arch::aarch64::trap:102] [36missue=0xf, vaddr=0x50000008aeb8, cause=INSTRUCTION[m
[m[37m[1733835000.663457 0:5 ruxos_posix_api::imp::mmap::trap:61] [36mPage Fault Happening, vaddr:0x50000008a000, casue:INSTRUCTION, map_flags:MappingFlags(READ | WRITE | EXECUTE | USER)[m
[m[37m[1733835000.663874 0:5 ruxos_posix_api::imp::mmap::trap:90] [36mmapping_flags: MappingFlags(READ | WRITE | EXECUTE | USER)[m
[m[37m[1733835000.664169 0:5 ruxhal::arch::aarch64::trap:102] [36missue=0xf, vaddr=0x50000008aeb8, cause=INSTRUCTION[m
[m[37m[1733835000.664437 0:5 ruxos_posix_api::imp::mmap::trap:61] [36mPage Fault Happening, vaddr:0x50000008a000, casue:INSTRUCTION, map_flags:MappingFlags(READ | WRITE | EXECUTE | USER)[m
[m[37m[1733835000.664900 0:5 ruxos_posix_api::imp::mmap::trap:90] [36mmapping_flags: MappingFlags(READ | WRITE | EXECUTE | USER)[m
[m[37m[1733835000.665234 0:5 ruxhal::arch::aarch64::trap:102] [36missue=0xf, vaddr=0x50000008aeb8, cause=INSTRUCTION[m
[m[37m[1733835000.665548 0:5 ruxos_posix_api::imp::mmap::trap:61] [36mPage Fault Happening, vaddr:0x50000008a000, casue:INSTRUCTION, map_flags:MappingFlags(READ | WRITE | EXECUTE | USER)[m
[m[37m[1733835000.665965 0:5 ruxos_posix_api::imp::mmap::trap:90] [36mmapping_flags: MappingFlags(READ | WRITE | EXECUTE | USER)[m
[m[37m[1733835000.666259 0:5 ruxhal::arch::aarch64::trap:102] [36missue=0xf, vaddr=0x50000008aeb8, cause=INSTRUCTION[m
[m[37m[1733835000.666526 0:5 ruxos_posix_api::imp::mmap::trap:61] [36mPage Fault Happening, vaddr:0x50000008a000, casue:INSTRUCTION, map_flags:MappingFlags(READ | WRITE | EXECUTE | USER)[m
[m[37m[1733835000.666945 0:5 ruxos_posix_api::imp::mmap::trap:90] [36mmapping_flags: MappingFlags(READ | WRITE | EXECUTE | USER)[m
[m[37m[1733835000.667239 0:5 ruxhal::arch::aarch64::trap:102] [36missue=0xf, vaddr=0x50000008aeb8, cause=INSTRUCTION[m
[m[37m[1733835000.667508 0:5 ruxos_posix_api::imp::mmap::trap:61] [36mPage Fault Happening, vaddr:0x50000008a000, casue:INSTRUCTION, map_flags:MappingFlags(READ | WRITE | EXECUTE | USER)[m
[m[37m[1733835000.667924 0:5 ruxos_posix_api::imp::mmap::trap:90] [36mmapping_flags: MappingFlags(READ | WRITE | EXECUTE | USER)[m
[m[37m[1733835000.668218 0:5 ruxhal::arch::aarch64::trap:102] [36missue=0xf, vaddr=0x50000008aeb8, cause=INSTRUCTION[m
[m[37m[1733835000.668485 0:5 ruxos_posix_api::imp::mmap::trap:61] [36mPage Fault Happening, vaddr:0x50000008a000, casue:INSTRUCTION, map_flags:MappingFlags(READ | WRITE | EXECUTE | USER)[m
[m[37m[1733835000.668904 0:5 ruxos_posix_api::imp::mmap::trap:90] [36mmapping_flags: MappingFlags(READ | WRITE | EXECUTE | USER)[m
[m[37m[1733835000.669198 0:5 ruxhal::arch::aarch64::trap:102] [36missue=0xf, vaddr=0x50000008aeb8, cause=INSTRUCTION[m
[m[37m[1733835000.669465 0:5 ruxos_posix_api::imp::mmap::trap:61] [36mPage Fault Happening, vaddr:0x50000008a000, casue:INSTRUCTION, map_flags:MappingFlags(READ | WRITE | EXECUTE | USER)[m
[m[37m[1733835000.669880 0:5 ruxos_posix_api::imp::mmap::trap:90] [36mmapping_flags: MappingFlags(READ | WRITE | EXECUTE | USER)[m
[m[37m[1733835000.670174 0:5 ruxhal::arch::aarch64::trap:102] [36missue=0xf, vaddr=0x50000008aeb8, cause=INSTRUCTION[m
[m[37m[1733835000.670442 0:5 ruxos_posix_api::imp::mmap::trap:61] [36mPage Fault Happening, vaddr:0x50000008a000, casue:INSTRUCTION, map_flags:MappingFlags(READ | WRITE | EXECUTE | USER)[m
[m[37m[1733835000.670859 0:5 ruxos_posix_api::imp::mmap::trap:90] [36mmapping_flags: MappingFlags(READ | WRITE | EXECUTE | USER)[m
[m[37m[1733835000.671153 0:5 ruxhal::arch::aarch64::trap:102] [36missue=0xf, vaddr=0x50000008aeb8, cause=INSTRUCTION[m
[m[37m[1733835000.671419 0:5 ruxos_posix_api::imp::mmap::trap:61] [36mPage Fault Happening, vaddr:0x50000008a000, casue:INSTRUCTION, map_flags:MappingFlags(READ | WRITE | EXECUTE | USER)[m
[m[37m[1733835000.671836 0:5 ruxos_posix_api::imp::mmap::trap:90] [36mmapping_flags: MappingFlags(READ | WRITE | EXECUTE | USER)[m
[m[37m[1733835000.672133 0:5 ruxhal::arch::aarch64::trap:102] [36missue=0xf, vaddr=0x50000008aeb8, cause=INSTRUCTION[m
[m[37m[1733835000.672401 0:5 ruxos_posix_api::imp::mmap::trap:61] [36mPage Fault Happening, vaddr:0x50000008a000, casue:INSTRUCTION, map_flags:MappingFlags(READ | WRITE | EXECUTE | USER)[m
[m[37m[1733835000.672816 0:5 ruxos_posix_api::imp::mmap::trap:90] [36mmapping_flags: MappingFlags(READ | WRITE | EXECUTE | USER)[m
[m[37m[1733835000.673110 0:5 ruxhal::arch::aarch64::trap:102] [36missue=0xf, vaddr=0x50000008aeb8, cause=INSTRUCTION[m
[m[37m[1733835000.673379 0:5 ruxos_posix_api::imp::mmap::trap:61] [36mPage Fault Happening, vaddr:0x50000008a000, casue:INSTRUCTION, map_flags:MappingFlags(READ | WRITE | EXECUTE | USER)[m
[m[37m[1733835000.673795 0:5 ruxos_posix_api::imp::mmap::trap:90] [36mmapping_flags: MappingFlags(READ | WRITE | EXECUTE | USER)[m
[m[37m[1733835000.674092 0:5 ruxhal::arch::aarch64::trap:102] [36missue=0xf, vaddr=0x50000008aeb8, cause=INSTRUCTION[m
[m[37m[1733835000.674360 0:5 ruxos_posix_api::imp::mmap::trap:61] [36mPage Fault Happening, vaddr:0x50000008a000, casue:INSTRUCTION, map_flags:MappingFlags(READ | WRITE | EXECUTE | USER)[m
[m[37m[1733835000.674829 0:5 ruxos_posix_api::imp::mmap::trap:90] [36mmapping_flags: MappingFlags(READ | WRITE | EXECUTE | USER)[m
[m[37m[1733835000.675160 0:5 ruxhal::arch::aarch64::trap:102] [36missue=0xf, vaddr=0x50000008aeb8, cause=INSTRUCTION[m
[m[37m[1733835000.675445 0:5 ruxos_posix_api::imp::mmap::trap:61] [36mPage Fault Happening, vaddr:0x50000008a000, casue:INSTRUCTION, map_flags:MappingFlags(READ | WRITE | EXECUTE | USER)[m
[m[37m[1733835000.675863 0:5 ruxos_posix_api::imp::mmap::trap:90] [36mmapping_flags: MappingFlags(READ | WRITE | EXECUTE | USER)[m
[m[37m[1733835000.676157 0:5 ruxhal::arch::aarch64::trap:102] [36missue=0xf, vaddr=0x50000008aeb8, cause=INSTRUCTION[m
[m[37m[1733835000.676426 0:5 ruxos_posix_api::imp::mmap::trap:61] [36mPage Fault Happening, vaddr:0x50000008a000, casue:INSTRUCTION, map_flags:MappingFlags(READ | WRITE | EXECUTE | USER)[m
[m[37m[1733835000.676843 0:5 ruxos_posix_api::imp::mmap::trap:90] [36mmapping_flags: MappingFlags(READ | WRITE | EXECUTE | USER)[m
[m[37m[1733835000.677138 0:5 ruxhal::arch::aarch64::trap:102] [36missue=0xf, vaddr=0x50000008aeb8, cause=INSTRUCTION[m
[m[37m[1733835000.677406 0:5 ruxos_posix_api::imp::mmap::trap:61] [36mPage Fault Happening, vaddr:0x50000008a000, casue:INSTRUCTION, map_flags:MappingFlags(READ | WRITE | EXECUTE | USER)[m
[m[37m[1733835000.677824 0:5 ruxos_posix_api::imp::mmap::trap:90] [36mmapping_flags: MappingFlags(READ | WRITE | EXECUTE | USER)[m
[m[37m[1733835000.678118 0:5 ruxhal::arch::aarch64::trap:102] [36missue=0xf, vaddr=0x50000008aeb8, cause=INSTRUCTION[m
[m[37m[1733835000.678386 0:5 ruxos_posix_api::imp::mmap::trap:61] [36mPage Fault Happening, vaddr:0x50000008a000, casue:INSTRUCTION, map_flags:MappingFlags(READ | WRITE | EXECUTE | USER)[m
[m[37m[1733835000.678805 0:5 ruxos_posix_api::imp::mmap::trap:90] [36mmapping_flags: MappingFlags(READ | WRITE | EXECUTE | USER)[m
[m[37m[1733835000.679100 0:5 ruxhal::arch::aarch64::trap:102] [36missue=0xf, vaddr=0x50000008aeb8, cause=INSTRUCTION[m
[m[37m[1733835000.679368 0:5 ruxos_posix_api::imp::mmap::trap:61] [36mPage Fault Happening, vaddr:0x50000008a000, casue:INSTRUCTION, map_flags:MappingFlags(READ | WRITE | EXECUTE | USER)[m
[m[37m[1733835000.679785 0:5 ruxos_posix_api::imp::mmap::trap:90] [36mmapping_flags: MappingFlags(READ | WRITE | EXECUTE | USER)[m
[m[37m[1733835000.680078 0:5 ruxhal::arch::aarch64::trap:102] [36missue=0xf, vaddr=0x50000008aeb8, cause=INSTRUCTION[m
[m[37m[1733835000.680349 0:5 ruxos_posix_api::imp::mmap::trap:61] [36mPage Fault Happening, vaddr:0x50000008a000, casue:INSTRUCTION, map_flags:MappingFlags(READ | WRITE | EXECUTE | USER)[m
[m[37m[1733835000.680765 0:5 ruxos_posix_api::imp::mmap::trap:90] [36mmapping_flags: MappingFlags(READ | WRITE | EXECUTE | USER)[m
[m[37m[1733835000.681059 0:5 ruxhal::arch::aarch64::trap:102] [36missue=0xf, vaddr=0x50000008aeb8, cause=INSTRUCTION[m
[m[37m[1733835000.681328 0:5 ruxos_posix_api::imp::mmap::trap:61] [36mPage Fault Happening, vaddr:0x50000008a000, casue:INSTRUCTION, map_flags:MappingFlags(READ | WRITE | EXECUTE | USER)[m
[m[37m[1733835000.681746 0:5 ruxos_posix_api::imp::mmap::trap:90] [36mmapping_flags: MappingFlags(READ | WRITE | EXECUTE | USER)[m
[m[37m[1733835000.682041 0:5 ruxhal::arch::aarch64::trap:102] [36missue=0xf, vaddr=0x50000008aeb8, cause=INSTRUCTION[m
[m[37m[1733835000.682312 0:5 ruxos_posix_api::imp::mmap::trap:61] [36mPage Fault Happening, vaddr:0x50000008a000, casue:INSTRUCTION, map_flags:MappingFlags(READ | WRITE | EXECUTE | USER)[m
[m[37m[1733835000.682729 0:5 ruxos_posix_api::imp::mmap::trap:90] [36mmapping_flags: MappingFlags(READ | WRITE | EXECUTE | USER)[m
[m[37m[1733835000.683022 0:5 ruxhal::arch::aarch64::trap:102] [36missue=0xf, vaddr=0x50000008aeb8, cause=INSTRUCTION[m
[m[37m[1733835000.683295 0:5 ruxos_posix_api::imp::mmap::trap:61] [36mPage Fault Happening, vaddr:0x50000008a000, casue:INSTRUCTION, map_flags:MappingFlags(READ | WRITE | EXECUTE | USER)[m
[m[37m[1733835000.683715 0:5 ruxos_posix_api::imp::mmap::trap:90] [36mmapping_flags: MappingFlags(READ | WRITE | EXECUTE | USER)[m
[m[37m[1733835000.684010 0:5 ruxhal::arch::aarch64::trap:102] [36missue=0xf, vaddr=0x50000008aeb8, cause=INSTRUCTION[m
[m[37m[1733835000.684278 0:5 ruxos_posix_api::imp::mmap::trap:61] [36mPage Fault Happening, vaddr:0x50000008a000, casue:INSTRUCTION, map_flags:MappingFlags(READ | WRITE | EXECUTE | USER)[m
[m[37m[1733835000.684738 0:5 ruxos_posix_api::imp::mmap::trap:90] [36mmapping_flags: MappingFlags(READ | WRITE | EXECUTE | USER)[m
[m[37m[1733835000.685071 0:5 ruxhal::arch::aarch64::trap:102] [36missue=0xf, vaddr=0x50000008aeb8, cause=INSTRUCTION[m
[m[37m[1733835000.685355 0:5 ruxos_posix_api::imp::mmap::trap:61] [36mPage Fault Happening, vaddr:0x50000008a000, casue:INSTRUCTION, map_flags:MappingFlags(READ | WRITE | EXECUTE | USER)[m
[m[37m[1733835000.685773 0:5 ruxos_posix_api::imp::mmap::trap:90] [36mmapping_flags: MappingFlags(READ | WRITE | EXECUTE | USER)[m
[m[37m[1733835000.686068 0:5 ruxhal::arch::aarch64::trap:102] [36missue=0xf, vaddr=0x50000008aeb8, cause=INSTRUCTION[m
[m[37m[1733835000.686335 0:5 ruxos_posix_api::imp::mmap::trap:61] [36mPage Fault Happening, vaddr:0x50000008a000, casue:INSTRUCTION, map_flags:MappingFlags(READ | WRITE | EXECUTE | USER)[m
[m[37m[1733835000.686751 0:5 ruxos_posix_api::imp::mmap::trap:90] [36mmapping_flags: MappingFlags(READ | WRITE | EXECUTE | USER)[m
[m[37m[1733835000.687046 0:5 ruxhal::arch::aarch64::trap:102] [36missue=0xf, vaddr=0x50000008aeb8, cause=INSTRUCTION[m
[m[37m[1733835000.687314 0:5 ruxos_posix_api::imp::mmap::trap:61] [36mPage Fault Happening, vaddr:0x50000008a000, casue:INSTRUCTION, map_flags:MappingFlags(READ | WRITE | EXECUTE | USER)[m
[m[37m[1733835000.687731 0:5 ruxos_posix_api::imp::mmap::trap:90] [36mmapping_flags: MappingFlags(READ | WRITE | EXECUTE | USER)[m
[m[37m[1733835000.688025 0:5 ruxhal::arch::aarch64::trap:102] [36missue=0xf, vaddr=0x50000008aeb8, cause=INSTRUCTION[m
[m[37m[1733835000.688292 0:5 ruxos_posix_api::imp::mmap::trap:61] [36mPage Fault Happening, vaddr:0x50000008a000, casue:INSTRUCTION, map_flags:MappingFlags(READ | WRITE | EXECUTE | USER)[m
[m[37m[1733835000.688708 0:5 ruxos_posix_api::imp::mmap::trap:90] [36mmapping_flags: MappingFlags(READ | WRITE | EXECUTE | USER)[m
[m[37m[1733835000.689005 0:5 ruxhal::arch::aarch64::trap:102] [36missue=0xf, vaddr=0x50000008aeb8, cause=INSTRUCTION[m
[m[37m[1733835000.689272 0:5 ruxos_posix_api::imp::mmap::trap:61] [36mPage Fault Happening, vaddr:0x50000008a000, casue:INSTRUCTION, map_flags:MappingFlags(READ | WRITE | EXECUTE | USER)[m
[m[37m[1733835000.689687 0:5 ruxos_posix_api::imp::mmap::trap:90] [36mmapping_flags: MappingFlags(READ | WRITE | EXECUTE | USER)[m
[m[37m[1733835000.689981 0:5 ruxhal::arch::aarch64::trap:102] [36missue=0xf, vaddr=0x50000008aeb8, cause=INSTRUCTION[m
[m[37m[1733835000.690249 0:5 ruxos_posix_api::imp::mmap::trap:61] [36mPage Fault Happening, vaddr:0x50000008a000, casue:INSTRUCTION, map_flags:MappingFlags(READ | WRITE | EXECUTE | USER)[m
[m[37m[1733835000.690667 0:5 ruxos_posix_api::imp::mmap::trap:90] [36mmapping_flags: MappingFlags(READ | WRITE | EXECUTE | USER)[m
[m[37m[1733835000.690961 0:5 ruxhal::arch::aarch64::trap:102] [36missue=0xf, vaddr=0x50000008aeb8, cause=INSTRUCTION[m
[m[37m[1733835000.691229 0:5 ruxos_posix_api::imp::mmap::trap:61] [36mPage Fault Happening, vaddr:0x50000008a000, casue:INSTRUCTION, map_flags:MappingFlags(READ | WRITE | EXECUTE | USER)[m
[m[37m[1733835000.691644 0:5 ruxos_posix_api::imp::mmap::trap:90] [36mmapping_flags: MappingFlags(READ | WRITE | EXECUTE | USER)[m
[m[37m[1733835000.691939 0:5 ruxhal::arch::aarch64::trap:102] [36missue=0xf, vaddr=0x50000008aeb8, cause=INSTRUCTION[m
[m[37m[1733835000.692213 0:5 ruxos_posix_api::imp::mmap::trap:61] [36mPage Fault Happening, vaddr:0x50000008a000, casue:INSTRUCTION, map_flags:MappingFlags(READ | WRITE | EXECUTE | USER)[m
[m[37m[1733835000.692629 0:5 ruxos_posix_api::imp::mmap::trap:90] [36mmapping_flags: MappingFlags(READ | WRITE | EXECUTE | USER)[m
[m[37m[1733835000.692924 0:5 ruxhal::arch::aarch64::trap:102] [36missue=0xf, vaddr=0x50000008aeb8, cause=INSTRUCTION[m
[m[37m[1733835000.693191 0:5 ruxos_posix_api::imp::mmap::trap:61] [36mPage Fault Happening, vaddr:0x50000008a000, casue:INSTRUCTION, map_flags:MappingFlags(READ | WRITE | EXECUTE | USER)[m
[m[37m[1733835000.693608 0:5 ruxos_posix_api::imp::mmap::trap:90] [36mmapping_flags: MappingFlags(READ | WRITE | EXECUTE | USER)[m
[m[37m[1733835000.693902 0:5 ruxhal::arch::aarch64::trap:102] [36missue=0xf, vaddr=0x50000008aeb8, cause=INSTRUCTION[m
[m[37m[1733835000.694171 0:5 ruxos_posix_api::imp::mmap::trap:61] [36mPage Fault Happening, vaddr:0x50000008a000, casue:INSTRUCTION, map_flags:MappingFlags(READ | WRITE | EXECUTE | USER)[m
[m[37m[1733835000.694616 0:5 ruxos_posix_api::imp::mmap::trap:90] [36mmapping_flags: MappingFlags(READ | WRITE | EXECUTE | USER)[m
[m[37m[1733835000.694948 0:5 ruxhal::arch::aarch64::trap:102] [36missue=0xf, vaddr=0x50000008aeb8, cause=INSTRUCTION[m
[m[37m[1733835000.695230 0:5 ruxos_posix_api::imp::mmap::trap:61] [36mPage Fault Happening, vaddr:0x50000008a000, casue:INSTRUCTION, map_flags:MappingFlags(READ | WRITE | EXECUTE | USER)[m
[m[37m[1733835000.695648 0:5 ruxos_posix_api::imp::mmap::trap:90] [36mmapping_flags: MappingFlags(READ | WRITE | EXECUTE | USER)[m
[m[37m[1733835000.695943 0:5 ruxhal::arch::aarch64::trap:102] [36missue=0xf, vaddr=0x50000008aeb8, cause=INSTRUCTION[m
[m[37m[1733835000.696212 0:5 ruxos_posix_api::imp::mmap::trap:61] [36mPage Fault Happening, vaddr:0x50000008a000, casue:INSTRUCTION, map_flags:MappingFlags(READ | WRITE | EXECUTE | USER)[m
[m[37m[1733835000.696628 0:5 ruxos_posix_api::imp::mmap::trap:90] [36mmapping_flags: MappingFlags(READ | WRITE | EXECUTE | USER)[m
[m[37m[1733835000.696922 0:5 ruxhal::arch::aarch64::trap:102] [36missue=0xf, vaddr=0x50000008aeb8, cause=INSTRUCTION[m
[m[37m[1733835000.697189 0:5 ruxos_posix_api::imp::mmap::trap:61] [36mPage Fault Happening, vaddr:0x50000008a000, casue:INSTRUCTION, map_flags:MappingFlags(READ | WRITE | EXECUTE | USER)[m
[m[37m[1733835000.697604 0:5 ruxos_posix_api::imp::mmap::trap:90] [36mmapping_flags: MappingFlags(READ | WRITE | EXECUTE | USER)[m
[m[37m[1733835000.697898 0:5 ruxhal::arch::aarch64::trap:102] [36missue=0xf, vaddr=0x50000008aeb8, cause=INSTRUCTION[m
[m[37m[1733835000.698165 0:5 ruxos_posix_api::imp::mmap::trap:61] [36mPage Fault Happening, vaddr:0x50000008a000, casue:INSTRUCTION, map_flags:MappingFlags(READ | WRITE | EXECUTE | USER)[m
[m[37m[1733835000.698581 0:5 ruxos_posix_api::imp::mmap::trap:90] [36mmapping_flags: MappingFlags(READ | WRITE | EXECUTE | USER)[m
[m[37m[1733835000.698878 0:5 ruxhal::arch::aarch64::trap:102] [36missue=0xf, vaddr=0x50000008aeb8, cause=INSTRUCTION[m
[m[37m[1733835000.699146 0:5 ruxos_posix_api::imp::mmap::trap:61] [36mPage Fault Happening, vaddr:0x50000008a000, casue:INSTRUCTION, map_flags:MappingFlags(READ | WRITE | EXECUTE | USER)[m
[m[37m[1733835000.699563 0:5 ruxos_posix_api::imp::mmap::trap:90] [36mmapping_flags: MappingFlags(READ | WRITE | EXECUTE | USER)[m
[m[37m[1733835000.699857 0:5 ruxhal::arch::aarch64::trap:102] [36missue=0xf, vaddr=0x50000008aeb8, cause=INSTRUCTION[m
[m[37m[1733835000.700126 0:5 ruxos_posix_api::imp::mmap::trap:61] [36mPage Fault Happening, vaddr:0x50000008a000, casue:INSTRUCTION, map_flags:MappingFlags(READ | WRITE | EXECUTE | USER)[m
[m[37m[1733835000.700543 0:5 ruxos_posix_api::imp::mmap::trap:90] [36mmapping_flags: MappingFlags(READ | WRITE | EXECUTE | USER)[m
[m[37m[1733835000.700837 0:5 ruxhal::arch::aarch64::trap:102] [36missue=0xf, vaddr=0x50000008aeb8, cause=INSTRUCTION[m
[m[37m[1733835000.701107 0:5 ruxos_posix_api::imp::mmap::trap:61] [36mPage Fault Happening, vaddr:0x50000008a000, casue:INSTRUCTION, map_flags:MappingFlags(READ | WRITE | EXECUTE | USER)[m
[m[37m[1733835000.701525 0:5 ruxos_posix_api::imp::mmap::trap:90] [36mmapping_flags: MappingFlags(READ | WRITE | EXECUTE | USER)[m
[m[37m[1733835000.701819 0:5 ruxhal::arch::aarch64::trap:102] [36missue=0xf, vaddr=0x50000008aeb8, cause=INSTRUCTION[m
[m[37m[1733835000.702089 0:5 ruxos_posix_api::imp::mmap::trap:61] [36mPage Fault Happening, vaddr:0x50000008a000, casue:INSTRUCTION, map_flags:MappingFlags(READ | WRITE | EXECUTE | USER)[m
[m[37m[1733835000.702516 0:5 ruxos_posix_api::imp::mmap::trap:90] [36mmapping_flags: MappingFlags(READ | WRITE | EXECUTE | USER)[m
[m[37m[1733835000.702810 0:5 ruxhal::arch::aarch64::trap:102] [36missue=0xf, vaddr=0x50000008aeb8, cause=INSTRUCTION[m
[m[37m[1733835000.703079 0:5 ruxos_posix_api::imp::mmap::trap:61] [36mPage Fault Happening, vaddr:0x50000008a000, casue:INSTRUCTION, map_flags:MappingFlags(READ | WRITE | EXECUTE | USER)[m
[m[37m[1733835000.703494 0:5 ruxos_posix_api::imp::mmap::trap:90] [36mmapping_flags: MappingFlags(READ | WRITE | EXECUTE | USER)[m
[m[37m[1733835000.703788 0:5 ruxhal::arch::aarch64::trap:102] [36missue=0xf, vaddr=0x50000008aeb8, cause=INSTRUCTION[m
[m[37m[1733835000.704057 0:5 ruxos_posix_api::imp::mmap::trap:61] [36mPage Fault Happening, vaddr:0x50000008a000, casue:INSTRUCTION, map_flags:MappingFlags(READ | WRITE | EXECUTE | USER)[m
[m[37m[1733835000.704488 0:5 ruxos_posix_api::imp::mmap::trap:90] [36mmapping_flags: MappingFlags(READ | WRITE | EXECUTE | USER)[m
[m[37m[1733835000.704820 0:5 ruxhal::arch::aarch64::trap:102] [36missue=0xf, vaddr=0x50000008aeb8, cause=INSTRUCTION[m
[m[37m[1733835000.705101 0:5 ruxos_posix_api::imp::mmap::trap:61] [36mPage Fault Happening, vaddr:0x50000008a000, casue:INSTRUCTION, map_flags:MappingFlags(READ | WRITE | EXECUTE | USER)[m
[m[37m[1733835000.705519 0:5 ruxos_posix_api::imp::mmap::trap:90] [36mmapping_flags: MappingFlags(READ | WRITE | EXECUTE | USER)[m
[m[37m[1733835000.705812 0:5 ruxhal::arch::aarch64::trap:102] [36missue=0xf, vaddr=0x50000008aeb8, cause=INSTRUCTION[m
[m[37m[1733835000.706081 0:5 ruxos_posix_api::imp::mmap::trap:61] [36mPage Fault Happening, vaddr:0x50000008a000, casue:INSTRUCTION, map_flags:MappingFlags(READ | WRITE | EXECUTE | USER)[m
[m[37m[1733835000.706497 0:5 ruxos_posix_api::imp::mmap::trap:90] [36mmapping_flags: MappingFlags(READ | WRITE | EXECUTE | USER)[m
[m[37m[1733835000.706793 0:5 ruxhal::arch::aarch64::trap:102] [36missue=0xf, vaddr=0x50000008aeb8, cause=INSTRUCTION[m
[m[37m[1733835000.707061 0:5 ruxos_posix_api::imp::mmap::trap:61] [36mPage Fault Happening, vaddr:0x50000008a000, casue:INSTRUCTION, map_flags:MappingFlags(READ | WRITE | EXECUTE | USER)[m
[m[37m[1733835000.707477 0:5 ruxos_posix_api::imp::mmap::trap:90] [36mmapping_flags: MappingFlags(READ | WRITE | EXECUTE | USER)[m
[m[37m[1733835000.707772 0:5 ruxhal::arch::aarch64::trap:102] [36missue=0xf, vaddr=0x50000008aeb8, cause=INSTRUCTION[m
[m[37m[1733835000.708040 0:5 ruxos_posix_api::imp::mmap::trap:61] [36mPage Fault Happening, vaddr:0x50000008a000, casue:INSTRUCTION, map_flags:MappingFlags(READ | WRITE | EXECUTE | USER)[m
[m[37m[1733835000.708456 0:5 ruxos_posix_api::imp::mmap::trap:90] [36mmapping_flags: MappingFlags(READ | WRITE | EXECUTE | USER)[m
[m[37m[1733835000.708752 0:5 ruxhal::arch::aarch64::trap:102] [36missue=0xf, vaddr=0x50000008aeb8, cause=INSTRUCTION[m
[m[37m[1733835000.709022 0:5 ruxos_posix_api::imp::mmap::trap:61] [36mPage Fault Happening, vaddr:0x50000008a000, casue:INSTRUCTION, map_flags:MappingFlags(READ | WRITE | EXECUTE | USER)[m
[m[37m[1733835000.709440 0:5 ruxos_posix_api::imp::mmap::trap:90] [36mmapping_flags: MappingFlags(READ | WRITE | EXECUTE | USER)[m
[m[37m[1733835000.709735 0:5 ruxhal::arch::aarch64::trap:102] [36missue=0xf, vaddr=0x50000008aeb8, cause=INSTRUCTION[m
[m[37m[1733835000.710005 0:5 ruxos_posix_api::imp::mmap::trap:61] [36mPage Fault Happening, vaddr:0x50000008a000, casue:INSTRUCTION, map_flags:MappingFlags(READ | WRITE | EXECUTE | USER)[m
[m[37m[1733835000.710421 0:5 ruxos_posix_api::imp::mmap::trap:90] [36mmapping_flags: MappingFlags(READ | WRITE | EXECUTE | USER)[m
[m[37m[1733835000.710714 0:5 ruxhal::arch::aarch64::trap:102] [36missue=0xf, vaddr=0x50000008aeb8, cause=INSTRUCTION[m
[m[37m[1733835000.710983 0:5 ruxos_posix_api::imp::mmap::trap:61] [36mPage Fault Happening, vaddr:0x50000008a000, casue:INSTRUCTION, map_flags:MappingFlags(READ | WRITE | EXECUTE | USER)[m
[m[37m[1733835000.711401 0:5 ruxos_posix_api::imp::mmap::trap:90] [36mmapping_flags: MappingFlags(READ | WRITE | EXECUTE | USER)[m
[m[37m[1733835000.711694 0:5 ruxhal::arch::aarch64::trap:102] [36missue=0xf, vaddr=0x50000008aeb8, cause=INSTRUCTION[m
[m[37m[1733835000.711963 0:5 ruxos_posix_api::imp::mmap::trap:61] [36mPage Fault Happening, vaddr:0x50000008a000, casue:INSTRUCTION, map_flags:MappingFlags(READ | WRITE | EXECUTE | USER)[m
[m[37m[1733835000.712381 0:5 ruxos_posix_api::imp::mmap::trap:90] [36mmapping_flags: MappingFlags(READ | WRITE | EXECUTE | USER)[m
[m[37m[1733835000.712675 0:5 ruxhal::arch::aarch64::trap:102] [36missue=0xf, vaddr=0x50000008aeb8, cause=INSTRUCTION[m
[m[37m[1733835000.712943 0:5 ruxos_posix_api::imp::mmap::trap:61] [36mPage Fault Happening, vaddr:0x50000008a000, casue:INSTRUCTION, map_flags:MappingFlags(READ | WRITE | EXECUTE | USER)[m
[m[37m[1733835000.713359 0:5 ruxos_posix_api::imp::mmap::trap:90] [36mmapping_flags: MappingFlags(READ | WRITE | EXECUTE | USER)[m
[m[37m[1733835000.713652 0:5 ruxhal::arch::aarch64::trap:102] [36missue=0xf, vaddr=0x50000008aeb8, cause=INSTRUCTION[m
[m[37m[1733835000.713919 0:5 ruxos_posix_api::imp::mmap::trap:61] [36mPage Fault Happening, vaddr:0x50000008a000, casue:INSTRUCTION, map_flags:MappingFlags(READ | WRITE | EXECUTE | USER)[m
[m[37m[1733835000.714337 0:5 ruxos_posix_api::imp::mmap::trap:90] [36mmapping_flags: MappingFlags(READ | WRITE | EXECUTE | USER)[m
[m[37m[1733835000.714671 0:5 ruxhal::arch::aarch64::trap:102] [36missue=0xf, vaddr=0x50000008aeb8, cause=INSTRUCTION[m
[m[37m[1733835000.714940 0:5 ruxos_posix_api::imp::mmap::trap:61] [36mPage Fault Happening, vaddr:0x50000008a000, casue:INSTRUCTION, map_flags:MappingFlags(READ | WRITE | EXECUTE | USER)[m
[m[37m[1733835000.715357 0:5 ruxos_posix_api::imp::mmap::trap:90] [36mmapping_flags: MappingFlags(READ | WRITE | EXECUTE | USER)[m
[m[37m[1733835000.715655 0:5 ruxhal::arch::aarch64::trap:102] [36missue=0xf, vaddr=0x50000008aeb8, cause=INSTRUCTION[m
[m[37m[1733835000.715923 0:5 ruxos_posix_api::imp::mmap::trap:61] [36mPage Fault Happening, vaddr:0x50000008a000, casue:INSTRUCTION, map_flags:MappingFlags(READ | WRITE | EXECUTE | USER)[m
[m[37m[1733835000.716339 0:5 ruxos_posix_api::imp::mmap::trap:90] [36mmapping_flags: MappingFlags(READ | WRITE | EXECUTE | USER)[m
[m[37m[1733835000.716634 0:5 ruxhal::arch::aarch64::trap:102] [36missue=0xf, vaddr=0x50000008aeb8, cause=INSTRUCTION[m
[m[37m[1733835000.716902 0:5 ruxos_posix_api::imp::mmap::trap:61] [36mPage Fault Happening, vaddr:0x50000008a000, casue:INSTRUCTION, map_flags:MappingFlags(READ | WRITE | EXECUTE | USER)[m
[m[37m[1733835000.717319 0:5 ruxos_posix_api::imp::mmap::trap:90] [36mmapping_flags: MappingFlags(READ | WRITE | EXECUTE | USER)[m
[m[37m[1733835000.717614 0:5 ruxhal::arch::aarch64::trap:102] [36missue=0xf, vaddr=0x50000008aeb8, cause=INSTRUCTION[m
[m[37m[1733835000.717884 0:5 ruxos_posix_api::imp::mmap::trap:61] [36mPage Fault Happening, vaddr:0x50000008a000, casue:INSTRUCTION, map_flags:MappingFlags(READ | WRITE | EXECUTE | USER)[m
[m[37m[1733835000.718301 0:5 ruxos_posix_api::imp::mmap::trap:90] [36mmapping_flags: MappingFlags(READ | WRITE | EXECUTE | USER)[m
[m[37m[1733835000.718595 0:5 ruxhal::arch::aarch64::trap:102] [36missue=0xf, vaddr=0x50000008aeb8, cause=INSTRUCTION[m
[m[37m[1733835000.718866 0:5 ruxos_posix_api::imp::mmap::trap:61] [36mPage Fault Happening, vaddr:0x50000008a000, casue:INSTRUCTION, map_flags:MappingFlags(READ | WRITE | EXECUTE | USER)[m
[m[37m[1733835000.719282 0:5 ruxos_posix_api::imp::mmap::trap:90] [36mmapping_flags: MappingFlags(READ | WRITE | EXECUTE | USER)[m
[m[37m[1733835000.719576 0:5 ruxhal::arch::aarch64::trap:102] [36missue=0xf, vaddr=0x50000008aeb8, cause=INSTRUCTION[m
[m[37m[1733835000.719844 0:5 ruxos_posix_api::imp::mmap::trap:61] [36mPage Fault Happening, vaddr:0x50000008a000, casue:INSTRUCTION, map_flags:MappingFlags(READ | WRITE | EXECUTE | USER)[m
[m[37m[1733835000.720264 0:5 ruxos_posix_api::imp::mmap::trap:90] [36mmapping_flags: MappingFlags(READ | WRITE | EXECUTE | USER)[m
[m[37m[1733835000.720559 0:5 ruxhal::arch::aarch64::trap:102] [36missue=0xf, vaddr=0x50000008aeb8, cause=INSTRUCTION[m
[m[37m[1733835000.720827 0:5 ruxos_posix_api::imp::mmap::trap:61] [36mPage Fault Happening, vaddr:0x50000008a000, casue:INSTRUCTION, map_flags:MappingFlags(READ | WRITE | EXECUTE | USER)[m
[m[37m[1733835000.721259 0:5 ruxos_posix_api::imp::mmap::trap:90] [36mmapping_flags: MappingFlags(READ | WRITE | EXECUTE | USER)[m
[m[37m[1733835000.721555 0:5 ruxhal::arch::aarch64::trap:102] [36missue=0xf, vaddr=0x50000008aeb8, cause=INSTRUCTION[m
[m[37m[1733835000.721824 0:5 ruxos_posix_api::imp::mmap::trap:61] [36mPage Fault Happening, vaddr:0x50000008a000, casue:INSTRUCTION, map_flags:MappingFlags(READ | WRITE | EXECUTE | USER)[m
[m[37m[1733835000.722244 0:5 ruxos_posix_api::imp::mmap::trap:90] [36mmapping_flags: MappingFlags(READ | WRITE | EXECUTE | USER)[m
[m[37m[1733835000.722538 0:5 ruxhal::arch::aarch64::trap:102] [36missue=0xf, vaddr=0x50000008aeb8, cause=INSTRUCTION[m
[m[37m[1733835000.722806 0:5 ruxos_posix_api::imp::mmap::trap:61] [36mPage Fault Happening, vaddr:0x50000008a000, casue:INSTRUCTION, map_flags:MappingFlags(READ | WRITE | EXECUTE | USER)[m
[m[37m[1733835000.723221 0:5 ruxos_posix_api::imp::mmap::trap:90] [36mmapping_flags: MappingFlags(READ | WRITE | EXECUTE | USER)[m
[m[37m[1733835000.723515 0:5 ruxhal::arch::aarch64::trap:102] [36missue=0xf, vaddr=0x50000008aeb8, cause=INSTRUCTION[m
[m[37m[1733835000.723783 0:5 ruxos_posix_api::imp::mmap::trap:61] [36mPage Fault Happening, vaddr:0x50000008a000, casue:INSTRUCTION, map_flags:MappingFlags(READ | WRITE | EXECUTE | USER)[m
[m[37m[1733835000.724200 0:5 ruxos_posix_api::imp::mmap::trap:90] [36mmapping_flags: MappingFlags(READ | WRITE | EXECUTE | USER)[m
[m[37m[1733835000.724536 0:5 ruxhal::arch::aarch64::trap:102] [36missue=0xf, vaddr=0x50000008aeb8, cause=INSTRUCTION[m
[m[37m[1733835000.724806 0:5 ruxos_posix_api::imp::mmap::trap:61] [36mPage Fault Happening, vaddr:0x50000008a000, casue:INSTRUCTION, map_flags:MappingFlags(READ | WRITE | EXECUTE | USER)[m
[m[37m[1733835000.725224 0:5 ruxos_posix_api::imp::mmap::trap:90] [36mmapping_flags: MappingFlags(READ | WRITE | EXECUTE | USER)[m
[m[37m[1733835000.725520 0:5 ruxhal::arch::aarch64::trap:102] [36missue=0xf, vaddr=0x50000008aeb8, cause=INSTRUCTION[m
[m[37m[1733835000.725788 0:5 ruxos_posix_api::imp::mmap::trap:61] [36mPage Fault Happening, vaddr:0x50000008a000, casue:INSTRUCTION, map_flags:MappingFlags(READ | WRITE | EXECUTE | USER)[m
[m[37m[1733835000.726205 0:5 ruxos_posix_api::imp::mmap::trap:90] [36mmapping_flags: MappingFlags(READ | WRITE | EXECUTE | USER)[m
[m[37m[1733835000.726500 0:5 ruxhal::arch::aarch64::trap:102] [36missue=0xf, vaddr=0x50000008aeb8, cause=INSTRUCTION[m
[m[37m[1733835000.726767 0:5 ruxos_posix_api::imp::mmap::trap:61] [36mPage Fault Happening, vaddr:0x50000008a000, casue:INSTRUCTION, map_flags:MappingFlags(READ | WRITE | EXECUTE | USER)[m
[m[37m[1733835000.727184 0:5 ruxos_posix_api::imp::mmap::trap:90] [36mmapping_flags: MappingFlags(READ | WRITE | EXECUTE | USER)[m
[m[37m[1733835000.727480 0:5 ruxhal::arch::aarch64::trap:102] [36missue=0xf, vaddr=0x50000008aeb8, cause=INSTRUCTION[m
[m[37m[1733835000.727751 0:5 ruxos_posix_api::imp::mmap::trap:61] [36mPage Fault Happening, vaddr:0x50000008a000, casue:INSTRUCTION, map_flags:MappingFlags(READ | WRITE | EXECUTE | USER)[m
[m[37m[1733835000.728168 0:5 ruxos_posix_api::imp::mmap::trap:90] [36mmapping_flags: MappingFlags(READ | WRITE | EXECUTE | USER)[m
[m[37m[1733835000.728463 0:5 ruxhal::arch::aarch64::trap:102] [36missue=0xf, vaddr=0x50000008aeb8, cause=INSTRUCTION[m
[m[37m[1733835000.728731 0:5 ruxos_posix_api::imp::mmap::trap:61] [36mPage Fault Happening, vaddr:0x50000008a000, casue:INSTRUCTION, map_flags:MappingFlags(READ | WRITE | EXECUTE | USER)[m
[m[37m[1733835000.729149 0:5 ruxos_posix_api::imp::mmap::trap:90] [36mmapping_flags: MappingFlags(READ | WRITE | EXECUTE | USER)[m
[m[37m[1733835000.729443 0:5 ruxhal::arch::aarch64::trap:102] [36missue=0xf, vaddr=0x50000008aeb8, cause=INSTRUCTION[m
[m[37m[1733835000.729710 0:5 ruxos_posix_api::imp::mmap::trap:61] [36mPage Fault Happening, vaddr:0x50000008a000, casue:INSTRUCTION, map_flags:MappingFlags(READ | WRITE | EXECUTE | USER)[m
[m[37m[1733835000.730128 0:5 ruxos_posix_api::imp::mmap::trap:90] [36mmapping_flags: MappingFlags(READ | WRITE | EXECUTE | USER)[m
[m[37m[1733835000.730424 0:5 ruxhal::arch::aarch64::trap:102] [36missue=0xf, vaddr=0x50000008aeb8, cause=INSTRUCTION[m
[m[37m[1733835000.730691 0:5 ruxos_posix_api::imp::mmap::trap:61] [36mPage Fault Happening, vaddr:0x50000008a000, casue:INSTRUCTION, map_flags:MappingFlags(READ | WRITE | EXECUTE | USER)[m
[m[37m[1733835000.731108 0:5 ruxos_posix_api::imp::mmap::trap:90] [36mmapping_flags: MappingFlags(READ | WRITE | EXECUTE | USER)[m
[m[37m[1733835000.731402 0:5 ruxhal::arch::aarch64::trap:102] [36missue=0xf, vaddr=0x50000008aeb8, cause=INSTRUCTION[m
[m[37m[1733835000.731668 0:5 ruxos_posix_api::imp::mmap::trap:61] [36mPage Fault Happening, vaddr:0x50000008a000, casue:INSTRUCTION, map_flags:MappingFlags(READ | WRITE | EXECUTE | USER)[m
[m[37m[1733835000.732087 0:5 ruxos_posix_api::imp::mmap::trap:90] [36mmapping_flags: MappingFlags(READ | WRITE | EXECUTE | USER)[m
[m[37m[1733835000.732384 0:5 ruxhal::arch::aarch64::trap:102] [36missue=0xf, vaddr=0x50000008aeb8, cause=INSTRUCTION[m
[m[37m[1733835000.732651 0:5 ruxos_posix_api::imp::mmap::trap:61] [36mPage Fault Happening, vaddr:0x50000008a000, casue:INSTRUCTION, map_flags:MappingFlags(READ | WRITE | EXECUTE | USER)[m
[m[37m[1733835000.733069 0:5 ruxos_posix_api::imp::mmap::trap:90] [36mmapping_flags: MappingFlags(READ | WRITE | EXECUTE | USER)[m
[m[37m[1733835000.733362 0:5 ruxhal::arch::aarch64::trap:102] [36missue=0xf, vaddr=0x50000008aeb8, cause=INSTRUCTION[m
[m[37m[1733835000.733631 0:5 ruxos_posix_api::imp::mmap::trap:61] [36mPage Fault Happening, vaddr:0x50000008a000, casue:INSTRUCTION, map_flags:MappingFlags(READ | WRITE | EXECUTE | USER)[m
[m[37m[1733835000.734053 0:5 ruxos_posix_api::imp::mmap::trap:90] [36mmapping_flags: MappingFlags(READ | WRITE | EXECUTE | USER)[m
[m[37m[1733835000.734348 0:5 ruxhal::arch::aarch64::trap:102] [36missue=0xf, vaddr=0x50000008aeb8, cause=INSTRUCTION[m
[m[37m[1733835000.734647 0:5 ruxos_posix_api::imp::mmap::trap:61] [36mPage Fault Happening, vaddr:0x50000008a000, casue:INSTRUCTION, map_flags:MappingFlags(READ | WRITE | EXECUTE | USER)[m
[m[37m[1733835000.735107 0:5 ruxos_posix_api::imp::mmap::trap:90] [36mmapping_flags: MappingFlags(READ | WRITE | EXECUTE | USER)[m
[m[37m[1733835000.735440 0:5 ruxhal::arch::aarch64::trap:102] [36missue=0xf, vaddr=0x50000008aeb8, cause=INSTRUCTION[m
[m[37m[1733835000.735736 0:5 ruxos_posix_api::imp::mmap::trap:61] [36mPage Fault Happening, vaddr:0x50000008a000, casue:INSTRUCTION, map_flags:MappingFlags(READ | WRITE | EXECUTE | USER)[m
[m[37m[1733835000.736154 0:5 ruxos_posix_api::imp::mmap::trap:90] [36mmapping_flags: MappingFlags(READ | WRITE | EXECUTE | USER)[m
[m[37m[1733835000.736449 0:5 ruxhal::arch::aarch64::trap:102] [36missue=0xf, vaddr=0x50000008aeb8, cause=INSTRUCTION[m
[m[37m[1733835000.736719 0:5 ruxos_posix_api::imp::mmap::trap:61] [36mPage Fault Happening, vaddr:0x50000008a000, casue:INSTRUCTION, map_flags:MappingFlags(READ | WRITE | EXECUTE | USER)[m
[m[37m[1733835000.737135 0:5 ruxos_posix_api::imp::mmap::trap:90] [36mmapping_flags: MappingFlags(READ | WRITE | EXECUTE | USER)[m
[m[37m[1733835000.737430 0:5 ruxhal::arch::aarch64::trap:102] [36missue=0xf, vaddr=0x50000008aeb8, cause=INSTRUCTION[m
[m[37m[1733835000.737697 0:5 ruxos_posix_api::imp::mmap::trap:61] [36mPage Fault Happening, vaddr:0x50000008a000, casue:INSTRUCTION, map_flags:MappingFlags(READ | WRITE | EXECUTE | USER)[m
[m[37m[1733835000.738115 0:5 ruxos_posix_api::imp::mmap::trap:90] [36mmapping_flags: MappingFlags(READ | WRITE | EXECUTE | USER)[m
[m[37m[1733835000.738408 0:5 ruxhal::arch::aarch64::trap:102] [36missue=0xf, vaddr=0x50000008aeb8, cause=INSTRUCTION[m
[m[37m[1733835000.738677 0:5 ruxos_posix_api::imp::mmap::trap:61] [36mPage Fault Happening, vaddr:0x50000008a000, casue:INSTRUCTION, map_flags:MappingFlags(READ | WRITE | EXECUTE | USER)[m
[m[37m[1733835000.739094 0:5 ruxos_posix_api::imp::mmap::trap:90] [36mmapping_flags: MappingFlags(READ | WRITE | EXECUTE | USER)[m
[m[37m[1733835000.739388 0:5 ruxhal::arch::aarch64::trap:102] [36missue=0xf, vaddr=0x50000008aeb8, cause=INSTRUCTION[m
[m[37m[1733835000.739656 0:5 ruxos_posix_api::imp::mmap::trap:61] [36mPage Fault Happening, vaddr:0x50000008a000, casue:INSTRUCTION, map_flags:MappingFlags(READ | WRITE | EXECUTE | USER)[m
[m[37m[1733835000.740073 0:5 ruxos_posix_api::imp::mmap::trap:90] [36mmapping_flags: MappingFlags(READ | WRITE | EXECUTE | USER)[m
[m[37m[1733835000.740367 0:5 ruxhal::arch::aarch64::trap:102] [36missue=0xf, vaddr=0x50000008aeb8, cause=INSTRUCTION[m
[m[37m[1733835000.740634 0:5 ruxos_posix_api::imp::mmap::trap:61] [36mPage Fault Happening, vaddr:0x50000008a000, casue:INSTRUCTION, map_flags:MappingFlags(READ | WRITE | EXECUTE | USER)[m
[m[37m[1733835000.741051 0:5 ruxos_posix_api::imp::mmap::trap:90] [36mmapping_flags: MappingFlags(READ | WRITE | EXECUTE | USER)[m
[m[37m[1733835000.741345 0:5 ruxhal::arch::aarch64::trap:102] [36missue=0xf, vaddr=0x50000008aeb8, cause=INSTRUCTION[m
[m[37m[1733835000.741614 0:5 ruxos_posix_api::imp::mmap::trap:61] [36mPage Fault Happening, vaddr:0x50000008a000, casue:INSTRUCTION, map_flags:MappingFlags(READ | WRITE | EXECUTE | USER)[m
[m[37m[1733835000.742032 0:5 ruxos_posix_api::imp::mmap::trap:90] [36mmapping_flags: MappingFlags(READ | WRITE | EXECUTE | USER)[m
[m[37m[1733835000.742328 0:5 ruxhal::arch::aarch64::trap:102] [36missue=0xf, vaddr=0x50000008aeb8, cause=INSTRUCTION[m
[m[37m[1733835000.742598 0:5 ruxos_posix_api::imp::mmap::trap:61] [36mPage Fault Happening, vaddr:0x50000008a000, casue:INSTRUCTION, map_flags:MappingFlags(READ | WRITE | EXECUTE | USER)[m
[m[37m[1733835000.743016 0:5 ruxos_posix_api::imp::mmap::trap:90] [36mmapping_flags: MappingFlags(READ | WRITE | EXECUTE | USER)[m
[m[37m[1733835000.743310 0:5 ruxhal::arch::aarch64::trap:102] [36missue=0xf, vaddr=0x50000008aeb8, cause=INSTRUCTION[m
[m[37m[1733835000.743579 0:5 ruxos_posix_api::imp::mmap::trap:61] [36mPage Fault Happening, vaddr:0x50000008a000, casue:INSTRUCTION, map_flags:MappingFlags(READ | WRITE | EXECUTE | USER)[m
[m[37m[1733835000.743996 0:5 ruxos_posix_api::imp::mmap::trap:90] [36mmapping_flags: MappingFlags(READ | WRITE | EXECUTE | USER)[m
[m[37m[1733835000.744290 0:5 ruxhal::arch::aarch64::trap:102] [36missue=0xf, vaddr=0x50000008aeb8, cause=INSTRUCTION[m
[m[37m[1733835000.744587 0:5 ruxos_posix_api::imp::mmap::trap:61] [36mPage Fault Happening, vaddr:0x50000008a000, casue:INSTRUCTION, map_flags:MappingFlags(READ | WRITE | EXECUTE | USER)[m
[m[37m[1733835000.745046 0:5 ruxos_posix_api::imp::mmap::trap:90] [36mmapping_flags: MappingFlags(READ | WRITE | EXECUTE | USER)[m
[m[37m[1733835000.745378 0:5 ruxhal::arch::aarch64::trap:102] [36missue=0xf, vaddr=0x50000008aeb8, cause=INSTRUCTION[m
[m[37m[1733835000.745666 0:5 ruxos_posix_api::imp::mmap::trap:61] [36mPage Fault Happening, vaddr:0x50000008a000, casue:INSTRUCTION, map_flags:MappingFlags(READ | WRITE | EXECUTE | USER)[m
[m[37m[1733835000.746083 0:5 ruxos_posix_api::imp::mmap::trap:90] [36mmapping_flags: MappingFlags(READ | WRITE | EXECUTE | USER)[m
[m[37m[1733835000.746378 0:5 ruxhal::arch::aarch64::trap:102] [36missue=0xf, vaddr=0x50000008aeb8, cause=INSTRUCTION[m
[m[37m[1733835000.746647 0:5 ruxos_posix_api::imp::mmap::trap:61] [36mPage Fault Happening, vaddr:0x50000008a000, casue:INSTRUCTION, map_flags:MappingFlags(READ | WRITE | EXECUTE | USER)[m
[m[37m[1733835000.747064 0:5 ruxos_posix_api::imp::mmap::trap:90] [36mmapping_flags: MappingFlags(READ | WRITE | EXECUTE | USER)[m
[m[37m[1733835000.747358 0:5 ruxhal::arch::aarch64::trap:102] [36missue=0xf, vaddr=0x50000008aeb8, cause=INSTRUCTION[m
[m[37m[1733835000.747626 0:5 ruxos_posix_api::imp::mmap::trap:61] [36mPage Fault Happening, vaddr:0x50000008a000, casue:INSTRUCTION, map_flags:MappingFlags(READ | WRITE | EXECUTE | USER)[m
[m[37m[1733835000.748042 0:5 ruxos_posix_api::imp::mmap::trap:90] [36mmapping_flags: MappingFlags(READ | WRITE | EXECUTE | USER)[m
[m[37m[1733835000.748337 0:5 ruxhal::arch::aarch64::trap:102] [36missue=0xf, vaddr=0x50000008aeb8, cause=INSTRUCTION[m
[m[37m[1733835000.748605 0:5 ruxos_posix_api::imp::mmap::trap:61] [36mPage Fault Happening, vaddr:0x50000008a000, casue:INSTRUCTION, map_flags:MappingFlags(READ | WRITE | EXECUTE | USER)[m
[m[37m[1733835000.749025 0:5 ruxos_posix_api::imp::mmap::trap:90] [36mmapping_flags: MappingFlags(READ | WRITE | EXECUTE | USER)[m
[m[37m[1733835000.749317 0:5 ruxhal::arch::aarch64::trap:102] [36missue=0xf, vaddr=0x50000008aeb8, cause=INSTRUCTION[m
[m[37m[1733835000.749586 0:5 ruxos_posix_api::imp::mmap::trap:61] [36mPage Fault Happening, vaddr:0x50000008a000, casue:INSTRUCTION, map_flags:MappingFlags(READ | WRITE | EXECUTE | USER)[m
[m[37m[1733835000.750005 0:5 ruxos_posix_api::imp::mmap::trap:90] [36mmapping_flags: MappingFlags(READ | WRITE | EXECUTE | USER)[m
[m[37m[1733835000.750302 0:5 ruxhal::arch::aarch64::trap:102] [36missue=0xf, vaddr=0x50000008aeb8, cause=INSTRUCTION[m
[m[37m[1733835000.750574 0:5 ruxos_posix_api::imp::mmap::trap:61] [36mPage Fault Happening, vaddr:0x50000008a000, casue:INSTRUCTION, map_flags:MappingFlags(READ | WRITE | EXECUTE | USER)[m
[m[37m[1733835000.751001 0:5 ruxos_posix_api::imp::mmap::trap:90] [36mmapping_flags: MappingFlags(READ | WRITE | EXECUTE | USER)[m
[m[37m[1733835000.751304 0:5 ruxhal::arch::aarch64::trap:102] [36missue=0xf, vaddr=0x50000008aeb8, cause=INSTRUCTION[m
[m[37m[1733835000.751572 0:5 ruxos_posix_api::imp::mmap::trap:61] [36mPage Fault Happening, vaddr:0x50000008a000, casue:INSTRUCTION, map_flags:MappingFlags(READ | WRITE | EXECUTE | USER)[m
[m[37m[1733835000.751991 0:5 ruxos_posix_api::imp::mmap::trap:90] [36mmapping_flags: MappingFlags(READ | WRITE | EXECUTE | USER)[m
[m[37m[1733835000.752289 0:5 ruxhal::arch::aarch64::trap:102] [36missue=0xf, vaddr=0x50000008aeb8, cause=INSTRUCTION[m
[m[37m[1733835000.752556 0:5 ruxos_posix_api::imp::mmap::trap:61] [36mPage Fault Happening, vaddr:0x50000008a000, casue:INSTRUCTION, map_flags:MappingFlags(READ | WRITE | EXECUTE | USER)[m
[m[37m[1733835000.752973 0:5 ruxos_posix_api::imp::mmap::trap:90] [36mmapping_flags: MappingFlags(READ | WRITE | EXECUTE | USER)[m
[m[37m[1733835000.753268 0:5 ruxhal::arch::aarch64::trap:102] [36missue=0xf, vaddr=0x50000008aeb8, cause=INSTRUCTION[m
[m[37m[1733835000.753535 0:5 ruxos_posix_api::imp::mmap::trap:61] [36mPage Fault Happening, vaddr:0x50000008a000, casue:INSTRUCTION, map_flags:MappingFlags(READ | WRITE | EXECUTE | USER)[m
[m[37m[1733835000.753954 0:5 ruxos_posix_api::imp::mmap::trap:90] [36mmapping_flags: MappingFlags(READ | WRITE | EXECUTE | USER)[m
[m[37m[1733835000.754249 0:5 ruxhal::arch::aarch64::trap:102] [36missue=0xf, vaddr=0x50000008aeb8, cause=INSTRUCTION[m
[m[37m[1733835000.754550 0:5 ruxos_posix_api::imp::mmap::trap:61] [36mPage Fault Happening, vaddr:0x50000008a000, casue:INSTRUCTION, map_flags:MappingFlags(READ | WRITE | EXECUTE | USER)[m
[m[37m[1733835000.755010 0:5 ruxos_posix_api::imp::mmap::trap:90] [36mmapping_flags: MappingFlags(READ | WRITE | EXECUTE | USER)[m
[m[37m[1733835000.755344 0:5 ruxhal::arch::aarch64::trap:102] [36missue=0xf, vaddr=0x50000008aeb8, cause=INSTRUCTION[m
[m[37m[1733835000.755634 0:5 ruxos_posix_api::imp::mmap::trap:61] [36mPage Fault Happening, vaddr:0x50000008a000, casue:INSTRUCTION, map_flags:MappingFlags(READ | WRITE | EXECUTE | USER)[m
[m[37m[1733835000.756050 0:5 ruxos_posix_api::imp::mmap::trap:90] [36mmapping_flags: MappingFlags(READ | WRITE | EXECUTE | USER)[m
[m[37m[1733835000.756344 0:5 ruxhal::arch::aarch64::trap:102] [36missue=0xf, vaddr=0x50000008aeb8, cause=INSTRUCTION[m
[m[37m[1733835000.756612 0:5 ruxos_posix_api::imp::mmap::trap:61] [36mPage Fault Happening, vaddr:0x50000008a000, casue:INSTRUCTION, map_flags:MappingFlags(READ | WRITE | EXECUTE | USER)[m
[m[37m[1733835000.757030 0:5 ruxos_posix_api::imp::mmap::trap:90] [36mmapping_flags: MappingFlags(READ | WRITE | EXECUTE | USER)[m
[m[37m[1733835000.757323 0:5 ruxhal::arch::aarch64::trap:102] [36missue=0xf, vaddr=0x50000008aeb8, cause=INSTRUCTION[m
[m[37m[1733835000.757590 0:5 ruxos_posix_api::imp::mmap::trap:61] [36mPage Fault Happening, vaddr:0x50000008a000, casue:INSTRUCTION, map_flags:MappingFlags(READ | WRITE | EXECUTE | USER)[m
[m[37m[1733835000.758008 0:5 ruxos_posix_api::imp::mmap::trap:90] [36mmapping_flags: MappingFlags(READ | WRITE | EXECUTE | USER)[m
[m[37m[1733835000.758303 0:5 ruxhal::arch::aarch64::trap:102] [36missue=0xf, vaddr=0x50000008aeb8, cause=INSTRUCTION[m
[m[37m[1733835000.758570 0:5 ruxos_posix_api::imp::mmap::trap:61] [36mPage Fault Happening, vaddr:0x50000008a000, casue:INSTRUCTION, map_flags:MappingFlags(READ | WRITE | EXECUTE | USER)[m
[m[37m[1733835000.758989 0:5 ruxos_posix_api::imp::mmap::trap:90] [36mmapping_flags: MappingFlags(READ | WRITE | EXECUTE | USER)[m
[m[37m[1733835000.759284 0:5 ruxhal::arch::aarch64::trap:102] [36missue=0xf, vaddr=0x50000008aeb8, cause=INSTRUCTION[m
[m[37m[1733835000.759552 0:5 ruxos_posix_api::imp::mmap::trap:61] [36mPage Fault Happening, vaddr:0x50000008a000, casue:INSTRUCTION, map_flags:MappingFlags(READ | WRITE | EXECUTE | USER)[m
[m[37m[1733835000.759967 0:5 ruxos_posix_api::imp::mmap::trap:90] [36mmapping_flags: MappingFlags(READ | WRITE | EXECUTE | USER)[m
[m[37m[1733835000.760262 0:5 ruxhal::arch::aarch64::trap:102] [36missue=0xf, vaddr=0x50000008aeb8, cause=INSTRUCTION[m
[m[37m[1733835000.760530 0:5 ruxos_posix_api::imp::mmap::trap:61] [36mPage Fault Happening, vaddr:0x50000008a000, casue:INSTRUCTION, map_flags:MappingFlags(READ | WRITE | EXECUTE | USER)[m
[m[37m[1733835000.760948 0:5 ruxos_posix_api::imp::mmap::trap:90] [36mmapping_flags: MappingFlags(READ | WRITE | EXECUTE | USER)[m
[m[37m[1733835000.761243 0:5 ruxhal::arch::aarch64::trap:102] [36missue=0xf, vaddr=0x50000008aeb8, cause=INSTRUCTION[m
[m[37m[1733835000.761512 0:5 ruxos_posix_api::imp::mmap::trap:61] [36mPage Fault Happening, vaddr:0x50000008a000, casue:INSTRUCTION, map_flags:MappingFlags(READ | WRITE | EXECUTE | USER)[m
[m[37m[1733835000.761930 0:5 ruxos_posix_api::imp::mmap::trap:90] [36mmapping_flags: MappingFlags(READ | WRITE | EXECUTE | USER)[m
[m[37m[1733835000.762236 0:5 ruxhal::arch::aarch64::trap:102] [36missue=0xf, vaddr=0x50000008aeb8, cause=INSTRUCTION[m
[m[37m[1733835000.762505 0:5 ruxos_posix_api::imp::mmap::trap:61] [36mPage Fault Happening, vaddr:0x50000008a000, casue:INSTRUCTION, map_flags:MappingFlags(READ | WRITE | EXECUTE | USER)[m
[m[37m[1733835000.762921 0:5 ruxos_posix_api::imp::mmap::trap:90] [36mmapping_flags: MappingFlags(READ | WRITE | EXECUTE | USER)[m
[m[37m[1733835000.763214 0:5 ruxhal::arch::aarch64::trap:102] [36missue=0xf, vaddr=0x50000008aeb8, cause=INSTRUCTION[m
[m[37m[1733835000.763485 0:5 ruxos_posix_api::imp::mmap::trap:61] [36mPage Fault Happening, vaddr:0x50000008a000, casue:INSTRUCTION, map_flags:MappingFlags(READ | WRITE | EXECUTE | USER)[m
[m[37m[1733835000.763903 0:5 ruxos_posix_api::imp::mmap::trap:90] [36mmapping_flags: MappingFlags(READ | WRITE | EXECUTE | USER)[m
[m[37m[1733835000.764199 0:5 ruxhal::arch::aarch64::trap:102] [36missue=0xf, vaddr=0x50000008aeb8, cause=INSTRUCTION[m
[m[37m[1733835000.764483 0:5 ruxos_posix_api::imp::mmap::trap:61] [36mPage Fault Happening, vaddr:0x50000008a000, casue:INSTRUCTION, map_flags:MappingFlags(READ | WRITE | EXECUTE | USER)[m
[m[37m[1733835000.764944 0:5 ruxos_posix_api::imp::mmap::trap:90] [36mmapping_flags: MappingFlags(READ | WRITE | EXECUTE | USER)[m
[m[37m[1733835000.765277 0:5 ruxhal::arch::aarch64::trap:102] [36missue=0xf, vaddr=0x50000008aeb8, cause=INSTRUCTION[m
[m[37m[1733835000.765564 0:5 ruxos_posix_api::imp::mmap::trap:61] [36mPage Fault Happening, vaddr:0x50000008a000, casue:INSTRUCTION, map_flags:MappingFlags(READ | WRITE | EXECUTE | USER)[m
[m[37m[1733835000.765981 0:5 ruxos_posix_api::imp::mmap::trap:90] [36mmapping_flags: MappingFlags(READ | WRITE | EXECUTE | USER)[m
[m[37m[1733835000.766277 0:5 ruxhal::arch::aarch64::trap:102] [36missue=0xf, vaddr=0x50000008aeb8, cause=INSTRUCTION[m
[m[37m[1733835000.766546 0:5 ruxos_posix_api::imp::mmap::trap:61] [36mPage Fault Happening, vaddr:0x50000008a000, casue:INSTRUCTION, map_flags:MappingFlags(READ | WRITE | EXECUTE | USER)[m
[m[37m[1733835000.766965 0:5 ruxos_posix_api::imp::mmap::trap:90] [36mmapping_flags: MappingFlags(READ | WRITE | EXECUTE | USER)[m
[m[37m[1733835000.767261 0:5 ruxhal::arch::aarch64::trap:102] [36missue=0xf, vaddr=0x50000008aeb8, cause=INSTRUCTION[m
[m[37m[1733835000.767530 0:5 ruxos_posix_api::imp::mmap::trap:61] [36mPage Fault Happening, vaddr:0x50000008a000, casue:INSTRUCTION, map_flags:MappingFlags(READ | WRITE | EXECUTE | USER)[m
[m[37m[1733835000.767948 0:5 ruxos_posix_api::imp::mmap::trap:90] [36mmapping_flags: MappingFlags(READ | WRITE | EXECUTE | USER)[m
[m[37m[1733835000.768243 0:5 ruxhal::arch::aarch64::trap:102] [36missue=0xf, vaddr=0x50000008aeb8, cause=INSTRUCTION[m
[m[37m[1733835000.768512 0:5 ruxos_posix_api::imp::mmap::trap:61] [36mPage Fault Happening, vaddr:0x50000008a000, casue:INSTRUCTION, map_flags:MappingFlags(READ | WRITE | EXECUTE | USER)[m
[m[37m[1733835000.768931 0:5 ruxos_posix_api::imp::mmap::trap:90] [36mmapping_flags: MappingFlags(READ | WRITE | EXECUTE | USER)[m
[m[37m[1733835000.769226 0:5 ruxhal::arch::aarch64::trap:102] [36missue=0xf, vaddr=0x50000008aeb8, cause=INSTRUCTION[m
[m[37m[1733835000.769493 0:5 ruxos_posix_api::imp::mmap::trap:61] [36mPage Fault Happening, vaddr:0x50000008a000, casue:INSTRUCTION, map_flags:MappingFlags(READ | WRITE | EXECUTE | USER)[m
[m[37m[1733835000.769911 0:5 ruxos_posix_api::imp::mmap::trap:90] [36mmapping_flags: MappingFlags(READ | WRITE | EXECUTE | USER)[m
[m[37m[1733835000.770205 0:5 ruxhal::arch::aarch64::trap:102] [36missue=0xf, vaddr=0x50000008aeb8, cause=INSTRUCTION[m
[m[37m[1733835000.770473 0:5 ruxos_posix_api::imp::mmap::trap:61] [36mPage Fault Happening, vaddr:0x50000008a000, casue:INSTRUCTION, map_flags:MappingFlags(READ | WRITE | EXECUTE | USER)[m
[m[37m[1733835000.770890 0:5 ruxos_posix_api::imp::mmap::trap:90] [36mmapping_flags: MappingFlags(READ | WRITE | EXECUTE | USER)[m
[m[37m[1733835000.771186 0:5 ruxhal::arch::aarch64::trap:102] [36missue=0xf, vaddr=0x50000008aeb8, cause=INSTRUCTION[m
[m[37m[1733835000.771455 0:5 ruxos_posix_api::imp::mmap::trap:61] [36mPage Fault Happening, vaddr:0x50000008a000, casue:INSTRUCTION, map_flags:MappingFlags(READ | WRITE | EXECUTE | USER)[m
[m[37m[1733835000.771871 0:5 ruxos_posix_api::imp::mmap::trap:90] [36mmapping_flags: MappingFlags(READ | WRITE | EXECUTE | USER)[m
[m[37m[1733835000.772168 0:5 ruxhal::arch::aarch64::trap:102] [36missue=0xf, vaddr=0x50000008aeb8, cause=INSTRUCTION[m
[m[37m[1733835000.772440 0:5 ruxos_posix_api::imp::mmap::trap:61] [36mPage Fault Happening, vaddr:0x50000008a000, casue:INSTRUCTION, map_flags:MappingFlags(READ | WRITE | EXECUTE | USER)[m
[m[37m[1733835000.772855 0:5 ruxos_posix_api::imp::mmap::trap:90] [36mmapping_flags: MappingFlags(READ | WRITE | EXECUTE | USER)[m
[m[37m[1733835000.773149 0:5 ruxhal::arch::aarch64::trap:102] [36missue=0xf, vaddr=0x50000008aeb8, cause=INSTRUCTION[m
[m[37m[1733835000.773418 0:5 ruxos_posix_api::imp::mmap::trap:61] [36mPage Fault Happening, vaddr:0x50000008a000, casue:INSTRUCTION, map_flags:MappingFlags(READ | WRITE | EXECUTE | USER)[m
[m[37m[1733835000.773836 0:5 ruxos_posix_api::imp::mmap::trap:90] [36mmapping_flags: MappingFlags(READ | WRITE | EXECUTE | USER)[m
[m[37m[1733835000.774130 0:5 ruxhal::arch::aarch64::trap:102] [36missue=0xf, vaddr=0x50000008aeb8, cause=INSTRUCTION[m
[m[37m[1733835000.774400 0:5 ruxos_posix_api::imp::mmap::trap:61] [36mPage Fault Happening, vaddr:0x50000008a000, casue:INSTRUCTION, map_flags:MappingFlags(READ | WRITE | EXECUTE | USER)[m
[m[37m[1733835000.774872 0:5 ruxos_posix_api::imp::mmap::trap:90] [36mmapping_flags: MappingFlags(READ | WRITE | EXECUTE | USER)[m
[m[37m[1733835000.775202 0:5 ruxhal::arch::aarch64::trap:102] [36missue=0xf, vaddr=0x50000008aeb8, cause=INSTRUCTION[m
[m[37m[1733835000.775493 0:5 ruxos_posix_api::imp::mmap::trap:61] [36mPage Fault Happening, vaddr:0x50000008a000, casue:INSTRUCTION, map_flags:MappingFlags(READ | WRITE | EXECUTE | USER)[m
[m[37m[1733835000.775911 0:5 ruxos_posix_api::imp::mmap::trap:90] [36mmapping_flags: MappingFlags(READ | WRITE | EXECUTE | USER)[m
[m[37m[1733835000.776205 0:5 ruxhal::arch::aarch64::trap:102] [36missue=0xf, vaddr=0x50000008aeb8, cause=INSTRUCTION[m
[m[37m[1733835000.776473 0:5 ruxos_posix_api::imp::mmap::trap:61] [36mPage Fault Happening, vaddr:0x50000008a000, casue:INSTRUCTION, map_flags:MappingFlags(READ | WRITE | EXECUTE | USER)[m
[m[37m[1733835000.776889 0:5 ruxos_posix_api::imp::mmap::trap:90] [36mmapping_flags: MappingFlags(READ | WRITE | EXECUTE | USER)[m
[m[37m[1733835000.777183 0:5 ruxhal::arch::aarch64::trap:102] [36missue=0xf, vaddr=0x50000008aeb8, cause=INSTRUCTION[m
[m[37m[1733835000.777451 0:5 ruxos_posix_api::imp::mmap::trap:61] [36mPage Fault Happening, vaddr:0x50000008a000, casue:INSTRUCTION, map_flags:MappingFlags(READ | WRITE | EXECUTE | USER)[m
[m[37m[1733835000.777868 0:5 ruxos_posix_api::imp::mmap::trap:90] [36mmapping_flags: MappingFlags(READ | WRITE | EXECUTE | USER)[m
[m[37m[1733835000.778162 0:5 ruxhal::arch::aarch64::trap:102] [36missue=0xf, vaddr=0x50000008aeb8, cause=INSTRUCTION[m
[m[37m[1733835000.778431 0:5 ruxos_posix_api::imp::mmap::trap:61] [36mPage Fault Happening, vaddr:0x50000008a000, casue:INSTRUCTION, map_flags:MappingFlags(READ | WRITE | EXECUTE | USER)[m
[m[37m[1733835000.778852 0:5 ruxos_posix_api::imp::mmap::trap:90] [36mmapping_flags: MappingFlags(READ | WRITE | EXECUTE | USER)[m
[m[37m[1733835000.779146 0:5 ruxhal::arch::aarch64::trap:102] [36missue=0xf, vaddr=0x50000008aeb8, cause=INSTRUCTION[m
[m[37m[1733835000.779414 0:5 ruxos_posix_api::imp::mmap::trap:61] [36mPage Fault Happening, vaddr:0x50000008a000, casue:INSTRUCTION, map_flags:MappingFlags(READ | WRITE | EXECUTE | USER)[m
[m[37m[1733835000.779831 0:5 ruxos_posix_api::imp::mmap::trap:90] [36mmapping_flags: MappingFlags(READ | WRITE | EXECUTE | USER)[m
[m[37m[1733835000.780128 0:5 ruxhal::arch::aarch64::trap:102] [36missue=0xf, vaddr=0x50000008aeb8, cause=INSTRUCTION[m
[m[37m[1733835000.780395 0:5 ruxos_posix_api::imp::mmap::trap:61] [36mPage Fault Happening, vaddr:0x50000008a000, casue:INSTRUCTION, map_flags:MappingFlags(READ | WRITE | EXECUTE | USER)[m
[m[37m[1733835000.780813 0:5 ruxos_posix_api::imp::mmap::trap:90] [36mmapping_flags: MappingFlags(READ | WRITE | EXECUTE | USER)[m
[m[37m[1733835000.781107 0:5 ruxhal::arch::aarch64::trap:102] [36missue=0xf, vaddr=0x50000008aeb8, cause=INSTRUCTION[m
[m[37m[1733835000.781378 0:5 ruxos_posix_api::imp::mmap::trap:61] [36mPage Fault Happening, vaddr:0x50000008a000, casue:INSTRUCTION, map_flags:MappingFlags(READ | WRITE | EXECUTE | USER)[m
[m[37m[1733835000.781796 0:5 ruxos_posix_api::imp::mmap::trap:90] [36mmapping_flags: MappingFlags(READ | WRITE | EXECUTE | USER)[m
[m[37m[1733835000.782091 0:5 ruxhal::arch::aarch64::trap:102] [36missue=0xf, vaddr=0x50000008aeb8, cause=INSTRUCTION[m
[m[37m[1733835000.782376 0:5 ruxos_posix_api::imp::mmap::trap:61] [36mPage Fault Happening, vaddr:0x50000008a000, casue:INSTRUCTION, map_flags:MappingFlags(READ | WRITE | EXECUTE | USER)[m
[m[37m[1733835000.782794 0:5 ruxos_posix_api::imp::mmap::trap:90] [36mmapping_flags: MappingFlags(READ | WRITE | EXECUTE | USER)[m
[m[37m[1733835000.783098 0:5 ruxhal::arch::aarch64::trap:102] [36missue=0xf, vaddr=0x50000008aeb8, cause=INSTRUCTION[m
[m[37m[1733835000.783367 0:5 ruxos_posix_api::imp::mmap::trap:61] [36mPage Fault Happening, vaddr:0x50000008a000, casue:INSTRUCTION, map_flags:MappingFlags(READ | WRITE | EXECUTE | USER)[m
[m[37m[1733835000.783787 0:5 ruxos_posix_api::imp::mmap::trap:90] [36mmapping_flags: MappingFlags(READ | WRITE | EXECUTE | USER)[m
[m[37m[1733835000.784085 0:5 ruxhal::arch::aarch64::trap:102] [36missue=0xf, vaddr=0x50000008aeb8, cause=INSTRUCTION[m
[m[37m[1733835000.784354 0:5 ruxos_posix_api::imp::mmap::trap:61] [36mPage Fault Happening, vaddr:0x50000008a000, casue:INSTRUCTION, map_flags:MappingFlags(READ | WRITE | EXECUTE | USER)[m
[m[37m[1733835000.784828 0:5 ruxos_posix_api::imp::mmap::trap:90] [36mmapping_flags: MappingFlags(READ | WRITE | EXECUTE | USER)[m
[m[37m[1733835000.785159 0:5 ruxhal::arch::aarch64::trap:102] [36missue=0xf, vaddr=0x50000008aeb8, cause=INSTRUCTION[m
[m[37m[1733835000.785449 0:5 ruxos_posix_api::imp::mmap::trap:61] [36mPage Fault Happening, vaddr:0x50000008a000, casue:INSTRUCTION, map_flags:MappingFlags(READ | WRITE | EXECUTE | USER)[m
[m[37m[1733835000.785871 0:5 ruxos_posix_api::imp::mmap::trap:90] [36mmapping_flags: MappingFlags(READ | WRITE | EXECUTE | USER)[m
[m[37m[1733835000.786167 0:5 ruxhal::arch::aarch64::trap:102] [36missue=0xf, vaddr=0x50000008aeb8, cause=INSTRUCTION[m
[m[37m[1733835000.786435 0:5 ruxos_posix_api::imp::mmap::trap:61] [36mPage Fault Happening, vaddr:0x50000008a000, casue:INSTRUCTION, map_flags:MappingFlags(READ | WRITE | EXECUTE | USER)[m
[m[37m[1733835000.786852 0:5 ruxos_posix_api::imp::mmap::trap:90] [36mmapping_flags: MappingFlags(READ | WRITE | EXECUTE | USER)[m
[m[37m[1733835000.787148 0:5 ruxhal::arch::aarch64::trap:102] [36missue=0xf, vaddr=0x50000008aeb8, cause=INSTRUCTION[m
[m[37m[1733835000.787416 0:5 ruxos_posix_api::imp::mmap::trap:61] [36mPage Fault Happening, vaddr:0x50000008a000, casue:INSTRUCTION, map_flags:MappingFlags(READ | WRITE | EXECUTE | USER)[m
[m[37m[1733835000.787833 0:5 ruxos_posix_api::imp::mmap::trap:90] [36mmapping_flags: MappingFlags(READ | WRITE | EXECUTE | USER)[m
[m[37m[1733835000.788127 0:5 ruxhal::arch::aarch64::trap:102] [36missue=0xf, vaddr=0x50000008aeb8, cause=INSTRUCTION[m
[m[37m[1733835000.788394 0:5 ruxos_posix_api::imp::mmap::trap:61] [36mPage Fault Happening, vaddr:0x50000008a000, casue:INSTRUCTION, map_flags:MappingFlags(READ | WRITE | EXECUTE | USER)[m
[m[37m[1733835000.788814 0:5 ruxos_posix_api::imp::mmap::trap:90] [36mmapping_flags: MappingFlags(READ | WRITE | EXECUTE | USER)[m
[m[37m[1733835000.789108 0:5 ruxhal::arch::aarch64::trap:102] [36missue=0xf, vaddr=0x50000008aeb8, cause=INSTRUCTION[m
[m[37m[1733835000.789375 0:5 ruxos_posix_api::imp::mmap::trap:61] [36mPage Fault Happening, vaddr:0x50000008a000, casue:INSTRUCTION, map_flags:MappingFlags(READ | WRITE | EXECUTE | USER)[m
[m[37m[1733835000.789793 0:5 ruxos_posix_api::imp::mmap::trap:90] [36mmapping_flags: MappingFlags(READ | WRITE | EXECUTE | USER)[m
[m[37m[1733835000.790086 0:5 ruxhal::arch::aarch64::trap:102] [36missue=0xf, vaddr=0x50000008aeb8, cause=INSTRUCTION[m
[m[37m[1733835000.790355 0:5 ruxos_posix_api::imp::mmap::trap:61] [36mPage Fault Happening, vaddr:0x50000008a000, casue:INSTRUCTION, map_flags:MappingFlags(READ | WRITE | EXECUTE | USER)[m
[m[37m[1733835000.790773 0:5 ruxos_posix_api::imp::mmap::trap:90] [36mmapping_flags: MappingFlags(READ | WRITE | EXECUTE | USER)[m
[m[37m[1733835000.791066 0:5 ruxhal::arch::aarch64::trap:102] [36missue=0xf, vaddr=0x50000008aeb8, cause=INSTRUCTION[m
[m[37m[1733835000.791334 0:5 ruxos_posix_api::imp::mmap::trap:61] [36mPage Fault Happening, vaddr:0x50000008a000, casue:INSTRUCTION, map_flags:MappingFlags(READ | WRITE | EXECUTE | USER)[m
[m[37m[1733835000.791750 0:5 ruxos_posix_api::imp::mmap::trap:90] [36mmapping_flags: MappingFlags(READ | WRITE | EXECUTE | USER)[m
[m[37m[1733835000.792042 0:5 ruxhal::arch::aarch64::trap:102] [36missue=0xf, vaddr=0x50000008aeb8, cause=INSTRUCTION[m
[m[37m[1733835000.792311 0:5 ruxos_posix_api::imp::mmap::trap:61] [36mPage Fault Happening, vaddr:0x50000008a000, casue:INSTRUCTION, map_flags:MappingFlags(READ | WRITE | EXECUTE | USER)[m
[m[37m[1733835000.792727 0:5 ruxos_posix_api::imp::mmap::trap:90] [36mmapping_flags: MappingFlags(READ | WRITE | EXECUTE | USER)[m
[m[37m[1733835000.793020 0:5 ruxhal::arch::aarch64::trap:102] [36missue=0xf, vaddr=0x50000008aeb8, cause=INSTRUCTION[m
[m[37m[1733835000.793287 0:5 ruxos_posix_api::imp::mmap::trap:61] [36mPage Fault Happening, vaddr:0x50000008a000, casue:INSTRUCTION, map_flags:MappingFlags(READ | WRITE | EXECUTE | USER)[m
[m[37m[1733835000.793710 0:5 ruxos_posix_api::imp::mmap::trap:90] [36mmapping_flags: MappingFlags(READ | WRITE | EXECUTE | USER)[m
[m[37m[1733835000.794020 0:5 ruxhal::arch::aarch64::trap:102] [36missue=0xf, vaddr=0x50000008aeb8, cause=INSTRUCTION[m
[m[37m[1733835000.794295 0:5 ruxos_posix_api::imp::mmap::trap:61] [36mPage Fault Happening, vaddr:0x50000008a000, casue:INSTRUCTION, map_flags:MappingFlags(READ | WRITE | EXECUTE | USER)[m
[m[37m[1733835000.794753 0:5 ruxos_posix_api::imp::mmap::trap:90] [36mmapping_flags: MappingFlags(READ | WRITE | EXECUTE | USER)[m
[m[37m[1733835000.795085 0:5 ruxhal::arch::aarch64::trap:102] [36missue=0xf, vaddr=0x50000008aeb8, cause=INSTRUCTION[m
[m[37m[1733835000.795366 0:5 ruxos_posix_api::imp::mmap::trap:61] [36mPage Fault Happening, vaddr:0x50000008a000, casue:INSTRUCTION, map_flags:MappingFlags(READ | WRITE | EXECUTE | USER)[m
[m[37m[1733835000.795802 0:5 ruxos_posix_api::imp::mmap::trap:90] [36mmapping_flags: MappingFlags(READ | WRITE | EXECUTE | USER)[m
[m[37m[1733835000.796096 0:5 ruxhal::arch::aarch64::trap:102] [36missue=0xf, vaddr=0x50000008aeb8, cause=INSTRUCTION[m
[m[37m[1733835000.796364 0:5 ruxos_posix_api::imp::mmap::trap:61] [36mPage Fault Happening, vaddr:0x50000008a000, casue:INSTRUCTION, map_flags:MappingFlags(READ | WRITE | EXECUTE | USER)[m
[m[37m[1733835000.796779 0:5 ruxos_posix_api::imp::mmap::trap:90] [36mmapping_flags: MappingFlags(READ | WRITE | EXECUTE | USER)[m
[m[37m[1733835000.797075 0:5 ruxhal::arch::aarch64::trap:102] [36missue=0xf, vaddr=0x50000008aeb8, cause=INSTRUCTION[m
[m[37m[1733835000.797343 0:5 ruxos_posix_api::imp::mmap::trap:61] [36mPage Fault Happening, vaddr:0x50000008a000, casue:INSTRUCTION, map_flags:MappingFlags(READ | WRITE | EXECUTE | USER)[m
[m[37m[1733835000.797761 0:5 ruxos_posix_api::imp::mmap::trap:90] [36mmapping_flags: MappingFlags(READ | WRITE | EXECUTE | USER)[m
[m[37m[1733835000.798056 0:5 ruxhal::arch::aarch64::trap:102] [36missue=0xf, vaddr=0x50000008aeb8, cause=INSTRUCTION[m
[m[37m[1733835000.798324 0:5 ruxos_posix_api::imp::mmap::trap:61] [36mPage Fault Happening, vaddr:0x50000008a000, casue:INSTRUCTION, map_flags:MappingFlags(READ | WRITE | EXECUTE | USER)[m
[m[37m[1733835000.798739 0:5 ruxos_posix_api::imp::mmap::trap:90] [36mmapping_flags: MappingFlags(READ | WRITE | EXECUTE | USER)[m
[m[37m[1733835000.799038 0:5 ruxhal::arch::aarch64::trap:102] [36missue=0xf, vaddr=0x50000008aeb8, cause=INSTRUCTION[m
[m[37m[1733835000.799306 0:5 ruxos_posix_api::imp::mmap::trap:61] [36mPage Fault Happening, vaddr:0x50000008a000, casue:INSTRUCTION, map_flags:MappingFlags(READ | WRITE | EXECUTE | USER)[m
[m[37m[1733835000.799731 0:5 ruxos_posix_api::imp::mmap::trap:90] [36mmapping_flags: MappingFlags(READ | WRITE | EXECUTE | USER)[m
[m[37m[1733835000.800030 0:5 ruxhal::arch::aarch64::trap:102] [36missue=0xf, vaddr=0x50000008aeb8, cause=INSTRUCTION[m
[m[37m[1733835000.800307 0:5 ruxos_posix_api::imp::mmap::trap:61] [36mPage Fault Happening, vaddr:0x50000008a000, casue:INSTRUCTION, map_flags:MappingFlags(READ | WRITE | EXECUTE | USER)[m
[m[37m[1733835000.800724 0:5 ruxos_posix_api::imp::mmap::trap:90] [36mmapping_flags: MappingFlags(READ | WRITE | EXECUTE | USER)[m
[m[37m[1733835000.801019 0:5 ruxhal::arch::aarch64::trap:102] [36missue=0xf, vaddr=0x50000008aeb8, cause=INSTRUCTION[m
[m[37m[1733835000.801287 0:5 ruxos_posix_api::imp::mmap::trap:61] [36mPage Fault Happening, vaddr:0x50000008a000, casue:INSTRUCTION, map_flags:MappingFlags(READ | WRITE | EXECUTE | USER)[m
[m[37m[1733835000.801703 0:5 ruxos_posix_api::imp::mmap::trap:90] [36mmapping_flags: MappingFlags(READ | WRITE | EXECUTE | USER)[m
[m[37m[1733835000.801998 0:5 ruxhal::arch::aarch64::trap:102] [36missue=0xf, vaddr=0x50000008aeb8, cause=INSTRUCTION[m
[m[37m[1733835000.802269 0:5 ruxos_posix_api::imp::mmap::trap:61] [36mPage Fault Happening, vaddr:0x50000008a000, casue:INSTRUCTION, map_flags:MappingFlags(READ | WRITE | EXECUTE | USER)[m
[m[37m[1733835000.802686 0:5 ruxos_posix_api::imp::mmap::trap:90] [36mmapping_flags: MappingFlags(READ | WRITE | EXECUTE | USER)[m
[m[37m[1733835000.802980 0:5 ruxhal::arch::aarch64::trap:102] [36missue=0xf, vaddr=0x50000008aeb8, cause=INSTRUCTION[m
[m[37m[1733835000.803248 0:5 ruxos_posix_api::imp::mmap::trap:61] [36mPage Fault Happening, vaddr:0x50000008a000, casue:INSTRUCTION, map_flags:MappingFlags(READ | WRITE | EXECUTE | USER)[m
[m[37m[1733835000.803664 0:5 ruxos_posix_api::imp::mmap::trap:90] [36mmapping_flags: MappingFlags(READ | WRITE | EXECUTE | USER)[m
[m[37m[1733835000.803958 0:5 ruxhal::arch::aarch64::trap:102] [36missue=0xf, vaddr=0x50000008aeb8, cause=INSTRUCTION[m
[m[37m[1733835000.804227 0:5 ruxos_posix_api::imp::mmap::trap:61] [36mPage Fault Happening, vaddr:0x50000008a000, casue:INSTRUCTION, map_flags:MappingFlags(READ | WRITE | EXECUTE | USER)[m
[m[37m[1733835000.804677 0:5 ruxos_posix_api::imp::mmap::trap:90] [36mmapping_flags: MappingFlags(READ | WRITE | EXECUTE | USER)[m
[m[37m[1733835000.805009 0:5 ruxhal::arch::aarch64::trap:102] [36missue=0xf, vaddr=0x50000008aeb8, cause=INSTRUCTION[m
[m[37m[1733835000.805290 0:5 ruxos_posix_api::imp::mmap::trap:61] [36mPage Fault Happening, vaddr:0x50000008a000, casue:INSTRUCTION, map_flags:MappingFlags(READ | WRITE | EXECUTE | USER)[m
[m[37m[1733835000.805711 0:5 ruxos_posix_api::imp::mmap::trap:90] [36mmapping_flags: MappingFlags(READ | WRITE | EXECUTE | USER)[m
[m[37m[1733835000.806005 0:5 ruxhal::arch::aarch64::trap:102] [36missue=0xf, vaddr=0x50000008aeb8, cause=INSTRUCTION[m
[m[37m[1733835000.806274 0:5 ruxos_posix_api::imp::mmap::trap:61] [36mPage Fault Happening, vaddr:0x50000008a000, casue:INSTRUCTION, map_flags:MappingFlags(READ | WRITE | EXECUTE | USER)[m
[m[37m[1733835000.806690 0:5 ruxos_posix_api::imp::mmap::trap:90] [36mmapping_flags: MappingFlags(READ | WRITE | EXECUTE | USER)[m
[m[37m[1733835000.806985 0:5 ruxhal::arch::aarch64::trap:102] [36missue=0xf, vaddr=0x50000008aeb8, cause=INSTRUCTION[m
[m[37m[1733835000.807254 0:5 ruxos_posix_api::imp::mmap::trap:61] [36mPage Fault Happening, vaddr:0x50000008a000, casue:INSTRUCTION, map_flags:MappingFlags(READ | WRITE | EXECUTE | USER)[m
[m[37m[1733835000.807671 0:5 ruxos_posix_api::imp::mmap::trap:90] [36mmapping_flags: MappingFlags(READ | WRITE | EXECUTE | USER)[m
[m[37m[1733835000.807966 0:5 ruxhal::arch::aarch64::trap:102] [36missue=0xf, vaddr=0x50000008aeb8, cause=INSTRUCTION[m
[m[37m[1733835000.808234 0:5 ruxos_posix_api::imp::mmap::trap:61] [36mPage Fault Happening, vaddr:0x50000008a000, casue:INSTRUCTION, map_flags:MappingFlags(READ | WRITE | EXECUTE | USER)[m
[m[37m[1733835000.808655 0:5 ruxos_posix_api::imp::mmap::trap:90] [36mmapping_flags: MappingFlags(READ | WRITE | EXECUTE | USER)[m
[m[37m[1733835000.808951 0:5 ruxhal::arch::aarch64::trap:102] [36missue=0xf, vaddr=0x50000008aeb8, cause=INSTRUCTION[m
[m[37m[1733835000.809219 0:5 ruxos_posix_api::imp::mmap::trap:61] [36mPage Fault Happening, vaddr:0x50000008a000, casue:INSTRUCTION, map_flags:MappingFlags(READ | WRITE | EXECUTE | USER)[m
[m[37m[1733835000.809636 0:5 ruxos_posix_api::imp::mmap::trap:90] [36mmapping_flags: MappingFlags(READ | WRITE | EXECUTE | USER)[m
[m[37m[1733835000.809931 0:5 ruxhal::arch::aarch64::trap:102] [36missue=0xf, vaddr=0x50000008aeb8, cause=INSTRUCTION[m
[m[37m[1733835000.810200 0:5 ruxos_posix_api::imp::mmap::trap:61] [36mPage Fault Happening, vaddr:0x50000008a000, casue:INSTRUCTION, map_flags:MappingFlags(READ | WRITE | EXECUTE | USER)[m
[m[37m[1733835000.810617 0:5 ruxos_posix_api::imp::mmap::trap:90] [36mmapping_flags: MappingFlags(READ | WRITE | EXECUTE | USER)[m
[m[37m[1733835000.810910 0:5 ruxhal::arch::aarch64::trap:102] [36missue=0xf, vaddr=0x50000008aeb8, cause=INSTRUCTION[m
[m[37m[1733835000.811178 0:5 ruxos_posix_api::imp::mmap::trap:61] [36mPage Fault Happening, vaddr:0x50000008a000, casue:INSTRUCTION, map_flags:MappingFlags(READ | WRITE | EXECUTE | USER)[m
[m[37m[1733835000.811593 0:5 ruxos_posix_api::imp::mmap::trap:90] [36mmapping_flags: MappingFlags(READ | WRITE | EXECUTE | USER)[m
[m[37m[1733835000.811888 0:5 ruxhal::arch::aarch64::trap:102] [36missue=0xf, vaddr=0x50000008aeb8, cause=INSTRUCTION[m
[m[37m[1733835000.812158 0:5 ruxos_posix_api::imp::mmap::trap:61] [36mPage Fault Happening, vaddr:0x50000008a000, casue:INSTRUCTION, map_flags:MappingFlags(READ | WRITE | EXECUTE | USER)[m
[m[37m[1733835000.812574 0:5 ruxos_posix_api::imp::mmap::trap:90] [36mmapping_flags: MappingFlags(READ | WRITE | EXECUTE | USER)[m
[m[37m[1733835000.812868 0:5 ruxhal::arch::aarch64::trap:102] [36missue=0xf, vaddr=0x50000008aeb8, cause=INSTRUCTION[m
[m[37m[1733835000.813136 0:5 ruxos_posix_api::imp::mmap::trap:61] [36mPage Fault Happening, vaddr:0x50000008a000, casue:INSTRUCTION, map_flags:MappingFlags(READ | WRITE | EXECUTE | USER)[m
[m[37m[1733835000.813555 0:5 ruxos_posix_api::imp::mmap::trap:90] [36mmapping_flags: MappingFlags(READ | WRITE | EXECUTE | USER)[m
[m[37m[1733835000.813851 0:5 ruxhal::arch::aarch64::trap:102] [36missue=0xf, vaddr=0x50000008aeb8, cause=INSTRUCTION[m
[m[37m[1733835000.814119 0:5 ruxos_posix_api::imp::mmap::trap:61] [36mPage Fault Happening, vaddr:0x50000008a000, casue:INSTRUCTION, map_flags:MappingFlags(READ | WRITE | EXECUTE | USER)[m
[m[37m[1733835000.814556 0:5 ruxos_posix_api::imp::mmap::trap:90] [36mmapping_flags: MappingFlags(READ | WRITE | EXECUTE | USER)[m
[m[37m[1733835000.814886 0:5 ruxhal::arch::aarch64::trap:102] [36missue=0xf, vaddr=0x50000008aeb8, cause=INSTRUCTION[m
[m[37m[1733835000.815167 0:5 ruxos_posix_api::imp::mmap::trap:61] [36mPage Fault Happening, vaddr:0x50000008a000, casue:INSTRUCTION, map_flags:MappingFlags(READ | WRITE | EXECUTE | USER)[m
[m[37m[1733835000.815587 0:5 ruxos_posix_api::imp::mmap::trap:90] [36mmapping_flags: MappingFlags(READ | WRITE | EXECUTE | USER)[m
[m[37m[1733835000.815884 0:5 ruxhal::arch::aarch64::trap:102] [36missue=0xf, vaddr=0x50000008aeb8, cause=INSTRUCTION[m
[m[37m[1733835000.816163 0:5 ruxos_posix_api::imp::mmap::trap:61] [36mPage Fault Happening, vaddr:0x50000008a000, casue:INSTRUCTION, map_flags:MappingFlags(READ | WRITE | EXECUTE | USER)[m
[m[37m[1733835000.816582 0:5 ruxos_posix_api::imp::mmap::trap:90] [36mmapping_flags: MappingFlags(READ | WRITE | EXECUTE | USER)[m
[m[37m[1733835000.816878 0:5 ruxhal::arch::aarch64::trap:102] [36missue=0xf, vaddr=0x50000008aeb8, cause=INSTRUCTION[m
[m[37m[1733835000.817147 0:5 ruxos_posix_api::imp::mmap::trap:61] [36mPage Fault Happening, vaddr:0x50000008a000, casue:INSTRUCTION, map_flags:MappingFlags(READ | WRITE | EXECUTE | USER)[m
[m[37m[1733835000.817565 0:5 ruxos_posix_api::imp::mmap::trap:90] [36mmapping_flags: MappingFlags(READ | WRITE | EXECUTE | USER)[m
[m[37m[1733835000.817860 0:5 ruxhal::arch::aarch64::trap:102] [36missue=0xf, vaddr=0x50000008aeb8, cause=INSTRUCTION[m
[m[37m[1733835000.818128 0:5 ruxos_posix_api::imp::mmap::trap:61] [36mPage Fault Happening, vaddr:0x50000008a000, casue:INSTRUCTION, map_flags:MappingFlags(READ | WRITE | EXECUTE | USER)[m
[m[37m[1733835000.818545 0:5 ruxos_posix_api::imp::mmap::trap:90] [36mmapping_flags: MappingFlags(READ | WRITE | EXECUTE | USER)[m
[m[37m[1733835000.818841 0:5 ruxhal::arch::aarch64::trap:102] [36missue=0xf, vaddr=0x50000008aeb8, cause=INSTRUCTION[m
[m[37m[1733835000.819110 0:5 ruxos_posix_api::imp::mmap::trap:61] [36mPage Fault Happening, vaddr:0x50000008a000, casue:INSTRUCTION, map_flags:MappingFlags(READ | WRITE | EXECUTE | USER)[m
[m[37m[1733835000.819528 0:5 ruxos_posix_api::imp::mmap::trap:90] [36mmapping_flags: MappingFlags(READ | WRITE | EXECUTE | USER)[m
[m[37m[1733835000.819822 0:5 ruxhal::arch::aarch64::trap:102] [36missue=0xf, vaddr=0x50000008aeb8, cause=INSTRUCTION[m
[m[37m[1733835000.820091 0:5 ruxos_posix_api::imp::mmap::trap:61] [36mPage Fault Happening, vaddr:0x50000008a000, casue:INSTRUCTION, map_flags:MappingFlags(READ | WRITE | EXECUTE | USER)[m
[m[37m[1733835000.820508 0:5 ruxos_posix_api::imp::mmap::trap:90] [36mmapping_flags: MappingFlags(READ | WRITE | EXECUTE | USER)[m
[m[37m[1733835000.820804 0:5 ruxhal::arch::aarch64::trap:102] [36missue=0xf, vaddr=0x50000008aeb8, cause=INSTRUCTION[m
[m[37m[1733835000.821073 0:5 ruxos_posix_api::imp::mmap::trap:61] [36mPage Fault Happening, vaddr:0x50000008a000, casue:INSTRUCTION, map_flags:MappingFlags(READ | WRITE | EXECUTE | USER)[m
[m[37m[1733835000.821490 0:5 ruxos_posix_api::imp::mmap::trap:90] [36mmapping_flags: MappingFlags(READ | WRITE | EXECUTE | USER)[m
[m[37m[1733835000.821786 0:5 ruxhal::arch::aarch64::trap:102] [36missue=0xf, vaddr=0x50000008aeb8, cause=INSTRUCTION[m
[m[37m[1733835000.822053 0:5 ruxos_posix_api::imp::mmap::trap:61] [36mPage Fault Happening, vaddr:0x50000008a000, casue:INSTRUCTION, map_flags:MappingFlags(READ | WRITE | EXECUTE | USER)[m
[m[37m[1733835000.822471 0:5 ruxos_posix_api::imp::mmap::trap:90] [36mmapping_flags: MappingFlags(READ | WRITE | EXECUTE | USER)[m
[m[37m[1733835000.822765 0:5 ruxhal::arch::aarch64::trap:102] [36missue=0xf, vaddr=0x50000008aeb8, cause=INSTRUCTION[m
[m[37m[1733835000.823033 0:5 ruxos_posix_api::imp::mmap::trap:61] [36mPage Fault Happening, vaddr:0x50000008a000, casue:INSTRUCTION, map_flags:MappingFlags(READ | WRITE | EXECUTE | USER)[m
[m[37m[1733835000.823452 0:5 ruxos_posix_api::imp::mmap::trap:90] [36mmapping_flags: MappingFlags(READ | WRITE | EXECUTE | USER)[m
[m[37m[1733835000.823747 0:5 ruxhal::arch::aarch64::trap:102] [36missue=0xf, vaddr=0x50000008aeb8, cause=INSTRUCTION[m
[m[37m[1733835000.824014 0:5 ruxos_posix_api::imp::mmap::trap:61] [36mPage Fault Happening, vaddr:0x50000008a000, casue:INSTRUCTION, map_flags:MappingFlags(READ | WRITE | EXECUTE | USER)[m
[m[37m[1733835000.824431 0:5 ruxos_posix_api::imp::mmap::trap:90] [36mmapping_flags: MappingFlags(READ | WRITE | EXECUTE | USER)[m
[m[37m[1733835000.824794 0:5 ruxhal::arch::aarch64::trap:102] [36missue=0xf, vaddr=0x50000008aeb8, cause=INSTRUCTION[m
[m[37m[1733835000.825062 0:5 ruxos_posix_api::imp::mmap::trap:61] [36mPage Fault Happening, vaddr:0x50000008a000, casue:INSTRUCTION, map_flags:MappingFlags(READ | WRITE | EXECUTE | USER)[m
[m[37m[1733835000.825481 0:5 ruxos_posix_api::imp::mmap::trap:90] [36mmapping_flags: MappingFlags(READ | WRITE | EXECUTE | USER)[m
[m[37m[1733835000.825775 0:5 ruxhal::arch::aarch64::trap:102] [36missue=0xf, vaddr=0x50000008aeb8, cause=INSTRUCTION[m
[m[37m[1733835000.826044 0:5 ruxos_posix_api::imp::mmap::trap:61] [36mPage Fault Happening, vaddr:0x50000008a000, casue:INSTRUCTION, map_flags:MappingFlags(READ | WRITE | EXECUTE | USER)[m
[m[37m[1733835000.826461 0:5 ruxos_posix_api::imp::mmap::trap:90] [36mmapping_flags: MappingFlags(READ | WRITE | EXECUTE | USER)[m
[m[37m[1733835000.826755 0:5 ruxhal::arch::aarch64::trap:102] [36missue=0xf, vaddr=0x50000008aeb8, cause=INSTRUCTION[m
[m[37m[1733835000.827023 0:5 ruxos_posix_api::imp::mmap::trap:61] [36mPage Fault Happening, vaddr:0x50000008a000, casue:INSTRUCTION, map_flags:MappingFlags(READ | WRITE | EXECUTE | USER)[m
[m[37m[1733835000.827439 0:5 ruxos_posix_api::imp::mmap::trap:90] [36mmapping_flags: MappingFlags(READ | WRITE | EXECUTE | USER)[m
[m[37m[1733835000.827733 0:5 ruxhal::arch::aarch64::trap:102] [36missue=0xf, vaddr=0x50000008aeb8, cause=INSTRUCTION[m
[m[37m[1733835000.828000 0:5 ruxos_posix_api::imp::mmap::trap:61] [36mPage Fault Happening, vaddr:0x50000008a000, casue:INSTRUCTION, map_flags:MappingFlags(READ | WRITE | EXECUTE | USER)[m
[m[37m[1733835000.828417 0:5 ruxos_posix_api::imp::mmap::trap:90] [36mmapping_flags: MappingFlags(READ | WRITE | EXECUTE | USER)[m
[m[37m[1733835000.828713 0:5 ruxhal::arch::aarch64::trap:102] [36missue=0xf, vaddr=0x50000008aeb8, cause=INSTRUCTION[m
[m[37m[1733835000.828983 0:5 ruxos_posix_api::imp::mmap::trap:61] [36mPage Fault Happening, vaddr:0x50000008a000, casue:INSTRUCTION, map_flags:MappingFlags(READ | WRITE | EXECUTE | USER)[m
[m[37m[1733835000.829398 0:5 ruxos_posix_api::imp::mmap::trap:90] [36mmapping_flags: MappingFlags(READ | WRITE | EXECUTE | USER)[m
[m[37m[1733835000.829693 0:5 ruxhal::arch::aarch64::trap:102] [36missue=0xf, vaddr=0x50000008aeb8, cause=INSTRUCTION[m
[m[37m[1733835000.829961 0:5 ruxos_posix_api::imp::mmap::trap:61] [36mPage Fault Happening, vaddr:0x50000008a000, casue:INSTRUCTION, map_flags:MappingFlags(READ | WRITE | EXECUTE | USER)[m
[m[37m[1733835000.830379 0:5 ruxos_posix_api::imp::mmap::trap:90] [36mmapping_flags: MappingFlags(READ | WRITE | EXECUTE | USER)[m
[m[37m[1733835000.830674 0:5 ruxhal::arch::aarch64::trap:102] [36missue=0xf, vaddr=0x50000008aeb8, cause=INSTRUCTION[m
[m[37m[1733835000.830942 0:5 ruxos_posix_api::imp::mmap::trap:61] [36mPage Fault Happening, vaddr:0x50000008a000, casue:INSTRUCTION, map_flags:MappingFlags(READ | WRITE | EXECUTE | USER)[m
[m[37m[1733835000.831360 0:5 ruxos_posix_api::imp::mmap::trap:90] [36mmapping_flags: MappingFlags(READ | WRITE | EXECUTE | USER)[m
[m[37m[1733835000.831655 0:5 ruxhal::arch::aarch64::trap:102] [36missue=0xf, vaddr=0x50000008aeb8, cause=INSTRUCTION[m
[m[37m[1733835000.831923 0:5 ruxos_posix_api::imp::mmap::trap:61] [36mPage Fault Happening, vaddr:0x50000008a000, casue:INSTRUCTION, map_flags:MappingFlags(READ | WRITE | EXECUTE | USER)[m
[m[37m[1733835000.832343 0:5 ruxos_posix_api::imp::mmap::trap:90] [36mmapping_flags: MappingFlags(READ | WRITE | EXECUTE | USER)[m
[m[37m[1733835000.832636 0:5 ruxhal::arch::aarch64::trap:102] [36missue=0xf, vaddr=0x50000008aeb8, cause=INSTRUCTION[m
[m[37m[1733835000.832905 0:5 ruxos_posix_api::imp::mmap::trap:61] [36mPage Fault Happening, vaddr:0x50000008a000, casue:INSTRUCTION, map_flags:MappingFlags(READ | WRITE | EXECUTE | USER)[m
[m[37m[1733835000.833322 0:5 ruxos_posix_api::imp::mmap::trap:90] [36mmapping_flags: MappingFlags(READ | WRITE | EXECUTE | USER)[m
[m[37m[1733835000.833618 0:5 ruxhal::arch::aarch64::trap:102] [36missue=0xf, vaddr=0x50000008aeb8, cause=INSTRUCTION[m
[m[37m[1733835000.833888 0:5 ruxos_posix_api::imp::mmap::trap:61] [36mPage Fault Happening, vaddr:0x50000008a000, casue:INSTRUCTION, map_flags:MappingFlags(READ | WRITE | EXECUTE | USER)[m
[m[37m[1733835000.834307 0:5 ruxos_posix_api::imp::mmap::trap:90] [36mmapping_flags: MappingFlags(READ | WRITE | EXECUTE | USER)[m
[m[37m[1733835000.834634 0:5 ruxhal::arch::aarch64::trap:102] [36missue=0xf, vaddr=0x50000008aeb8, cause=INSTRUCTION[m
[m[37m[1733835000.834904 0:5 ruxos_posix_api::imp::mmap::trap:61] [36mPage Fault Happening, vaddr:0x50000008a000, casue:INSTRUCTION, map_flags:MappingFlags(READ | WRITE | EXECUTE | USER)[m
[m[37m[1733835000.835323 0:5 ruxos_posix_api::imp::mmap::trap:90] [36mmapping_flags: MappingFlags(READ | WRITE | EXECUTE | USER)[m
[m[37m[1733835000.835621 0:5 ruxhal::arch::aarch64::trap:102] [36missue=0xf, vaddr=0x50000008aeb8, cause=INSTRUCTION[m
[m[37m[1733835000.835889 0:5 ruxos_posix_api::imp::mmap::trap:61] [36mPage Fault Happening, vaddr:0x50000008a000, casue:INSTRUCTION, map_flags:MappingFlags(READ | WRITE | EXECUTE | USER)[m
[m[37m[1733835000.836307 0:5 ruxos_posix_api::imp::mmap::trap:90] [36mmapping_flags: MappingFlags(READ | WRITE | EXECUTE | USER)[m
[m[37m[1733835000.836602 0:5 ruxhal::arch::aarch64::trap:102] [36missue=0xf, vaddr=0x50000008aeb8, cause=INSTRUCTION[m
[m[37m[1733835000.836869 0:5 ruxos_posix_api::imp::mmap::trap:61] [36mPage Fault Happening, vaddr:0x50000008a000, casue:INSTRUCTION, map_flags:MappingFlags(READ | WRITE | EXECUTE | USER)[m
[m[37m[1733835000.837285 0:5 ruxos_posix_api::imp::mmap::trap:90] [36mmapping_flags: MappingFlags(READ | WRITE | EXECUTE | USER)[m
[m[37m[1733835000.837580 0:5 ruxhal::arch::aarch64::trap:102] [36missue=0xf, vaddr=0x50000008aeb8, cause=INSTRUCTION[m
[m[37m[1733835000.837847 0:5 ruxos_posix_api::imp::mmap::trap:61] [36mPage Fault Happening, vaddr:0x50000008a000, casue:INSTRUCTION, map_flags:MappingFlags(READ | WRITE | EXECUTE | USER)[m
[m[37m[1733835000.838266 0:5 ruxos_posix_api::imp::mmap::trap:90] [36mmapping_flags: MappingFlags(READ | WRITE | EXECUTE | USER)[m
[m[37m[1733835000.838562 0:5 ruxhal::arch::aarch64::trap:102] [36missue=0xf, vaddr=0x50000008aeb8, cause=INSTRUCTION[m
[m[37m[1733835000.838833 0:5 ruxos_posix_api::imp::mmap::trap:61] [36mPage Fault Happening, vaddr:0x50000008a000, casue:INSTRUCTION, map_flags:MappingFlags(READ | WRITE | EXECUTE | USER)[m
[m[37m[1733835000.839250 0:5 ruxos_posix_api::imp::mmap::trap:90] [36mmapping_flags: MappingFlags(READ | WRITE | EXECUTE | USER)[m
[m[37m[1733835000.839546 0:5 ruxhal::arch::aarch64::trap:102] [36missue=0xf, vaddr=0x50000008aeb8, cause=INSTRUCTION[m
[m[37m[1733835000.839814 0:5 ruxos_posix_api::imp::mmap::trap:61] [36mPage Fault Happening, vaddr:0x50000008a000, casue:INSTRUCTION, map_flags:MappingFlags(READ | WRITE | EXECUTE | USER)[m
[m[37m[1733835000.840232 0:5 ruxos_posix_api::imp::mmap::trap:90] [36mmapping_flags: MappingFlags(READ | WRITE | EXECUTE | USER)[m
[m[37m[1733835000.840526 0:5 ruxhal::arch::aarch64::trap:102] [36missue=0xf, vaddr=0x50000008aeb8, cause=INSTRUCTION[m
[m[37m[1733835000.840794 0:5 ruxos_posix_api::imp::mmap::trap:61] [36mPage Fault Happening, vaddr:0x50000008a000, casue:INSTRUCTION, map_flags:MappingFlags(READ | WRITE | EXECUTE | USER)[m
[m[37m[1733835000.841211 0:5 ruxos_posix_api::imp::mmap::trap:90] [36mmapping_flags: MappingFlags(READ | WRITE | EXECUTE | USER)[m
[m[37m[1733835000.841506 0:5 ruxhal::arch::aarch64::trap:102] [36missue=0xf, vaddr=0x50000008aeb8, cause=INSTRUCTION[m
[m[37m[1733835000.841774 0:5 ruxos_posix_api::imp::mmap::trap:61] [36mPage Fault Happening, vaddr:0x50000008a000, casue:INSTRUCTION, map_flags:MappingFlags(READ | WRITE | EXECUTE | USER)[m
[m[37m[1733835000.842193 0:5 ruxos_posix_api::imp::mmap::trap:90] [36mmapping_flags: MappingFlags(READ | WRITE | EXECUTE | USER)[m
[m[37m[1733835000.842487 0:5 ruxhal::arch::aarch64::trap:102] [36missue=0xf, vaddr=0x50000008aeb8, cause=INSTRUCTION[m
[m[37m[1733835000.842755 0:5 ruxos_posix_api::imp::mmap::trap:61] [36mPage Fault Happening, vaddr:0x50000008a000, casue:INSTRUCTION, map_flags:MappingFlags(READ | WRITE | EXECUTE | USER)[m
[m[37m[1733835000.843173 0:5 ruxos_posix_api::imp::mmap::trap:90] [36mmapping_flags: MappingFlags(READ | WRITE | EXECUTE | USER)[m
[m[37m[1733835000.843466 0:5 ruxhal::arch::aarch64::trap:102] [36missue=0xf, vaddr=0x50000008aeb8, cause=INSTRUCTION[m
[m[37m[1733835000.843734 0:5 ruxos_posix_api::imp::mmap::trap:61] [36mPage Fault Happening, vaddr:0x50000008a000, casue:INSTRUCTION, map_flags:MappingFlags(READ | WRITE | EXECUTE | USER)[m
[m[37m[1733835000.844153 0:5 ruxos_posix_api::imp::mmap::trap:90] [36mmapping_flags: MappingFlags(READ | WRITE | EXECUTE | USER)[m
[m[37m[1733835000.844448 0:5 ruxhal::arch::aarch64::trap:102] [36missue=0xf, vaddr=0x50000008aeb8, cause=INSTRUCTION[m
[m[37m[1733835000.844762 0:5 ruxos_posix_api::imp::mmap::trap:61] [36mPage Fault Happening, vaddr:0x50000008a000, casue:INSTRUCTION, map_flags:MappingFlags(READ | WRITE | EXECUTE | USER)[m
[m[37m[1733835000.845221 0:5 ruxos_posix_api::imp::mmap::trap:90] [36mmapping_flags: MappingFlags(READ | WRITE | EXECUTE | USER)[m
[m[37m[1733835000.845559 0:5 ruxhal::arch::aarch64::trap:102] [36missue=0xf, vaddr=0x50000008aeb8, cause=INSTRUCTION[m
[m[37m[1733835000.845828 0:5 ruxos_posix_api::imp::mmap::trap:61] [36mPage Fault Happening, vaddr:0x50000008a000, casue:INSTRUCTION, map_flags:MappingFlags(READ | WRITE | EXECUTE | USER)[m
[m[37m[1733835000.846246 0:5 ruxos_posix_api::imp::mmap::trap:90] [36mmapping_flags: MappingFlags(READ | WRITE | EXECUTE | USER)[m
[m[37m[1733835000.846540 0:5 ruxhal::arch::aarch64::trap:102] [36missue=0xf, vaddr=0x50000008aeb8, cause=INSTRUCTION[m
[m[37m[1733835000.846808 0:5 ruxos_posix_api::imp::mmap::trap:61] [36mPage Fault Happening, vaddr:0x50000008a000, casue:INSTRUCTION, map_flags:MappingFlags(READ | WRITE | EXECUTE | USER)[m
[m[37m[1733835000.847224 0:5 ruxos_posix_api::imp::mmap::trap:90] [36mmapping_flags: MappingFlags(READ | WRITE | EXECUTE | USER)[m
[m[37m[1733835000.847518 0:5 ruxhal::arch::aarch64::trap:102] [36missue=0xf, vaddr=0x50000008aeb8, cause=INSTRUCTION[m
[m[37m[1733835000.847786 0:5 ruxos_posix_api::imp::mmap::trap:61] [36mPage Fault Happening, vaddr:0x50000008a000, casue:INSTRUCTION, map_flags:MappingFlags(READ | WRITE | EXECUTE | USER)[m
[m[37m[1733835000.848203 0:5 ruxos_posix_api::imp::mmap::trap:90] [36mmapping_flags: MappingFlags(READ | WRITE | EXECUTE | USER)[m
[m[37m[1733835000.848497 0:5 ruxhal::arch::aarch64::trap:102] [36missue=0xf, vaddr=0x50000008aeb8, cause=INSTRUCTION[m
[m[37m[1733835000.848765 0:5 ruxos_posix_api::imp::mmap::trap:61] [36mPage Fault Happening, vaddr:0x50000008a000, casue:INSTRUCTION, map_flags:MappingFlags(READ | WRITE | EXECUTE | USER)[m
[m[37m[1733835000.849185 0:5 ruxos_posix_api::imp::mmap::trap:90] [36mmapping_flags: MappingFlags(READ | WRITE | EXECUTE | USER)[m
[m[37m[1733835000.849484 0:5 ruxhal::arch::aarch64::trap:102] [36missue=0xf, vaddr=0x50000008aeb8, cause=INSTRUCTION[m
[m[37m[1733835000.849754 0:5 ruxos_posix_api::imp::mmap::trap:61] [36mPage Fault Happening, vaddr:0x50000008a000, casue:INSTRUCTION, map_flags:MappingFlags(READ | WRITE | EXECUTE | USER)[m
[m[37m[1733835000.850177 0:5 ruxos_posix_api::imp::mmap::trap:90] [36mmapping_flags: MappingFlags(READ | WRITE | EXECUTE | USER)[m
[m[37m[1733835000.850473 0:5 ruxhal::arch::aarch64::trap:102] [36missue=0xf, vaddr=0x50000008aeb8, cause=INSTRUCTION[m
[m[37m[1733835000.850747 0:5 ruxos_posix_api::imp::mmap::trap:61] [36mPage Fault Happening, vaddr:0x50000008a000, casue:INSTRUCTION, map_flags:MappingFlags(READ | WRITE | EXECUTE | USER)[m
[m[37m[1733835000.851176 0:5 ruxos_posix_api::imp::mmap::trap:90] [36mmapping_flags: MappingFlags(READ | WRITE | EXECUTE | USER)[m
[m[37m[1733835000.851479 0:5 ruxhal::arch::aarch64::trap:102] [36missue=0xf, vaddr=0x50000008aeb8, cause=INSTRUCTION[m
[m[37m[1733835000.851748 0:5 ruxos_posix_api::imp::mmap::trap:61] [36mPage Fault Happening, vaddr:0x50000008a000, casue:INSTRUCTION, map_flags:MappingFlags(READ | WRITE | EXECUTE | USER)[m
[m[37m[1733835000.852171 0:5 ruxos_posix_api::imp::mmap::trap:90] [36mmapping_flags: MappingFlags(READ | WRITE | EXECUTE | USER)[m
[m[37m[1733835000.852467 0:5 ruxhal::arch::aarch64::trap:102] [36missue=0xf, vaddr=0x50000008aeb8, cause=INSTRUCTION[m
[m[37m[1733835000.852735 0:5 ruxos_posix_api::imp::mmap::trap:61] [36mPage Fault Happening, vaddr:0x50000008a000, casue:INSTRUCTION, map_flags:MappingFlags(READ | WRITE | EXECUTE | USER)[m
[m[37m[1733835000.853155 0:5 ruxos_posix_api::imp::mmap::trap:90] [36mmapping_flags: MappingFlags(READ | WRITE | EXECUTE | USER)[m
[m[37m[1733835000.853450 0:5 ruxhal::arch::aarch64::trap:102] [36missue=0xf, vaddr=0x50000008aeb8, cause=INSTRUCTION[m
[m[37m[1733835000.853718 0:5 ruxos_posix_api::imp::mmap::trap:61] [36mPage Fault Happening, vaddr:0x50000008a000, casue:INSTRUCTION, map_flags:MappingFlags(READ | WRITE | EXECUTE | USER)[m
[m[37m[1733835000.854136 0:5 ruxos_posix_api::imp::mmap::trap:90] [36mmapping_flags: MappingFlags(READ | WRITE | EXECUTE | USER)[m
[m[37m[1733835000.854430 0:5 ruxhal::arch::aarch64::trap:102] [36missue=0xf, vaddr=0x50000008aeb8, cause=INSTRUCTION[m
[m[37m[1733835000.854747 0:5 ruxos_posix_api::imp::mmap::trap:61] [36mPage Fault Happening, vaddr:0x50000008a000, casue:INSTRUCTION, map_flags:MappingFlags(READ | WRITE | EXECUTE | USER)[m
[m[37m[1733835000.855208 0:5 ruxos_posix_api::imp::mmap::trap:90] [36mmapping_flags: MappingFlags(READ | WRITE | EXECUTE | USER)[m
[m[37m[1733835000.855546 0:5 ruxhal::arch::aarch64::trap:102] [36missue=0xf, vaddr=0x50000008aeb8, cause=INSTRUCTION[m
[m[37m[1733835000.855815 0:5 ruxos_posix_api::imp::mmap::trap:61] [36mPage Fault Happening, vaddr:0x50000008a000, casue:INSTRUCTION, map_flags:MappingFlags(READ | WRITE | EXECUTE | USER)[m
[m[37m[1733835000.856234 0:5 ruxos_posix_api::imp::mmap::trap:90] [36mmapping_flags: MappingFlags(READ | WRITE | EXECUTE | USER)[m
[m[37m[1733835000.856528 0:5 ruxhal::arch::aarch64::trap:102] [36missue=0xf, vaddr=0x50000008aeb8, cause=INSTRUCTION[m
[m[37m[1733835000.856796 0:5 ruxos_posix_api::imp::mmap::trap:61] [36mPage Fault Happening, vaddr:0x50000008a000, casue:INSTRUCTION, map_flags:MappingFlags(READ | WRITE | EXECUTE | USER)[m
[m[37m[1733835000.857215 0:5 ruxos_posix_api::imp::mmap::trap:90] [36mmapping_flags: MappingFlags(READ | WRITE | EXECUTE | USER)[m
[m[37m[1733835000.857513 0:5 ruxhal::arch::aarch64::trap:102] [36missue=0xf, vaddr=0x50000008aeb8, cause=INSTRUCTION[m
[m[37m[1733835000.857782 0:5 ruxos_posix_api::imp::mmap::trap:61] [36mPage Fault Happening, vaddr:0x50000008a000, casue:INSTRUCTION, map_flags:MappingFlags(READ | WRITE | EXECUTE | USER)[m
[m[37m[1733835000.858200 0:5 ruxos_posix_api::imp::mmap::trap:90] [36mmapping_flags: MappingFlags(READ | WRITE | EXECUTE | USER)[m
[m[37m[1733835000.858494 0:5 ruxhal::arch::aarch64::trap:102] [36missue=0xf, vaddr=0x50000008aeb8, cause=INSTRUCTION[m
[m[37m[1733835000.858762 0:5 ruxos_posix_api::imp::mmap::trap:61] [36mPage Fault Happening, vaddr:0x50000008a000, casue:INSTRUCTION, map_flags:MappingFlags(READ | WRITE | EXECUTE | USER)[m
[m[37m[1733835000.859182 0:5 ruxos_posix_api::imp::mmap::trap:90] [36mmapping_flags: MappingFlags(READ | WRITE | EXECUTE | USER)[m
[m[37m[1733835000.859477 0:5 ruxhal::arch::aarch64::trap:102] [36missue=0xf, vaddr=0x50000008aeb8, cause=INSTRUCTION[m
[m[37m[1733835000.859745 0:5 ruxos_posix_api::imp::mmap::trap:61] [36mPage Fault Happening, vaddr:0x50000008a000, casue:INSTRUCTION, map_flags:MappingFlags(READ | WRITE | EXECUTE | USER)[m
[m[37m[1733835000.860161 0:5 ruxos_posix_api::imp::mmap::trap:90] [36mmapping_flags: MappingFlags(READ | WRITE | EXECUTE | USER)[m
[m[37m[1733835000.860454 0:5 ruxhal::arch::aarch64::trap:102] [36missue=0xf, vaddr=0x50000008aeb8, cause=INSTRUCTION[m
[m[37m[1733835000.860723 0:5 ruxos_posix_api::imp::mmap::trap:61] [36mPage Fault Happening, vaddr:0x50000008a000, casue:INSTRUCTION, map_flags:MappingFlags(READ | WRITE | EXECUTE | USER)[m
[m[37m[1733835000.861142 0:5 ruxos_posix_api::imp::mmap::trap:90] [36mmapping_flags: MappingFlags(READ | WRITE | EXECUTE | USER)[m
[m[37m[1733835000.861438 0:5 ruxhal::arch::aarch64::trap:102] [36missue=0xf, vaddr=0x50000008aeb8, cause=INSTRUCTION[m
[m[37m[1733835000.861707 0:5 ruxos_posix_api::imp::mmap::trap:61] [36mPage Fault Happening, vaddr:0x50000008a000, casue:INSTRUCTION, map_flags:MappingFlags(READ | WRITE | EXECUTE | USER)[m
[m[37m[1733835000.862126 0:5 ruxos_posix_api::imp::mmap::trap:90] [36mmapping_flags: MappingFlags(READ | WRITE | EXECUTE | USER)[m
[m[37m[1733835000.862423 0:5 ruxhal::arch::aarch64::trap:102] [36missue=0xf, vaddr=0x50000008aeb8, cause=INSTRUCTION[m
[m[37m[1733835000.862692 0:5 ruxos_posix_api::imp::mmap::trap:61] [36mPage Fault Happening, vaddr:0x50000008a000, casue:INSTRUCTION, map_flags:MappingFlags(READ | WRITE | EXECUTE | USER)[m
[m[37m[1733835000.863109 0:5 ruxos_posix_api::imp::mmap::trap:90] [36mmapping_flags: MappingFlags(READ | WRITE | EXECUTE | USER)[m
[m[37m[1733835000.863403 0:5 ruxhal::arch::aarch64::trap:102] [36missue=0xf, vaddr=0x50000008aeb8, cause=INSTRUCTION[m
[m[37m[1733835000.863671 0:5 ruxos_posix_api::imp::mmap::trap:61] [36mPage Fault Happening, vaddr:0x50000008a000, casue:INSTRUCTION, map_flags:MappingFlags(READ | WRITE | EXECUTE | USER)[m
[m[37m[1733835000.864087 0:5 ruxos_posix_api::imp::mmap::trap:90] [36mmapping_flags: MappingFlags(READ | WRITE | EXECUTE | USER)[m
[m[37m[1733835000.864382 0:5 ruxhal::arch::aarch64::trap:102] [36missue=0xf, vaddr=0x50000008aeb8, cause=INSTRUCTION[m
[m[37m[1733835000.864684 0:5 ruxos_posix_api::imp::mmap::trap:61] [36mPage Fault Happening, vaddr:0x50000008a000, casue:INSTRUCTION, map_flags:MappingFlags(READ | WRITE | EXECUTE | USER)[m
[m[37m[1733835000.865144 0:5 ruxos_posix_api::imp::mmap::trap:90] [36mmapping_flags: MappingFlags(READ | WRITE | EXECUTE | USER)[m
[m[37m[1733835000.865477 0:5 ruxhal::arch::aarch64::trap:102] [36missue=0xf, vaddr=0x50000008aeb8, cause=INSTRUCTION[m
[m[37m[1733835000.865778 0:5 ruxos_posix_api::imp::mmap::trap:61] [36mPage Fault Happening, vaddr:0x50000008a000, casue:INSTRUCTION, map_flags:MappingFlags(READ | WRITE | EXECUTE | USER)[m
[m[37m[1733835000.866195 0:5 ruxos_posix_api::imp::mmap::trap:90] [36mmapping_flags: MappingFlags(READ | WRITE | EXECUTE | USER)[m
[m[37m[1733835000.866490 0:5 ruxhal::arch::aarch64::trap:102] [36missue=0xf, vaddr=0x50000008aeb8, cause=INSTRUCTION[m
[m[37m[1733835000.866759 0:5 ruxos_posix_api::imp::mmap::trap:61] [36mPage Fault Happening, vaddr:0x50000008a000, casue:INSTRUCTION, map_flags:MappingFlags(READ | WRITE | EXECUTE | USER)[m
[m[37m[1733835000.867182 0:5 ruxos_posix_api::imp::mmap::trap:90] [36mmapping_flags: MappingFlags(READ | WRITE | EXECUTE | USER)[m
[m[37m[1733835000.867477 0:5 ruxhal::arch::aarch64::trap:102] [36missue=0xf, vaddr=0x50000008aeb8, cause=INSTRUCTION[m
[m[37m[1733835000.867744 0:5 ruxos_posix_api::imp::mmap::trap:61] [36mPage Fault Happening, vaddr:0x50000008a000, casue:INSTRUCTION, map_flags:MappingFlags(READ | WRITE | EXECUTE | USER)[m
[m[37m[1733835000.868162 0:5 ruxos_posix_api::imp::mmap::trap:90] [36mmapping_flags: MappingFlags(READ | WRITE | EXECUTE | USER)[m
[m[37m[1733835000.868457 0:5 ruxhal::arch::aarch64::trap:102] [36missue=0xf, vaddr=0x50000008aeb8, cause=INSTRUCTION[m
[m[37m[1733835000.868726 0:5 ruxos_posix_api::imp::mmap::trap:61] [36mPage Fault Happening, vaddr:0x50000008a000, casue:INSTRUCTION, map_flags:MappingFlags(READ | WRITE | EXECUTE | USER)[m
[m[37m[1733835000.869145 0:5 ruxos_posix_api::imp::mmap::trap:90] [36mmapping_flags: MappingFlags(READ | WRITE | EXECUTE | USER)[m
[m[37m[1733835000.869440 0:5 ruxhal::arch::aarch64::trap:102] [36missue=0xf, vaddr=0x50000008aeb8, cause=INSTRUCTION[m
[m[37m[1733835000.869708 0:5 ruxos_posix_api::imp::mmap::trap:61] [36mPage Fault Happening, vaddr:0x50000008a000, casue:INSTRUCTION, map_flags:MappingFlags(READ | WRITE | EXECUTE | USER)[m
[m[37m[1733835000.870124 0:5 ruxos_posix_api::imp::mmap::trap:90] [36mmapping_flags: MappingFlags(READ | WRITE | EXECUTE | USER)[m
[m[37m[1733835000.870418 0:5 ruxhal::arch::aarch64::trap:102] [36missue=0xf, vaddr=0x50000008aeb8, cause=INSTRUCTION[m
[m[37m[1733835000.870687 0:5 ruxos_posix_api::imp::mmap::trap:61] [36mPage Fault Happening, vaddr:0x50000008a000, casue:INSTRUCTION, map_flags:MappingFlags(READ | WRITE | EXECUTE | USER)[m
[m[37m[1733835000.871108 0:5 ruxos_posix_api::imp::mmap::trap:90] [36mmapping_flags: MappingFlags(READ | WRITE | EXECUTE | USER)[m
[m[37m[1733835000.871403 0:5 ruxhal::arch::aarch64::trap:102] [36missue=0xf, vaddr=0x50000008aeb8, cause=INSTRUCTION[m
[m[37m[1733835000.871673 0:5 ruxos_posix_api::imp::mmap::trap:61] [36mPage Fault Happening, vaddr:0x50000008a000, casue:INSTRUCTION, map_flags:MappingFlags(READ | WRITE | EXECUTE | USER)[m
[m[37m[1733835000.872089 0:5 ruxos_posix_api::imp::mmap::trap:90] [36mmapping_flags: MappingFlags(READ | WRITE | EXECUTE | USER)[m
[m[37m[1733835000.872386 0:5 ruxhal::arch::aarch64::trap:102] [36missue=0xf, vaddr=0x50000008aeb8, cause=INSTRUCTION[m
[m[37m[1733835000.872654 0:5 ruxos_posix_api::imp::mmap::trap:61] [36mPage Fault Happening, vaddr:0x50000008a000, casue:INSTRUCTION, map_flags:MappingFlags(READ | WRITE | EXECUTE | USER)[m
[m[37m[1733835000.873072 0:5 ruxos_posix_api::imp::mmap::trap:90] [36mmapping_flags: MappingFlags(READ | WRITE | EXECUTE | USER)[m
[m[37m[1733835000.873366 0:5 ruxhal::arch::aarch64::trap:102] [36missue=0xf, vaddr=0x50000008aeb8, cause=INSTRUCTION[m
[m[37m[1733835000.873634 0:5 ruxos_posix_api::imp::mmap::trap:61] [36mPage Fault Happening, vaddr:0x50000008a000, casue:INSTRUCTION, map_flags:MappingFlags(READ | WRITE | EXECUTE | USER)[m
[m[37m[1733835000.874053 0:5 ruxos_posix_api::imp::mmap::trap:90] [36mmapping_flags: MappingFlags(READ | WRITE | EXECUTE | USER)[m
[m[37m[1733835000.874348 0:5 ruxhal::arch::aarch64::trap:102] [36missue=0xf, vaddr=0x50000008aeb8, cause=INSTRUCTION[m
[m[37m[1733835000.874647 0:5 ruxos_posix_api::imp::mmap::trap:61] [36mPage Fault Happening, vaddr:0x50000008a000, casue:INSTRUCTION, map_flags:MappingFlags(READ | WRITE | EXECUTE | USER)[m
[m[37m[1733835000.875105 0:5 ruxos_posix_api::imp::mmap::trap:90] [36mmapping_flags: MappingFlags(READ | WRITE | EXECUTE | USER)[m
[m[37m[1733835000.875436 0:5 ruxhal::arch::aarch64::trap:102] [36missue=0xf, vaddr=0x50000008aeb8, cause=INSTRUCTION[m
[m[37m[1733835000.875727 0:5 ruxos_posix_api::imp::mmap::trap:61] [36mPage Fault Happening, vaddr:0x50000008a000, casue:INSTRUCTION, map_flags:MappingFlags(READ | WRITE | EXECUTE | USER)[m
[m[37m[1733835000.876145 0:5 ruxos_posix_api::imp::mmap::trap:90] [36mmapping_flags: MappingFlags(READ | WRITE | EXECUTE | USER)[m
[m[37m[1733835000.876439 0:5 ruxhal::arch::aarch64::trap:102] [36missue=0xf, vaddr=0x50000008aeb8, cause=INSTRUCTION[m
[m[37m[1733835000.876709 0:5 ruxos_posix_api::imp::mmap::trap:61] [36mPage Fault Happening, vaddr:0x50000008a000, casue:INSTRUCTION, map_flags:MappingFlags(READ | WRITE | EXECUTE | USER)[m
[m[37m[1733835000.877125 0:5 ruxos_posix_api::imp::mmap::trap:90] [36mmapping_flags: MappingFlags(READ | WRITE | EXECUTE | USER)[m
[m[37m[1733835000.877420 0:5 ruxhal::arch::aarch64::trap:102] [36missue=0xf, vaddr=0x50000008aeb8, cause=INSTRUCTION[m
[m[37m[1733835000.877689 0:5 ruxos_posix_api::imp::mmap::trap:61] [36mPage Fault Happening, vaddr:0x50000008a000, casue:INSTRUCTION, map_flags:MappingFlags(READ | WRITE | EXECUTE | USER)[m
[m[37m[1733835000.878106 0:5 ruxos_posix_api::imp::mmap::trap:90] [36mmapping_flags: MappingFlags(READ | WRITE | EXECUTE | USER)[m
[m[37m[1733835000.878402 0:5 ruxhal::arch::aarch64::trap:102] [36missue=0xf, vaddr=0x50000008aeb8, cause=INSTRUCTION[m
[m[37m[1733835000.878671 0:5 ruxos_posix_api::imp::mmap::trap:61] [36mPage Fault Happening, vaddr:0x50000008a000, casue:INSTRUCTION, map_flags:MappingFlags(READ | WRITE | EXECUTE | USER)[m
[m[37m[1733835000.879090 0:5 ruxos_posix_api::imp::mmap::trap:90] [36mmapping_flags: MappingFlags(READ | WRITE | EXECUTE | USER)[m
[m[37m[1733835000.879384 0:5 ruxhal::arch::aarch64::trap:102] [36missue=0xf, vaddr=0x50000008aeb8, cause=INSTRUCTION[m
[m[37m[1733835000.879651 0:5 ruxos_posix_api::imp::mmap::trap:61] [36mPage Fault Happening, vaddr:0x50000008a000, casue:INSTRUCTION, map_flags:MappingFlags(READ | WRITE | EXECUTE | USER)[m
[m[37m[1733835000.880071 0:5 ruxos_posix_api::imp::mmap::trap:90] [36mmapping_flags: MappingFlags(READ | WRITE | EXECUTE | USER)[m
[m[37m[1733835000.880365 0:5 ruxhal::arch::aarch64::trap:102] [36missue=0xf, vaddr=0x50000008aeb8, cause=INSTRUCTION[m
[m[37m[1733835000.880633 0:5 ruxos_posix_api::imp::mmap::trap:61] [36mPage Fault Happening, vaddr:0x50000008a000, casue:INSTRUCTION, map_flags:MappingFlags(READ | WRITE | EXECUTE | USER)[m
[m[37m[1733835000.881050 0:5 ruxos_posix_api::imp::mmap::trap:90] [36mmapping_flags: MappingFlags(READ | WRITE | EXECUTE | USER)[m
[m[37m[1733835000.881345 0:5 ruxhal::arch::aarch64::trap:102] [36missue=0xf, vaddr=0x50000008aeb8, cause=INSTRUCTION[m
[m[37m[1733835000.881614 0:5 ruxos_posix_api::imp::mmap::trap:61] [36mPage Fault Happening, vaddr:0x50000008a000, casue:INSTRUCTION, map_flags:MappingFlags(READ | WRITE | EXECUTE | USER)[m
[m[37m[1733835000.882031 0:5 ruxos_posix_api::imp::mmap::trap:90] [36mmapping_flags: MappingFlags(READ | WRITE | EXECUTE | USER)[m
[m[37m[1733835000.882328 0:5 ruxhal::arch::aarch64::trap:102] [36missue=0xf, vaddr=0x50000008aeb8, cause=INSTRUCTION[m
[m[37m[1733835000.882597 0:5 ruxos_posix_api::imp::mmap::trap:61] [36mPage Fault Happening, vaddr:0x50000008a000, casue:INSTRUCTION, map_flags:MappingFlags(READ | WRITE | EXECUTE | USER)[m
[m[37m[1733835000.883017 0:5 ruxos_posix_api::imp::mmap::trap:90] [36mmapping_flags: MappingFlags(READ | WRITE | EXECUTE | USER)[m
[m[37m[1733835000.883313 0:5 ruxhal::arch::aarch64::trap:102] [36missue=0xf, vaddr=0x50000008aeb8, cause=INSTRUCTION[m
[m[37m[1733835000.883583 0:5 ruxos_posix_api::imp::mmap::trap:61] [36mPage Fault Happening, vaddr:0x50000008a000, casue:INSTRUCTION, map_flags:MappingFlags(READ | WRITE | EXECUTE | USER)[m
[m[37m[1733835000.884006 0:5 ruxos_posix_api::imp::mmap::trap:90] [36mmapping_flags: MappingFlags(READ | WRITE | EXECUTE | USER)[m
[m[37m[1733835000.884301 0:5 ruxhal::arch::aarch64::trap:102] [36missue=0xf, vaddr=0x50000008aeb8, cause=INSTRUCTION[m
[m[37m[1733835000.884606 0:5 ruxos_posix_api::imp::mmap::trap:61] [36mPage Fault Happening, vaddr:0x50000008a000, casue:INSTRUCTION, map_flags:MappingFlags(READ | WRITE | EXECUTE | USER)[m
[m[37m[1733835000.885065 0:5 ruxos_posix_api::imp::mmap::trap:90] [36mmapping_flags: MappingFlags(READ | WRITE | EXECUTE | USER)[m
[m[37m[1733835000.885396 0:5 ruxhal::arch::aarch64::trap:102] [36missue=0xf, vaddr=0x50000008aeb8, cause=INSTRUCTION[m
[m[37m[1733835000.885686 0:5 ruxos_posix_api::imp::mmap::trap:61] [36mPage Fault Happening, vaddr:0x50000008a000, casue:INSTRUCTION, map_flags:MappingFlags(READ | WRITE | EXECUTE | USER)[m
[m[37m[1733835000.886104 0:5 ruxos_posix_api::imp::mmap::trap:90] [36mmapping_flags: MappingFlags(READ | WRITE | EXECUTE | USER)[m
[m[37m[1733835000.886397 0:5 ruxhal::arch::aarch64::trap:102] [36missue=0xf, vaddr=0x50000008aeb8, cause=INSTRUCTION[m
[m[37m[1733835000.886666 0:5 ruxos_posix_api::imp::mmap::trap:61] [36mPage Fault Happening, vaddr:0x50000008a000, casue:INSTRUCTION, map_flags:MappingFlags(READ | WRITE | EXECUTE | USER)[m
[m[37m[1733835000.887084 0:5 ruxos_posix_api::imp::mmap::trap:90] [36mmapping_flags: MappingFlags(READ | WRITE | EXECUTE | USER)[m
[m[37m[1733835000.887380 0:5 ruxhal::arch::aarch64::trap:102] [36missue=0xf, vaddr=0x50000008aeb8, cause=INSTRUCTION[m
[m[37m[1733835000.887649 0:5 ruxos_posix_api::imp::mmap::trap:61] [36mPage Fault Happening, vaddr:0x50000008a000, casue:INSTRUCTION, map_flags:MappingFlags(READ | WRITE | EXECUTE | USER)[m
[m[37m[1733835000.888067 0:5 ruxos_posix_api::imp::mmap::trap:90] [36mmapping_flags: MappingFlags(READ | WRITE | EXECUTE | USER)[m
[m[37m[1733835000.888361 0:5 ruxhal::arch::aarch64::trap:102] [36missue=0xf, vaddr=0x50000008aeb8, cause=INSTRUCTION[m
[m[37m[1733835000.888629 0:5 ruxos_posix_api::imp::mmap::trap:61] [36mPage Fault Happening, vaddr:0x50000008a000, casue:INSTRUCTION, map_flags:MappingFlags(READ | WRITE | EXECUTE | USER)[m
[m[37m[1733835000.889052 0:5 ruxos_posix_api::imp::mmap::trap:90] [36mmapping_flags: MappingFlags(READ | WRITE | EXECUTE | USER)[m
[m[37m[1733835000.889347 0:5 ruxhal::arch::aarch64::trap:102] [36missue=0xf, vaddr=0x50000008aeb8, cause=INSTRUCTION[m
[m[37m[1733835000.889617 0:5 ruxos_posix_api::imp::mmap::trap:61] [36mPage Fault Happening, vaddr:0x50000008a000, casue:INSTRUCTION, map_flags:MappingFlags(READ | WRITE | EXECUTE | USER)[m
[m[37m[1733835000.890034 0:5 ruxos_posix_api::imp::mmap::trap:90] [36mmapping_flags: MappingFlags(READ | WRITE | EXECUTE | USER)[m
[m[37m[1733835000.890330 0:5 ruxhal::arch::aarch64::trap:102] [36missue=0xf, vaddr=0x50000008aeb8, cause=INSTRUCTION[m
[m[37m[1733835000.890598 0:5 ruxos_posix_api::imp::mmap::trap:61] [36mPage Fault Happening, vaddr:0x50000008a000, casue:INSTRUCTION, map_flags:MappingFlags(READ | WRITE | EXECUTE | USER)[m
[m[37m[1733835000.891015 0:5 ruxos_posix_api::imp::mmap::trap:90] [36mmapping_flags: MappingFlags(READ | WRITE | EXECUTE | USER)[m
[m[37m[1733835000.891310 0:5 ruxhal::arch::aarch64::trap:102] [36missue=0xf, vaddr=0x50000008aeb8, cause=INSTRUCTION[m
[m[37m[1733835000.891578 0:5 ruxos_posix_api::imp::mmap::trap:61] [36mPage Fault Happening, vaddr:0x50000008a000, casue:INSTRUCTION, map_flags:MappingFlags(READ | WRITE | EXECUTE | USER)[m
[m[37m[1733835000.891994 0:5 ruxos_posix_api::imp::mmap::trap:90] [36mmapping_flags: MappingFlags(READ | WRITE | EXECUTE | USER)[m
[m[37m[1733835000.892291 0:5 ruxhal::arch::aarch64::trap:102] [36missue=0xf, vaddr=0x50000008aeb8, cause=INSTRUCTION[m
[m[37m[1733835000.892560 0:5 ruxos_posix_api::imp::mmap::trap:61] [36mPage Fault Happening, vaddr:0x50000008a000, casue:INSTRUCTION, map_flags:MappingFlags(READ | WRITE | EXECUTE | USER)[m
[m[37m[1733835000.892977 0:5 ruxos_posix_api::imp::mmap::trap:90] [36mmapping_flags: MappingFlags(READ | WRITE | EXECUTE | USER)[m
[m[37m[1733835000.893271 0:5 ruxhal::arch::aarch64::trap:102] [36missue=0xf, vaddr=0x50000008aeb8, cause=INSTRUCTION[m
[m[37m[1733835000.893539 0:5 ruxos_posix_api::imp::mmap::trap:61] [36mPage Fault Happening, vaddr:0x50000008a000, casue:INSTRUCTION, map_flags:MappingFlags(READ | WRITE | EXECUTE | USER)[m
[m[37m[1733835000.893957 0:5 ruxos_posix_api::imp::mmap::trap:90] [36mmapping_flags: MappingFlags(READ | WRITE | EXECUTE | USER)[m
[m[37m[1733835000.894251 0:5 ruxhal::arch::aarch64::trap:102] [36missue=0xf, vaddr=0x50000008aeb8, cause=INSTRUCTION[m
[m[37m[1733835000.894539 0:5 ruxos_posix_api::imp::mmap::trap:61] [36mPage Fault Happening, vaddr:0x50000008a000, casue:INSTRUCTION, map_flags:MappingFlags(READ | WRITE | EXECUTE | USER)[m
[m[37m[1733835000.894998 0:5 ruxos_posix_api::imp::mmap::trap:90] [36mmapping_flags: MappingFlags(READ | WRITE | EXECUTE | USER)[m
[m[37m[1733835000.895330 0:5 ruxhal::arch::aarch64::trap:102] [36missue=0xf, vaddr=0x50000008aeb8, cause=INSTRUCTION[m
[m[37m[1733835000.895616 0:5 ruxos_posix_api::imp::mmap::trap:61] [36mPage Fault Happening, vaddr:0x50000008a000, casue:INSTRUCTION, map_flags:MappingFlags(READ | WRITE | EXECUTE | USER)[m
[m[37m[1733835000.896033 0:5 ruxos_posix_api::imp::mmap::trap:90] [36mmapping_flags: MappingFlags(READ | WRITE | EXECUTE | USER)[m
[m[37m[1733835000.896327 0:5 ruxhal::arch::aarch64::trap:102] [36missue=0xf, vaddr=0x50000008aeb8, cause=INSTRUCTION[m
[m[37m[1733835000.896596 0:5 ruxos_posix_api::imp::mmap::trap:61] [36mPage Fault Happening, vaddr:0x50000008a000, casue:INSTRUCTION, map_flags:MappingFlags(READ | WRITE | EXECUTE | USER)[m
[m[37m[1733835000.897012 0:5 ruxos_posix_api::imp::mmap::trap:90] [36mmapping_flags: MappingFlags(READ | WRITE | EXECUTE | USER)[m
[m[37m[1733835000.897306 0:5 ruxhal::arch::aarch64::trap:102] [36missue=0xf, vaddr=0x50000008aeb8, cause=INSTRUCTION[m
[m[37m[1733835000.897574 0:5 ruxos_posix_api::imp::mmap::trap:61] [36mPage Fault Happening, vaddr:0x50000008a000, casue:INSTRUCTION, map_flags:MappingFlags(READ | WRITE | EXECUTE | USER)[m
[m[37m[1733835000.897994 0:5 ruxos_posix_api::imp::mmap::trap:90] [36mmapping_flags: MappingFlags(READ | WRITE | EXECUTE | USER)[m
[m[37m[1733835000.898288 0:5 ruxhal::arch::aarch64::trap:102] [36missue=0xf, vaddr=0x50000008aeb8, cause=INSTRUCTION[m
[m[37m[1733835000.898556 0:5 ruxos_posix_api::imp::mmap::trap:61] [36mPage Fault Happening, vaddr:0x50000008a000, casue:INSTRUCTION, map_flags:MappingFlags(READ | WRITE | EXECUTE | USER)[m
[m[37m[1733835000.898974 0:5 ruxos_posix_api::imp::mmap::trap:90] [36mmapping_flags: MappingFlags(READ | WRITE | EXECUTE | USER)[m
[m[37m[1733835000.899268 0:5 ruxhal::arch::aarch64::trap:102] [36missue=0xf, vaddr=0x50000008aeb8, cause=INSTRUCTION[m
[m[37m[1733835000.899535 0:5 ruxos_posix_api::imp::mmap::trap:61] [36mPage Fault Happening, vaddr:0x50000008a000, casue:INSTRUCTION, map_flags:MappingFlags(READ | WRITE | EXECUTE | USER)[m
[m[37m[1733835000.899954 0:5 ruxos_posix_api::imp::mmap::trap:90] [36mmapping_flags: MappingFlags(READ | WRITE | EXECUTE | USER)[m
[m[37m[1733835000.900247 0:5 ruxhal::arch::aarch64::trap:102] [36missue=0xf, vaddr=0x50000008aeb8, cause=INSTRUCTION[m
[m[37m[1733835000.900515 0:5 ruxos_posix_api::imp::mmap::trap:61] [36mPage Fault Happening, vaddr:0x50000008a000, casue:INSTRUCTION, map_flags:MappingFlags(READ | WRITE | EXECUTE | USER)[m
[m[37m[1733835000.900937 0:5 ruxos_posix_api::imp::mmap::trap:90] [36mmapping_flags: MappingFlags(READ | WRITE | EXECUTE | USER)[m
[m[37m[1733835000.901231 0:5 ruxhal::arch::aarch64::trap:102] [36missue=0xf, vaddr=0x50000008aeb8, cause=INSTRUCTION[m
[m[37m[1733835000.901500 0:5 ruxos_posix_api::imp::mmap::trap:61] [36mPage Fault Happening, vaddr:0x50000008a000, casue:INSTRUCTION, map_flags:MappingFlags(READ | WRITE | EXECUTE | USER)[m
[m[37m[1733835000.901916 0:5 ruxos_posix_api::imp::mmap::trap:90] [36mmapping_flags: MappingFlags(READ | WRITE | EXECUTE | USER)[m
[m[37m[1733835000.902213 0:5 ruxhal::arch::aarch64::trap:102] [36missue=0xf, vaddr=0x50000008aeb8, cause=INSTRUCTION[m
[m[37m[1733835000.902482 0:5 ruxos_posix_api::imp::mmap::trap:61] [36mPage Fault Happening, vaddr:0x50000008a000, casue:INSTRUCTION, map_flags:MappingFlags(READ | WRITE | EXECUTE | USER)[m
[m[37m[1733835000.902899 0:5 ruxos_posix_api::imp::mmap::trap:90] [36mmapping_flags: MappingFlags(READ | WRITE | EXECUTE | USER)[m
[m[37m[1733835000.903194 0:5 ruxhal::arch::aarch64::trap:102] [36missue=0xf, vaddr=0x50000008aeb8, cause=INSTRUCTION[m
[m[37m[1733835000.903463 0:5 ruxos_posix_api::imp::mmap::trap:61] [36mPage Fault Happening, vaddr:0x50000008a000, casue:INSTRUCTION, map_flags:MappingFlags(READ | WRITE | EXECUTE | USER)[m
[m[37m[1733835000.903878 0:5 ruxos_posix_api::imp::mmap::trap:90] [36mmapping_flags: MappingFlags(READ | WRITE | EXECUTE | USER)[m
[m[37m[1733835000.904173 0:5 ruxhal::arch::aarch64::trap:102] [36missue=0xf, vaddr=0x50000008aeb8, cause=INSTRUCTION[m
[m[37m[1733835000.904442 0:5 ruxos_posix_api::imp::mmap::trap:61] [36mPage Fault Happening, vaddr:0x50000008a000, casue:INSTRUCTION, map_flags:MappingFlags(READ | WRITE | EXECUTE | USER)[m
[m[37m[1733835000.904912 0:5 ruxos_posix_api::imp::mmap::trap:90] [36mmapping_flags: MappingFlags(READ | WRITE | EXECUTE | USER)[m
[m[37m[1733835000.905244 0:5 ruxhal::arch::aarch64::trap:102] [36missue=0xf, vaddr=0x50000008aeb8, cause=INSTRUCTION[m
[m[37m[1733835000.905529 0:5 ruxos_posix_api::imp::mmap::trap:61] [36mPage Fault Happening, vaddr:0x50000008a000, casue:INSTRUCTION, map_flags:MappingFlags(READ | WRITE | EXECUTE | USER)[m
[m[37m[1733835000.905948 0:5 ruxos_posix_api::imp::mmap::trap:90] [36mmapping_flags: MappingFlags(READ | WRITE | EXECUTE | USER)[m
[m[37m[1733835000.906243 0:5 ruxhal::arch::aarch64::trap:102] [36missue=0xf, vaddr=0x50000008aeb8, cause=INSTRUCTION[m
[m[37m[1733835000.906512 0:5 ruxos_posix_api::imp::mmap::trap:61] [36mPage Fault Happening, vaddr:0x50000008a000, casue:INSTRUCTION, map_flags:MappingFlags(READ | WRITE | EXECUTE | USER)[m
[m[37m[1733835000.906932 0:5 ruxos_posix_api::imp::mmap::trap:90] [36mmapping_flags: MappingFlags(READ | WRITE | EXECUTE | USER)[m
[m[37m[1733835000.907227 0:5 ruxhal::arch::aarch64::trap:102] [36missue=0xf, vaddr=0x50000008aeb8, cause=INSTRUCTION[m
[m[37m[1733835000.907494 0:5 ruxos_posix_api::imp::mmap::trap:61] [36mPage Fault Happening, vaddr:0x50000008a000, casue:INSTRUCTION, map_flags:MappingFlags(READ | WRITE | EXECUTE | USER)[m
[m[37m[1733835000.907909 0:5 ruxos_posix_api::imp::mmap::trap:90] [36mmapping_flags: MappingFlags(READ | WRITE | EXECUTE | USER)[m
[m[37m[1733835000.908204 0:5 ruxhal::arch::aarch64::trap:102] [36missue=0xf, vaddr=0x50000008aeb8, cause=INSTRUCTION[m
[m[37m[1733835000.908473 0:5 ruxos_posix_api::imp::mmap::trap:61] [36mPage Fault Happening, vaddr:0x50000008a000, casue:INSTRUCTION, map_flags:MappingFlags(READ | WRITE | EXECUTE | USER)[m
[m[37m[1733835000.908893 0:5 ruxos_posix_api::imp::mmap::trap:90] [36mmapping_flags: MappingFlags(READ | WRITE | EXECUTE | USER)[m
[m[37m[1733835000.909187 0:5 ruxhal::arch::aarch64::trap:102] [36missue=0xf, vaddr=0x50000008aeb8, cause=INSTRUCTION[m
[m[37m[1733835000.909456 0:5 ruxos_posix_api::imp::mmap::trap:61] [36mPage Fault Happening, vaddr:0x50000008a000, casue:INSTRUCTION, map_flags:MappingFlags(READ | WRITE | EXECUTE | USER)[m
[m[37m[1733835000.909873 0:5 ruxos_posix_api::imp::mmap::trap:90] [36mmapping_flags: MappingFlags(READ | WRITE | EXECUTE | USER)[m
[m[37m[1733835000.910167 0:5 ruxhal::arch::aarch64::trap:102] [36missue=0xf, vaddr=0x50000008aeb8, cause=INSTRUCTION[m
[m[37m[1733835000.910435 0:5 ruxos_posix_api::imp::mmap::trap:61] [36mPage Fault Happening, vaddr:0x50000008a000, casue:INSTRUCTION, map_flags:MappingFlags(READ | WRITE | EXECUTE | USER)[m
[m[37m[1733835000.910853 0:5 ruxos_posix_api::imp::mmap::trap:90] [36mmapping_flags: MappingFlags(READ | WRITE | EXECUTE | USER)[m
[m[37m[1733835000.911148 0:5 ruxhal::arch::aarch64::trap:102] [36missue=0xf, vaddr=0x50000008aeb8, cause=INSTRUCTION[m
[m[37m[1733835000.911416 0:5 ruxos_posix_api::imp::mmap::trap:61] [36mPage Fault Happening, vaddr:0x50000008a000, casue:INSTRUCTION, map_flags:MappingFlags(READ | WRITE | EXECUTE | USER)[m
[m[37m[1733835000.911834 0:5 ruxos_posix_api::imp::mmap::trap:90] [36mmapping_flags: MappingFlags(READ | WRITE | EXECUTE | USER)[m
[m[37m[1733835000.912128 0:5 ruxhal::arch::aarch64::trap:102] [36missue=0xf, vaddr=0x50000008aeb8, cause=INSTRUCTION[m
[m[37m[1733835000.912398 0:5 ruxos_posix_api::imp::mmap::trap:61] [36mPage Fault Happening, vaddr:0x50000008a000, casue:INSTRUCTION, map_flags:MappingFlags(READ | WRITE | EXECUTE | USER)[m
[m[37m[1733835000.912816 0:5 ruxos_posix_api::imp::mmap::trap:90] [36mmapping_flags: MappingFlags(READ | WRITE | EXECUTE | USER)[m
[m[37m[1733835000.913112 0:5 ruxhal::arch::aarch64::trap:102] [36missue=0xf, vaddr=0x50000008aeb8, cause=INSTRUCTION[m
[m[37m[1733835000.913379 0:5 ruxos_posix_api::imp::mmap::trap:61] [36mPage Fault Happening, vaddr:0x50000008a000, casue:INSTRUCTION, map_flags:MappingFlags(READ | WRITE | EXECUTE | USER)[m
[m[37m[1733835000.913796 0:5 ruxos_posix_api::imp::mmap::trap:90] [36mmapping_flags: MappingFlags(READ | WRITE | EXECUTE | USER)[m
[m[37m[1733835000.914092 0:5 ruxhal::arch::aarch64::trap:102] [36missue=0xf, vaddr=0x50000008aeb8, cause=INSTRUCTION[m
[m[37m[1733835000.914360 0:5 ruxos_posix_api::imp::mmap::trap:61] [36mPage Fault Happening, vaddr:0x50000008a000, casue:INSTRUCTION, map_flags:MappingFlags(READ | WRITE | EXECUTE | USER)[m
[m[37m[1733835000.914825 0:5 ruxos_posix_api::imp::mmap::trap:90] [36mmapping_flags: MappingFlags(READ | WRITE | EXECUTE | USER)[m
[m[37m[1733835000.915158 0:5 ruxhal::arch::aarch64::trap:102] [36missue=0xf, vaddr=0x50000008aeb8, cause=INSTRUCTION[m
[m[37m[1733835000.915440 0:5 ruxos_posix_api::imp::mmap::trap:61] [36mPage Fault Happening, vaddr:0x50000008a000, casue:INSTRUCTION, map_flags:MappingFlags(READ | WRITE | EXECUTE | USER)[m
[m[37m[1733835000.915862 0:5 ruxos_posix_api::imp::mmap::trap:90] [36mmapping_flags: MappingFlags(READ | WRITE | EXECUTE | USER)[m
[m[37m[1733835000.916155 0:5 ruxhal::arch::aarch64::trap:102] [36missue=0xf, vaddr=0x50000008aeb8, cause=INSTRUCTION[m
[m[37m[1733835000.916424 0:5 ruxos_posix_api::imp::mmap::trap:61] [36mPage Fault Happening, vaddr:0x50000008a000, casue:INSTRUCTION, map_flags:MappingFlags(READ | WRITE | EXECUTE | USER)[m
[m[37m[1733835000.916844 0:5 ruxos_posix_api::imp::mmap::trap:90] [36mmapping_flags: MappingFlags(READ | WRITE | EXECUTE | USER)[m
[m[37m[1733835000.917139 0:5 ruxhal::arch::aarch64::trap:102] [36missue=0xf, vaddr=0x50000008aeb8, cause=INSTRUCTION[m
[m[37m[1733835000.917408 0:5 ruxos_posix_api::imp::mmap::trap:61] [36mPage Fault Happening, vaddr:0x50000008a000, casue:INSTRUCTION, map_flags:MappingFlags(READ | WRITE | EXECUTE | USER)[m
[m[37m[1733835000.917825 0:5 ruxos_posix_api::imp::mmap::trap:90] [36mmapping_flags: MappingFlags(READ | WRITE | EXECUTE | USER)[m
[m[37m[1733835000.918120 0:5 ruxhal::arch::aarch64::trap:102] [36missue=0xf, vaddr=0x50000008aeb8, cause=INSTRUCTION[m
[m[37m[1733835000.918388 0:5 ruxos_posix_api::imp::mmap::trap:61] [36mPage Fault Happening, vaddr:0x50000008a000, casue:INSTRUCTION, map_flags:MappingFlags(READ | WRITE | EXECUTE | USER)[m
[m[37m[1733835000.918806 0:5 ruxos_posix_api::imp::mmap::trap:90] [36mmapping_flags: MappingFlags(READ | WRITE | EXECUTE | USER)[m
[m[37m[1733835000.919100 0:5 ruxhal::arch::aarch64::trap:102] [36missue=0xf, vaddr=0x50000008aeb8, cause=INSTRUCTION[m
[m[37m[1733835000.919369 0:5 ruxos_posix_api::imp::mmap::trap:61] [36mPage Fault Happening, vaddr:0x50000008a000, casue:INSTRUCTION, map_flags:MappingFlags(READ | WRITE | EXECUTE | USER)[m
[m[37m[1733835000.919788 0:5 ruxos_posix_api::imp::mmap::trap:90] [36mmapping_flags: MappingFlags(READ | WRITE | EXECUTE | USER)[m
[m[37m[1733835000.920083 0:5 ruxhal::arch::aarch64::trap:102] [36missue=0xf, vaddr=0x50000008aeb8, cause=INSTRUCTION[m
[m[37m[1733835000.920351 0:5 ruxos_posix_api::imp::mmap::trap:61] [36mPage Fault Happening, vaddr:0x50000008a000, casue:INSTRUCTION, map_flags:MappingFlags(READ | WRITE | EXECUTE | USER)[m
[m[37m[1733835000.920768 0:5 ruxos_posix_api::imp::mmap::trap:90] [36mmapping_flags: MappingFlags(READ | WRITE | EXECUTE | USER)[m
[m[37m[1733835000.921062 0:5 ruxhal::arch::aarch64::trap:102] [36missue=0xf, vaddr=0x50000008aeb8, cause=INSTRUCTION[m
[m[37m[1733835000.921329 0:5 ruxos_posix_api::imp::mmap::trap:61] [36mPage Fault Happening, vaddr:0x50000008a000, casue:INSTRUCTION, map_flags:MappingFlags(READ | WRITE | EXECUTE | USER)[m
[m[37m[1733835000.921746 0:5 ruxos_posix_api::imp::mmap::trap:90] [36mmapping_flags: MappingFlags(READ | WRITE | EXECUTE | USER)[m
[m[37m[1733835000.922041 0:5 ruxhal::arch::aarch64::trap:102] [36missue=0xf, vaddr=0x50000008aeb8, cause=INSTRUCTION[m
[m[37m[1733835000.922312 0:5 ruxos_posix_api::imp::mmap::trap:61] [36mPage Fault Happening, vaddr:0x50000008a000, casue:INSTRUCTION, map_flags:MappingFlags(READ | WRITE | EXECUTE | USER)[m
[m[37m[1733835000.922728 0:5 ruxos_posix_api::imp::mmap::trap:90] [36mmapping_flags: MappingFlags(READ | WRITE | EXECUTE | USER)[m
[m[37m[1733835000.923023 0:5 ruxhal::arch::aarch64::trap:102] [36missue=0xf, vaddr=0x50000008aeb8, cause=INSTRUCTION[m
[m[37m[1733835000.923292 0:5 ruxos_posix_api::imp::mmap::trap:61] [36mPage Fault Happening, vaddr:0x50000008a000, casue:INSTRUCTION, map_flags:MappingFlags(READ | WRITE | EXECUTE | USER)[m
[m[37m[1733835000.923709 0:5 ruxos_posix_api::imp::mmap::trap:90] [36mmapping_flags: MappingFlags(READ | WRITE | EXECUTE | USER)[m
[m[37m[1733835000.924004 0:5 ruxhal::arch::aarch64::trap:102] [36missue=0xf, vaddr=0x50000008aeb8, cause=INSTRUCTION[m
[m[37m[1733835000.924274 0:5 ruxos_posix_api::imp::mmap::trap:61] [36mPage Fault Happening, vaddr:0x50000008a000, casue:INSTRUCTION, map_flags:MappingFlags(READ | WRITE | EXECUTE | USER)[m
[m[37m[1733835000.924737 0:5 ruxos_posix_api::imp::mmap::trap:90] [36mmapping_flags: MappingFlags(READ | WRITE | EXECUTE | USER)[m
[m[37m[1733835000.925070 0:5 ruxhal::arch::aarch64::trap:102] [36missue=0xf, vaddr=0x50000008aeb8, cause=INSTRUCTION[m
[m[37m[1733835000.925355 0:5 ruxos_posix_api::imp::mmap::trap:61] [36mPage Fault Happening, vaddr:0x50000008a000, casue:INSTRUCTION, map_flags:MappingFlags(READ | WRITE | EXECUTE | USER)[m
[m[37m[1733835000.925773 0:5 ruxos_posix_api::imp::mmap::trap:90] [36mmapping_flags: MappingFlags(READ | WRITE | EXECUTE | USER)[m
[m[37m[1733835000.926067 0:5 ruxhal::arch::aarch64::trap:102] [36missue=0xf, vaddr=0x50000008aeb8, cause=INSTRUCTION[m
[m[37m[1733835000.926335 0:5 ruxos_posix_api::imp::mmap::trap:61] [36mPage Fault Happening, vaddr:0x50000008a000, casue:INSTRUCTION, map_flags:MappingFlags(READ | WRITE | EXECUTE | USER)[m
[m[37m[1733835000.926752 0:5 ruxos_posix_api::imp::mmap::trap:90] [36mmapping_flags: MappingFlags(READ | WRITE | EXECUTE | USER)[m
[m[37m[1733835000.927046 0:5 ruxhal::arch::aarch64::trap:102] [36missue=0xf, vaddr=0x50000008aeb8, cause=INSTRUCTION[m
[m[37m[1733835000.927316 0:5 ruxos_posix_api::imp::mmap::trap:61] [36mPage Fault Happening, vaddr:0x50000008a000, casue:INSTRUCTION, map_flags:MappingFlags(READ | WRITE | EXECUTE | USER)[m
[m[37m[1733835000.927734 0:5 ruxos_posix_api::imp::mmap::trap:90] [36mmapping_flags: MappingFlags(READ | WRITE | EXECUTE | USER)[m
[m[37m[1733835000.928028 0:5 ruxhal::arch::aarch64::trap:102] [36missue=0xf, vaddr=0x50000008aeb8, cause=INSTRUCTION[m
[m[37m[1733835000.928295 0:5 ruxos_posix_api::imp::mmap::trap:61] [36mPage Fault Happening, vaddr:0x50000008a000, casue:INSTRUCTION, map_flags:MappingFlags(READ | WRITE | EXECUTE | USER)[m
[m[37m[1733835000.928712 0:5 ruxos_posix_api::imp::mmap::trap:90] [36mmapping_flags: MappingFlags(READ | WRITE | EXECUTE | USER)[m
[m[37m[1733835000.929009 0:5 ruxhal::arch::aarch64::trap:102] [36missue=0xf, vaddr=0x50000008aeb8, cause=INSTRUCTION[m
[m[37m[1733835000.929278 0:5 ruxos_posix_api::imp::mmap::trap:61] [36mPage Fault Happening, vaddr:0x50000008a000, casue:INSTRUCTION, map_flags:MappingFlags(READ | WRITE | EXECUTE | USER)[m
[m[37m[1733835000.929695 0:5 ruxos_posix_api::imp::mmap::trap:90] [36mmapping_flags: MappingFlags(READ | WRITE | EXECUTE | USER)[m
[m[37m[1733835000.929989 0:5 ruxhal::arch::aarch64::trap:102] [36missue=0xf, vaddr=0x50000008aeb8, cause=INSTRUCTION[m
[m[37m[1733835000.930258 0:5 ruxos_posix_api::imp::mmap::trap:61] [36mPage Fault Happening, vaddr:0x50000008a000, casue:INSTRUCTION, map_flags:MappingFlags(READ | WRITE | EXECUTE | USER)[m
[m[37m[1733835000.930674 0:5 ruxos_posix_api::imp::mmap::trap:90] [36mmapping_flags: MappingFlags(READ | WRITE | EXECUTE | USER)[m
[m[37m[1733835000.930970 0:5 ruxhal::arch::aarch64::trap:102] [36missue=0xf, vaddr=0x50000008aeb8, cause=INSTRUCTION[m
[m[37m[1733835000.931238 0:5 ruxos_posix_api::imp::mmap::trap:61] [36mPage Fault Happening, vaddr:0x50000008a000, casue:INSTRUCTION, map_flags:MappingFlags(READ | WRITE | EXECUTE | USER)[m
[m[37m[1733835000.931656 0:5 ruxos_posix_api::imp::mmap::trap:90] [36mmapping_flags: MappingFlags(READ | WRITE | EXECUTE | USER)[m
[m[37m[1733835000.931950 0:5 ruxhal::arch::aarch64::trap:102] [36missue=0xf, vaddr=0x50000008aeb8, cause=INSTRUCTION[m
[m[37m[1733835000.932220 0:5 ruxos_posix_api::imp::mmap::trap:61] [36mPage Fault Happening, vaddr:0x50000008a000, casue:INSTRUCTION, map_flags:MappingFlags(READ | WRITE | EXECUTE | USER)[m
[m[37m[1733835000.932636 0:5 ruxos_posix_api::imp::mmap::trap:90] [36mmapping_flags: MappingFlags(READ | WRITE | EXECUTE | USER)[m
[m[37m[1733835000.932931 0:5 ruxhal::arch::aarch64::trap:102] [36missue=0xf, vaddr=0x50000008aeb8, cause=INSTRUCTION[m
[m[37m[1733835000.933200 0:5 ruxos_posix_api::imp::mmap::trap:61] [36mPage Fault Happening, vaddr:0x50000008a000, casue:INSTRUCTION, map_flags:MappingFlags(READ | WRITE | EXECUTE | USER)[m
[m[37m[1733835000.933625 0:5 ruxos_posix_api::imp::mmap::trap:90] [36mmapping_flags: MappingFlags(READ | WRITE | EXECUTE | USER)[m
[m[37m[1733835000.933920 0:5 ruxhal::arch::aarch64::trap:102] [36missue=0xf, vaddr=0x50000008aeb8, cause=INSTRUCTION[m
[m[37m[1733835000.934188 0:5 ruxos_posix_api::imp::mmap::trap:61] [36mPage Fault Happening, vaddr:0x50000008a000, casue:INSTRUCTION, map_flags:MappingFlags(READ | WRITE | EXECUTE | USER)[m
[m[37m[1733835000.934636 0:5 ruxos_posix_api::imp::mmap::trap:90] [36mmapping_flags: MappingFlags(READ | WRITE | EXECUTE | USER)[m
[m[37m[1733835000.934967 0:5 ruxhal::arch::aarch64::trap:102] [36missue=0xf, vaddr=0x50000008aeb8, cause=INSTRUCTION[m
[m[37m[1733835000.935251 0:5 ruxos_posix_api::imp::mmap::trap:61] [36mPage Fault Happening, vaddr:0x50000008a000, casue:INSTRUCTION, map_flags:MappingFlags(READ | WRITE | EXECUTE | USER)[m
[m[37m[1733835000.935671 0:5 ruxos_posix_api::imp::mmap::trap:90] [36mmapping_flags: MappingFlags(READ | WRITE | EXECUTE | USER)[m
[m[37m[1733835000.935965 0:5 ruxhal::arch::aarch64::trap:102] [36missue=0xf, vaddr=0x50000008aeb8, cause=INSTRUCTION[m
[m[37m[1733835000.936232 0:5 ruxos_posix_api::imp::mmap::trap:61] [36mPage Fault Happening, vaddr:0x50000008a000, casue:INSTRUCTION, map_flags:MappingFlags(READ | WRITE | EXECUTE | USER)[m
[m[37m[1733835000.936650 0:5 ruxos_posix_api::imp::mmap::trap:90] [36mmapping_flags: MappingFlags(READ | WRITE | EXECUTE | USER)[m
[m[37m[1733835000.936944 0:5 ruxhal::arch::aarch64::trap:102] [36missue=0xf, vaddr=0x50000008aeb8, cause=INSTRUCTION[m
[m[37m[1733835000.937211 0:5 ruxos_posix_api::imp::mmap::trap:61] [36mPage Fault Happening, vaddr:0x50000008a000, casue:INSTRUCTION, map_flags:MappingFlags(READ | WRITE | EXECUTE | USER)[m
[m[37m[1733835000.937627 0:5 ruxos_posix_api::imp::mmap::trap:90] [36mmapping_flags: MappingFlags(READ | WRITE | EXECUTE | USER)[m
[m[37m[1733835000.937922 0:5 ruxhal::arch::aarch64::trap:102] [36missue=0xf, vaddr=0x50000008aeb8, cause=INSTRUCTION[m
[m[37m[1733835000.938190 0:5 ruxos_posix_api::imp::mmap::trap:61] [36mPage Fault Happening, vaddr:0x50000008a000, casue:INSTRUCTION, map_flags:MappingFlags(READ | WRITE | EXECUTE | USER)[m
[m[37m[1733835000.938606 0:5 ruxos_posix_api::imp::mmap::trap:90] [36mmapping_flags: MappingFlags(READ | WRITE | EXECUTE | USER)[m
[m[37m[1733835000.938903 0:5 ruxhal::arch::aarch64::trap:102] [36missue=0xf, vaddr=0x50000008aeb8, cause=INSTRUCTION[m
[m[37m[1733835000.939172 0:5 ruxos_posix_api::imp::mmap::trap:61] [36mPage Fault Happening, vaddr:0x50000008a000, casue:INSTRUCTION, map_flags:MappingFlags(READ | WRITE | EXECUTE | USER)[m
[m[37m[1733835000.939590 0:5 ruxos_posix_api::imp::mmap::trap:90] [36mmapping_flags: MappingFlags(READ | WRITE | EXECUTE | USER)[m
[m[37m[1733835000.939884 0:5 ruxhal::arch::aarch64::trap:102] [36missue=0xf, vaddr=0x50000008aeb8, cause=INSTRUCTION[m
[m[37m[1733835000.940152 0:5 ruxos_posix_api::imp::mmap::trap:61] [36mPage Fault Happening, vaddr:0x50000008a000, casue:INSTRUCTION, map_flags:MappingFlags(READ | WRITE | EXECUTE | USER)[m
[m[37m[1733835000.940570 0:5 ruxos_posix_api::imp::mmap::trap:90] [36mmapping_flags: MappingFlags(READ | WRITE | EXECUTE | USER)[m
[m[37m[1733835000.940865 0:5 ruxhal::arch::aarch64::trap:102] [36missue=0xf, vaddr=0x50000008aeb8, cause=INSTRUCTION[m
[m[37m[1733835000.941132 0:5 ruxos_posix_api::imp::mmap::trap:61] [36mPage Fault Happening, vaddr:0x50000008a000, casue:INSTRUCTION, map_flags:MappingFlags(READ | WRITE | EXECUTE | USER)[m
[m[37m[1733835000.941549 0:5 ruxos_posix_api::imp::mmap::trap:90] [36mmapping_flags: MappingFlags(READ | WRITE | EXECUTE | USER)[m
[m[37m[1733835000.941843 0:5 ruxhal::arch::aarch64::trap:102] [36missue=0xf, vaddr=0x50000008aeb8, cause=INSTRUCTION[m
[m[37m[1733835000.942112 0:5 ruxos_posix_api::imp::mmap::trap:61] [36mPage Fault Happening, vaddr:0x50000008a000, casue:INSTRUCTION, map_flags:MappingFlags(READ | WRITE | EXECUTE | USER)[m
[m[37m[1733835000.942536 0:5 ruxos_posix_api::imp::mmap::trap:90] [36mmapping_flags: MappingFlags(READ | WRITE | EXECUTE | USER)[m
[m[37m[1733835000.942830 0:5 ruxhal::arch::aarch64::trap:102] [36missue=0xf, vaddr=0x50000008aeb8, cause=INSTRUCTION[m
[m[37m[1733835000.943096 0:5 ruxos_posix_api::imp::mmap::trap:61] [36mPage Fault Happening, vaddr:0x50000008a000, casue:INSTRUCTION, map_flags:MappingFlags(READ | WRITE | EXECUTE | USER)[m
[m[37m[1733835000.943515 0:5 ruxos_posix_api::imp::mmap::trap:90] [36mmapping_flags: MappingFlags(READ | WRITE | EXECUTE | USER)[m
[m[37m[1733835000.943809 0:5 ruxhal::arch::aarch64::trap:102] [36missue=0xf, vaddr=0x50000008aeb8, cause=INSTRUCTION[m
[m[37m[1733835000.944077 0:5 ruxos_posix_api::imp::mmap::trap:61] [36mPage Fault Happening, vaddr:0x50000008a000, casue:INSTRUCTION, map_flags:MappingFlags(READ | WRITE | EXECUTE | USER)[m
[m[37m[1733835000.944512 0:5 ruxos_posix_api::imp::mmap::trap:90] [36mmapping_flags: MappingFlags(READ | WRITE | EXECUTE | USER)[m
[m[37m[1733835000.944843 0:5 ruxhal::arch::aarch64::trap:102] [36missue=0xf, vaddr=0x50000008aeb8, cause=INSTRUCTION[m
[m[37m[1733835000.945131 0:5 ruxos_posix_api::imp::mmap::trap:61] [36mPage Fault Happening, vaddr:0x50000008a000, casue:INSTRUCTION, map_flags:MappingFlags(READ | WRITE | EXECUTE | USER)[m
[m[37m[1733835000.945551 0:5 ruxos_posix_api::imp::mmap::trap:90] [36mmapping_flags: MappingFlags(READ | WRITE | EXECUTE | USER)[m
[m[37m[1733835000.945845 0:5 ruxhal::arch::aarch64::trap:102] [36missue=0xf, vaddr=0x50000008aeb8, cause=INSTRUCTION[m
[m[37m[1733835000.946113 0:5 ruxos_posix_api::imp::mmap::trap:61] [36mPage Fault Happening, vaddr:0x50000008a000, casue:INSTRUCTION, map_flags:MappingFlags(READ | WRITE | EXECUTE | USER)[m
[m[37m[1733835000.946530 0:5 ruxos_posix_api::imp::mmap::trap:90] [36mmapping_flags: MappingFlags(READ | WRITE | EXECUTE | USER)[m
[m[37m[1733835000.946823 0:5 ruxhal::arch::aarch64::trap:102] [36missue=0xf, vaddr=0x50000008aeb8, cause=INSTRUCTION[m
[m[37m[1733835000.947091 0:5 ruxos_posix_api::imp::mmap::trap:61] [36mPage Fault Happening, vaddr:0x50000008a000, casue:INSTRUCTION, map_flags:MappingFlags(READ | WRITE | EXECUTE | USER)[m
[m[37m[1733835000.947507 0:5 ruxos_posix_api::imp::mmap::trap:90] [36mmapping_flags: MappingFlags(READ | WRITE | EXECUTE | USER)[m
[m[37m[1733835000.947800 0:5 ruxhal::arch::aarch64::trap:102] [36missue=0xf, vaddr=0x50000008aeb8, cause=INSTRUCTION[m
[m[37m[1733835000.948067 0:5 ruxos_posix_api::imp::mmap::trap:61] [36mPage Fault Happening, vaddr:0x50000008a000, casue:INSTRUCTION, map_flags:MappingFlags(READ | WRITE | EXECUTE | USER)[m
[m[37m[1733835000.948484 0:5 ruxos_posix_api::imp::mmap::trap:90] [36mmapping_flags: MappingFlags(READ | WRITE | EXECUTE | USER)[m
[m[37m[1733835000.948777 0:5 ruxhal::arch::aarch64::trap:102] [36missue=0xf, vaddr=0x50000008aeb8, cause=INSTRUCTION[m
[m[37m[1733835000.949046 0:5 ruxos_posix_api::imp::mmap::trap:61] [36mPage Fault Happening, vaddr:0x50000008a000, casue:INSTRUCTION, map_flags:MappingFlags(READ | WRITE | EXECUTE | USER)[m
[m[37m[1733835000.949463 0:5 ruxos_posix_api::imp::mmap::trap:90] [36mmapping_flags: MappingFlags(READ | WRITE | EXECUTE | USER)[m
[m[37m[1733835000.949758 0:5 ruxhal::arch::aarch64::trap:102] [36missue=0xf, vaddr=0x50000008aeb8, cause=INSTRUCTION[m
[m[37m[1733835000.950031 0:5 ruxos_posix_api::imp::mmap::trap:61] [36mPage Fault Happening, vaddr:0x50000008a000, casue:INSTRUCTION, map_flags:MappingFlags(READ | WRITE | EXECUTE | USER)[m
[m[37m[1733835000.950453 0:5 ruxos_posix_api::imp::mmap::trap:90] [36mmapping_flags: MappingFlags(READ | WRITE | EXECUTE | USER)[m
[m[37m[1733835000.950754 0:5 ruxhal::arch::aarch64::trap:102] [36missue=0xf, vaddr=0x50000008aeb8, cause=INSTRUCTION[m
[m[37m[1733835000.951027 0:5 ruxos_posix_api::imp::mmap::trap:61] [36mPage Fault Happening, vaddr:0x50000008a000, casue:INSTRUCTION, map_flags:MappingFlags(READ | WRITE | EXECUTE | USER)[m
[m[37m[1733835000.951449 0:5 ruxos_posix_api::imp::mmap::trap:90] [36mmapping_flags: MappingFlags(READ | WRITE | EXECUTE | USER)[m
[m[37m[1733835000.951745 0:5 ruxhal::arch::aarch64::trap:102] [36missue=0xf, vaddr=0x50000008aeb8, cause=INSTRUCTION[m
[m[37m[1733835000.952014 0:5 ruxos_posix_api::imp::mmap::trap:61] [36mPage Fault Happening, vaddr:0x50000008a000, casue:INSTRUCTION, map_flags:MappingFlags(READ | WRITE | EXECUTE | USER)[m
[m[37m[1733835000.952435 0:5 ruxos_posix_api::imp::mmap::trap:90] [36mmapping_flags: MappingFlags(READ | WRITE | EXECUTE | USER)[m
[m[37m[1733835000.952729 0:5 ruxhal::arch::aarch64::trap:102] [36missue=0xf, vaddr=0x50000008aeb8, cause=INSTRUCTION[m
[m[37m[1733835000.952997 0:5 ruxos_posix_api::imp::mmap::trap:61] [36mPage Fault Happening, vaddr:0x50000008a000, casue:INSTRUCTION, map_flags:MappingFlags(READ | WRITE | EXECUTE | USER)[m
[m[37m[1733835000.953414 0:5 ruxos_posix_api::imp::mmap::trap:90] [36mmapping_flags: MappingFlags(READ | WRITE | EXECUTE | USER)[m
[m[37m[1733835000.953709 0:5 ruxhal::arch::aarch64::trap:102] [36missue=0xf, vaddr=0x50000008aeb8, cause=INSTRUCTION[m
[m[37m[1733835000.953978 0:5 ruxos_posix_api::imp::mmap::trap:61] [36mPage Fault Happening, vaddr:0x50000008a000, casue:INSTRUCTION, map_flags:MappingFlags(READ | WRITE | EXECUTE | USER)[m
[m[37m[1733835000.954396 0:5 ruxos_posix_api::imp::mmap::trap:90] [36mmapping_flags: MappingFlags(READ | WRITE | EXECUTE | USER)[m
[m[37m[1733835000.954748 0:5 ruxhal::arch::aarch64::trap:102] [36missue=0xf, vaddr=0x50000008aeb8, cause=INSTRUCTION[m
[m[37m[1733835000.955016 0:5 ruxos_posix_api::imp::mmap::trap:61] [36mPage Fault Happening, vaddr:0x50000008a000, casue:INSTRUCTION, map_flags:MappingFlags(READ | WRITE | EXECUTE | USER)[m
[m[37m[1733835000.955434 0:5 ruxos_posix_api::imp::mmap::trap:90] [36mmapping_flags: MappingFlags(READ | WRITE | EXECUTE | USER)[m
[m[37m[1733835000.955729 0:5 ruxhal::arch::aarch64::trap:102] [36missue=0xf, vaddr=0x50000008aeb8, cause=INSTRUCTION[m
[m[37m[1733835000.955997 0:5 ruxos_posix_api::imp::mmap::trap:61] [36mPage Fault Happening, vaddr:0x50000008a000, casue:INSTRUCTION, map_flags:MappingFlags(READ | WRITE | EXECUTE | USER)[m
[m[37m[1733835000.956415 0:5 ruxos_posix_api::imp::mmap::trap:90] [36mmapping_flags: MappingFlags(READ | WRITE | EXECUTE | USER)[m
[m[37m[1733835000.956709 0:5 ruxhal::arch::aarch64::trap:102] [36missue=0xf, vaddr=0x50000008aeb8, cause=INSTRUCTION[m
[m[37m[1733835000.956976 0:5 ruxos_posix_api::imp::mmap::trap:61] [36mPage Fault Happening, vaddr:0x50000008a000, casue:INSTRUCTION, map_flags:MappingFlags(READ | WRITE | EXECUTE | USER)[m
[m[37m[1733835000.957392 0:5 ruxos_posix_api::imp::mmap::trap:90] [36mmapping_flags: MappingFlags(READ | WRITE | EXECUTE | USER)[m
[m[37m[1733835000.957686 0:5 ruxhal::arch::aarch64::trap:102] [36missue=0xf, vaddr=0x50000008aeb8, cause=INSTRUCTION[m
[m[37m[1733835000.957954 0:5 ruxos_posix_api::imp::mmap::trap:61] [36mPage Fault Happening, vaddr:0x50000008a000, casue:INSTRUCTION, map_flags:MappingFlags(READ | WRITE | EXECUTE | USER)[m
[m[37m[1733835000.958370 0:5 ruxos_posix_api::imp::mmap::trap:90] [36mmapping_flags: MappingFlags(READ | WRITE | EXECUTE | USER)[m
[m[37m[1733835000.958663 0:5 ruxhal::arch::aarch64::trap:102] [36missue=0xf, vaddr=0x50000008aeb8, cause=INSTRUCTION[m
[m[37m[1733835000.958934 0:5 ruxos_posix_api::imp::mmap::trap:61] [36mPage Fault Happening, vaddr:0x50000008a000, casue:INSTRUCTION, map_flags:MappingFlags(READ | WRITE | EXECUTE | USER)[m
[m[37m[1733835000.959351 0:5 ruxos_posix_api::imp::mmap::trap:90] [36mmapping_flags: MappingFlags(READ | WRITE | EXECUTE | USER)[m
[m[37m[1733835000.959645 0:5 ruxhal::arch::aarch64::trap:102] [36missue=0xf, vaddr=0x50000008aeb8, cause=INSTRUCTION[m
[m[37m[1733835000.959913 0:5 ruxos_posix_api::imp::mmap::trap:61] [36mPage Fault Happening, vaddr:0x50000008a000, casue:INSTRUCTION, map_flags:MappingFlags(READ | WRITE | EXECUTE | USER)[m
[m[37m[1733835000.960330 0:5 ruxos_posix_api::imp::mmap::trap:90] [36mmapping_flags: MappingFlags(READ | WRITE | EXECUTE | USER)[m
[m[37m[1733835000.960625 0:5 ruxhal::arch::aarch64::trap:102] [36missue=0xf, vaddr=0x50000008aeb8, cause=INSTRUCTION[m
[m[37m[1733835000.960892 0:5 ruxos_posix_api::imp::mmap::trap:61] [36mPage Fault Happening, vaddr:0x50000008a000, casue:INSTRUCTION, map_flags:MappingFlags(READ | WRITE | EXECUTE | USER)[m
[m[37m[1733835000.961309 0:5 ruxos_posix_api::imp::mmap::trap:90] [36mmapping_flags: MappingFlags(READ | WRITE | EXECUTE | USER)[m
[m[37m[1733835000.961603 0:5 ruxhal::arch::aarch64::trap:102] [36missue=0xf, vaddr=0x50000008aeb8, cause=INSTRUCTION[m
[m[37m[1733835000.961871 0:5 ruxos_posix_api::imp::mmap::trap:61] [36mPage Fault Happening, vaddr:0x50000008a000, casue:INSTRUCTION, map_flags:MappingFlags(READ | WRITE | EXECUTE | USER)[m
[m[37m[1733835000.962290 0:5 ruxos_posix_api::imp::mmap::trap:90] [36mmapping_flags: MappingFlags(READ | WRITE | EXECUTE | USER)[m
[m[37m[1733835000.962586 0:5 ruxhal::arch::aarch64::trap:102] [36missue=0xf, vaddr=0x50000008aeb8, cause=INSTRUCTION[m
[m[37m[1733835000.962852 0:5 ruxos_posix_api::imp::mmap::trap:61] [36mPage Fault Happening, vaddr:0x50000008a000, casue:INSTRUCTION, map_flags:MappingFlags(READ | WRITE | EXECUTE | USER)[m
[m[37m[1733835001.963270 0:5 ruxos_posix_api::imp::mmap::trap:90] [36mmapping_flags: MappingFlags(READ | WRITE | EXECUTE | USER)[m
[m[37m[1733835001.963565 0:5 ruxhal::arch::aarch64::trap:102] [36missue=0xf, vaddr=0x50000008aeb8, cause=INSTRUCTION[m
[m[37m[1733835001.963832 0:5 ruxos_posix_api::imp::mmap::trap:61] [36mPage Fault Happening, vaddr:0x50000008a000, casue:INSTRUCTION, map_flags:MappingFlags(READ | WRITE | EXECUTE | USER)[m
[m[37m[1733835001.964249 0:5 ruxos_posix_api::imp::mmap::trap:90] [36mmapping_flags: MappingFlags(READ | WRITE | EXECUTE | USER)[m
[m[37m[1733835001.964581 0:5 ruxhal::arch::aarch64::trap:102] [36missue=0xf, vaddr=0x50000008aeb8, cause=INSTRUCTION[m
[m[37m[1733835001.964849 0:5 ruxos_posix_api::imp::mmap::trap:61] [36mPage Fault Happening, vaddr:0x50000008a000, casue:INSTRUCTION, map_flags:MappingFlags(READ | WRITE | EXECUTE | USER)[m
[m[37m[1733835001.965266 0:5 ruxos_posix_api::imp::mmap::trap:90] [36mmapping_flags: MappingFlags(READ | WRITE | EXECUTE | USER)[m
[m[37m[1733835001.965561 0:5 ruxhal::arch::aarch64::trap:102] [36missue=0xf, vaddr=0x50000008aeb8, cause=INSTRUCTION[m
[m[37m[1733835001.965828 0:5 ruxos_posix_api::imp::mmap::trap:61] [36mPage Fault Happening, vaddr:0x50000008a000, casue:INSTRUCTION, map_flags:MappingFlags(READ | WRITE | EXECUTE | USER)[m
[m[37m[1733835001.966245 0:5 ruxos_posix_api::imp::mmap::trap:90] [36mmapping_flags: MappingFlags(READ | WRITE | EXECUTE | USER)[m
[m[37m[1733835001.966538 0:5 ruxhal::arch::aarch64::trap:102] [36missue=0xf, vaddr=0x50000008aeb8, cause=INSTRUCTION[m
[m[37m[1733835001.966807 0:5 ruxos_posix_api::imp::mmap::trap:61] [36mPage Fault Happening, vaddr:0x50000008a000, casue:INSTRUCTION, map_flags:MappingFlags(READ | WRITE | EXECUTE | USER)[m
[m[37m[1733835001.967224 0:5 ruxos_posix_api::imp::mmap::trap:90] [36mmapping_flags: MappingFlags(READ | WRITE | EXECUTE | USER)[m
[m[37m[1733835001.967518 0:5 ruxhal::arch::aarch64::trap:102] [36missue=0xf, vaddr=0x50000008aeb8, cause=INSTRUCTION[m
[m[37m[1733835001.967786 0:5 ruxos_posix_api::imp::mmap::trap:61] [36mPage Fault Happening, vaddr:0x50000008a000, casue:INSTRUCTION, map_flags:MappingFlags(READ | WRITE | EXECUTE | USER)[m
[m[37m[1733835001.968203 0:5 ruxos_posix_api::imp::mmap::trap:90] [36mmapping_flags: MappingFlags(READ | WRITE | EXECUTE | USER)[m
[m[37m[1733835001.968496 0:5 ruxhal::arch::aarch64::trap:102] [36missue=0xf, vaddr=0x50000008aeb8, cause=INSTRUCTION[m
[m[37m[1733835001.968763 0:5 ruxos_posix_api::imp::mmap::trap:61] [36mPage Fault Happening, vaddr:0x50000008a000, casue:INSTRUCTION, map_flags:MappingFlags(READ | WRITE | EXECUTE | USER)[m
[m[37m[1733835001.969188 0:5 ruxos_posix_api::imp::mmap::trap:90] [36mmapping_flags: MappingFlags(READ | WRITE | EXECUTE | USER)[m
[m[37m[1733835001.969484 0:5 ruxhal::arch::aarch64::trap:102] [36missue=0xf, vaddr=0x50000008aeb8, cause=INSTRUCTION[m
[m[37m[1733835001.969751 0:5 ruxos_posix_api::imp::mmap::trap:61] [36mPage Fault Happening, vaddr:0x50000008a000, casue:INSTRUCTION, map_flags:MappingFlags(READ | WRITE | EXECUTE | USER)[m
[m[37m[1733835001.970168 0:5 ruxos_posix_api::imp::mmap::trap:90] [36mmapping_flags: MappingFlags(READ | WRITE | EXECUTE | USER)[m
[m[37m[1733835001.970461 0:5 ruxhal::arch::aarch64::trap:102] [36missue=0xf, vaddr=0x50000008aeb8, cause=INSTRUCTION[m
[m[37m[1733835001.970728 0:5 ruxos_posix_api::imp::mmap::trap:61] [36mPage Fault Happening, vaddr:0x50000008a000, casue:INSTRUCTION, map_flags:MappingFlags(READ | WRITE | EXECUTE | USER)[m
[m[37m[1733835001.971145 0:5 ruxos_posix_api::imp::mmap::trap:90] [36mmapping_flags: MappingFlags(READ | WRITE | EXECUTE | USER)[m
[m[37m[1733835001.971439 0:5 ruxhal::arch::aarch64::trap:102] [36missue=0xf, vaddr=0x50000008aeb8, cause=INSTRUCTION[m
[m[37m[1733835001.971706 0:5 ruxos_posix_api::imp::mmap::trap:61] [36mPage Fault Happening, vaddr:0x50000008a000, casue:INSTRUCTION, map_flags:MappingFlags(READ | WRITE | EXECUTE | USER)[m
[m[37m[1733835001.972122 0:5 ruxos_posix_api::imp::mmap::trap:90] [36mmapping_flags: MappingFlags(READ | WRITE | EXECUTE | USER)[m
[m[37m[1733835001.972417 0:5 ruxhal::arch::aarch64::trap:102] [36missue=0xf, vaddr=0x50000008aeb8, cause=INSTRUCTION[m
[m[37m[1733835001.972685 0:5 ruxos_posix_api::imp::mmap::trap:61] [36mPage Fault Happening, vaddr:0x50000008a000, casue:INSTRUCTION, map_flags:MappingFlags(READ | WRITE | EXECUTE | USER)[m
[m[37m[1733835001.973101 0:5 ruxos_posix_api::imp::mmap::trap:90] [36mmapping_flags: MappingFlags(READ | WRITE | EXECUTE | USER)[m
[m[37m[1733835001.973394 0:5 ruxhal::arch::aarch64::trap:102] [36missue=0xf, vaddr=0x50000008aeb8, cause=INSTRUCTION[m
[m[37m[1733835001.973661 0:5 ruxos_posix_api::imp::mmap::trap:61] [36mPage Fault Happening, vaddr:0x50000008a000, casue:INSTRUCTION, map_flags:MappingFlags(READ | WRITE | EXECUTE | USER)[m
[m[37m[1733835001.974077 0:5 ruxos_posix_api::imp::mmap::trap:90] [36mmapping_flags: MappingFlags(READ | WRITE | EXECUTE | USER)[m
[m[37m[1733835001.974370 0:5 ruxhal::arch::aarch64::trap:102] [36missue=0xf, vaddr=0x50000008aeb8, cause=INSTRUCTION[m
[m[37m[1733835001.974669 0:5 ruxos_posix_api::imp::mmap::trap:61] [36mPage Fault Happening, vaddr:0x50000008a000, casue:INSTRUCTION, map_flags:MappingFlags(READ | WRITE | EXECUTE | USER)[m
[m[37m[1733835001.975128 0:5 ruxos_posix_api::imp::mmap::trap:90] [36mmapping_flags: MappingFlags(READ | WRITE | EXECUTE | USER)[m
[m[37m[1733835001.975459 0:5 ruxhal::arch::aarch64::trap:102] [36missue=0xf, vaddr=0x50000008aeb8, cause=INSTRUCTION[m
[m[37m[1733835001.975744 0:5 ruxos_posix_api::imp::mmap::trap:61] [36mPage Fault Happening, vaddr:0x50000008a000, casue:INSTRUCTION, map_flags:MappingFlags(READ | WRITE | EXECUTE | USER)[m
[m[37m[1733835001.976160 0:5 ruxos_posix_api::imp::mmap::trap:90] [36mmapping_flags: MappingFlags(READ | WRITE | EXECUTE | USER)[m
[m[37m[1733835001.976454 0:5 ruxhal::arch::aarch64::trap:102] [36missue=0xf, vaddr=0x50000008aeb8, cause=INSTRUCTION[m
[m[37m[1733835001.976722 0:5 ruxos_posix_api::imp::mmap::trap:61] [36mPage Fault Happening, vaddr:0x50000008a000, casue:INSTRUCTION, map_flags:MappingFlags(READ | WRITE | EXECUTE | USER)[m
[m[37m[1733835001.977140 0:5 ruxos_posix_api::imp::mmap::trap:90] [36mmapping_flags: MappingFlags(READ | WRITE | EXECUTE | USER)[m
[m[37m[1733835001.977436 0:5 ruxhal::arch::aarch64::trap:102] [36missue=0xf, vaddr=0x50000008aeb8, cause=INSTRUCTION[m
[m[37m[1733835001.977703 0:5 ruxos_posix_api::imp::mmap::trap:61] [36mPage Fault Happening, vaddr:0x50000008a000, casue:INSTRUCTION, map_flags:MappingFlags(READ | WRITE | EXECUTE | USER)[m
[m[37m[1733835001.978121 0:5 ruxos_posix_api::imp::mmap::trap:90] [36mmapping_flags: MappingFlags(READ | WRITE | EXECUTE | USER)[m
[m[37m[1733835001.978417 0:5 ruxhal::arch::aarch64::trap:102] [36missue=0xf, vaddr=0x50000008aeb8, cause=INSTRUCTION[m
[m[37m[1733835001.978683 0:5 ruxos_posix_api::imp::mmap::trap:61] [36mPage Fault Happening, vaddr:0x50000008a000, casue:INSTRUCTION, map_flags:MappingFlags(READ | WRITE | EXECUTE | USER)[m
[m[37m[1733835001.979103 0:5 ruxos_posix_api::imp::mmap::trap:90] [36mmapping_flags: MappingFlags(READ | WRITE | EXECUTE | USER)[m
[m[37m[1733835001.979398 0:5 ruxhal::arch::aarch64::trap:102] [36missue=0xf, vaddr=0x50000008aeb8, cause=INSTRUCTION[m
[m[37m[1733835001.979665 0:5 ruxos_posix_api::imp::mmap::trap:61] [36mPage Fault Happening, vaddr:0x50000008a000, casue:INSTRUCTION, map_flags:MappingFlags(READ | WRITE | EXECUTE | USER)[m
[m[37m[1733835001.980081 0:5 ruxos_posix_api::imp::mmap::trap:90] [36mmapping_flags: MappingFlags(READ | WRITE | EXECUTE | USER)[m
[m[37m[1733835001.980376 0:5 ruxhal::arch::aarch64::trap:102] [36missue=0xf, vaddr=0x50000008aeb8, cause=INSTRUCTION[m
[m[37m[1733835001.980642 0:5 ruxos_posix_api::imp::mmap::trap:61] [36mPage Fault Happening, vaddr:0x50000008a000, casue:INSTRUCTION, map_flags:MappingFlags(READ | WRITE | EXECUTE | USER)[m
[m[37m[1733835001.981058 0:5 ruxos_posix_api::imp::mmap::trap:90] [36mmapping_flags: MappingFlags(READ | WRITE | EXECUTE | USER)[m
[m[37m[1733835001.981353 0:5 ruxhal::arch::aarch64::trap:102] [36missue=0xf, vaddr=0x50000008aeb8, cause=INSTRUCTION[m
[m[37m[1733835001.981620 0:5 ruxos_posix_api::imp::mmap::trap:61] [36mPage Fault Happening, vaddr:0x50000008a000, casue:INSTRUCTION, map_flags:MappingFlags(READ | WRITE | EXECUTE | USER)[m
[m[37m[1733835001.982037 0:5 ruxos_posix_api::imp::mmap::trap:90] [36mmapping_flags: MappingFlags(READ | WRITE | EXECUTE | USER)[m
[m[37m[1733835001.982333 0:5 ruxhal::arch::aarch64::trap:102] [36missue=0xf, vaddr=0x50000008aeb8, cause=INSTRUCTION[m
[m[37m[1733835001.982599 0:5 ruxos_posix_api::imp::mmap::trap:61] [36mPage Fault Happening, vaddr:0x50000008a000, casue:INSTRUCTION, map_flags:MappingFlags(READ | WRITE | EXECUTE | USER)[m
[m[37m[1733835001.983016 0:5 ruxos_posix_api::imp::mmap::trap:90] [36mmapping_flags: MappingFlags(READ | WRITE | EXECUTE | USER)[m
[m[37m[1733835001.983310 0:5 ruxhal::arch::aarch64::trap:102] [36missue=0xf, vaddr=0x50000008aeb8, cause=INSTRUCTION[m
[m[37m[1733835001.983575 0:5 ruxos_posix_api::imp::mmap::trap:61] [36mPage Fault Happening, vaddr:0x50000008a000, casue:INSTRUCTION, map_flags:MappingFlags(READ | WRITE | EXECUTE | USER)[m
[m[37m[1733835001.983998 0:5 ruxos_posix_api::imp::mmap::trap:90] [36mmapping_flags: MappingFlags(READ | WRITE | EXECUTE | USER)[m
[m[37m[1733835001.984292 0:5 ruxhal::arch::aarch64::trap:102] [36missue=0xf, vaddr=0x50000008aeb8, cause=INSTRUCTION[m
[m[37m[1733835001.984592 0:5 ruxos_posix_api::imp::mmap::trap:61] [36mPage Fault Happening, vaddr:0x50000008a000, casue:INSTRUCTION, map_flags:MappingFlags(READ | WRITE | EXECUTE | USER)[m
[m[37m[1733835001.985053 0:5 ruxos_posix_api::imp::mmap::trap:90] [36mmapping_flags: MappingFlags(READ | WRITE | EXECUTE | USER)[m
[m[37m[1733835001.985385 0:5 ruxhal::arch::aarch64::trap:102] [36missue=0xf, vaddr=0x50000008aeb8, cause=INSTRUCTION[m
[m[37m[1733835001.985675 0:5 ruxos_posix_api::imp::mmap::trap:61] [36mPage Fault Happening, vaddr:0x50000008a000, casue:INSTRUCTION, map_flags:MappingFlags(READ | WRITE | EXECUTE | USER)[m
[m[37m[1733835001.986091 0:5 ruxos_posix_api::imp::mmap::trap:90] [36mmapping_flags: MappingFlags(READ | WRITE | EXECUTE | USER)[m
[m[37m[1733835001.986385 0:5 ruxhal::arch::aarch64::trap:102] [36missue=0xf, vaddr=0x50000008aeb8, cause=INSTRUCTION[m
[m[37m[1733835001.986653 0:5 ruxos_posix_api::imp::mmap::trap:61] [36mPage Fault Happening, vaddr:0x50000008a000, casue:INSTRUCTION, map_flags:MappingFlags(READ | WRITE | EXECUTE | USER)[m
[m[37m[1733835001.987070 0:5 ruxos_posix_api::imp::mmap::trap:90] [36mmapping_flags: MappingFlags(READ | WRITE | EXECUTE | USER)[m
[m[37m[1733835001.987367 0:5 ruxhal::arch::aarch64::trap:102] [36missue=0xf, vaddr=0x50000008aeb8, cause=INSTRUCTION[m
[m[37m[1733835001.987636 0:5 ruxos_posix_api::imp::mmap::trap:61] [36mPage Fault Happening, vaddr:0x50000008a000, casue:INSTRUCTION, map_flags:MappingFlags(READ | WRITE | EXECUTE | USER)[m
[m[37m[1733835001.988054 0:5 ruxos_posix_api::imp::mmap::trap:90] [36mmapping_flags: MappingFlags(READ | WRITE | EXECUTE | USER)[m
[m[37m[1733835001.988349 0:5 ruxhal::arch::aarch64::trap:102] [36missue=0xf, vaddr=0x50000008aeb8, cause=INSTRUCTION[m
[m[37m[1733835001.988618 0:5 ruxos_posix_api::imp::mmap::trap:61] [36mPage Fault Happening, vaddr:0x50000008a000, casue:INSTRUCTION, map_flags:MappingFlags(READ | WRITE | EXECUTE | USER)[m
[m[37m[1733835001.989038 0:5 ruxos_posix_api::imp::mmap::trap:90] [36mmapping_flags: MappingFlags(READ | WRITE | EXECUTE | USER)[m
[m[37m[1733835001.989333 0:5 ruxhal::arch::aarch64::trap:102] [36missue=0xf, vaddr=0x50000008aeb8, cause=INSTRUCTION[m
[m[37m[1733835001.989602 0:5 ruxos_posix_api::imp::mmap::trap:61] [36mPage Fault Happening, vaddr:0x50000008a000, casue:INSTRUCTION, map_flags:MappingFlags(READ | WRITE | EXECUTE | USER)[m
[m[37m[1733835001.990018 0:5 ruxos_posix_api::imp::mmap::trap:90] [36mmapping_flags: MappingFlags(READ | WRITE | EXECUTE | USER)[m
[m[37m[1733835001.990313 0:5 ruxhal::arch::aarch64::trap:102] [36missue=0xf, vaddr=0x50000008aeb8, cause=INSTRUCTION[m
[m[37m[1733835001.990581 0:5 ruxos_posix_api::imp::mmap::trap:61] [36mPage Fault Happening, vaddr:0x50000008a000, casue:INSTRUCTION, map_flags:MappingFlags(READ | WRITE | EXECUTE | USER)[m
[m[37m[1733835001.990998 0:5 ruxos_posix_api::imp::mmap::trap:90] [36mmapping_flags: MappingFlags(READ | WRITE | EXECUTE | USER)[m
[m[37m[1733835001.991294 0:5 ruxhal::arch::aarch64::trap:102] [36missue=0xf, vaddr=0x50000008aeb8, cause=INSTRUCTION[m
[m[37m[1733835001.991562 0:5 ruxos_posix_api::imp::mmap::trap:61] [36mPage Fault Happening, vaddr:0x50000008a000, casue:INSTRUCTION, map_flags:MappingFlags(READ | WRITE | EXECUTE | USER)[m
[m[37m[1733835001.991981 0:5 ruxos_posix_api::imp::mmap::trap:90] [36mmapping_flags: MappingFlags(READ | WRITE | EXECUTE | USER)[m
[m[37m[1733835001.992278 0:5 ruxhal::arch::aarch64::trap:102] [36missue=0xf, vaddr=0x50000008aeb8, cause=INSTRUCTION[m
[m[37m[1733835001.992546 0:5 ruxos_posix_api::imp::mmap::trap:61] [36mPage Fault Happening, vaddr:0x50000008a000, casue:INSTRUCTION, map_flags:MappingFlags(READ | WRITE | EXECUTE | USER)[m
[m[37m[1733835001.992963 0:5 ruxos_posix_api::imp::mmap::trap:90] [36mmapping_flags: MappingFlags(READ | WRITE | EXECUTE | USER)[m
[m[37m[1733835001.993257 0:5 ruxhal::arch::aarch64::trap:102] [36missue=0xf, vaddr=0x50000008aeb8, cause=INSTRUCTION[m
[m[37m[1733835001.993527 0:5 ruxos_posix_api::imp::mmap::trap:61] [36mPage Fault Happening, vaddr:0x50000008a000, casue:INSTRUCTION, map_flags:MappingFlags(READ | WRITE | EXECUTE | USER)[m
[m[37m[1733835001.993945 0:5 ruxos_posix_api::imp::mmap::trap:90] [36mmapping_flags: MappingFlags(READ | WRITE | EXECUTE | USER)[m
[m[37m[1733835001.994239 0:5 ruxhal::arch::aarch64::trap:102] [36missue=0xf, vaddr=0x50000008aeb8, cause=INSTRUCTION[m
[m[37m[1733835001.994528 0:5 ruxos_posix_api::imp::mmap::trap:61] [36mPage Fault Happening, vaddr:0x50000008a000, casue:INSTRUCTION, map_flags:MappingFlags(READ | WRITE | EXECUTE | USER)[m
[m[37m[1733835001.994987 0:5 ruxos_posix_api::imp::mmap::trap:90] [36mmapping_flags: MappingFlags(READ | WRITE | EXECUTE | USER)[m
[m[37m[1733835001.995319 0:5 ruxhal::arch::aarch64::trap:102] [36missue=0xf, vaddr=0x50000008aeb8, cause=INSTRUCTION[m
[m[37m[1733835001.995604 0:5 ruxos_posix_api::imp::mmap::trap:61] [36mPage Fault Happening, vaddr:0x50000008a000, casue:INSTRUCTION, map_flags:MappingFlags(READ | WRITE | EXECUTE | USER)[m
[m[37m[1733835001.996022 0:5 ruxos_posix_api::imp::mmap::trap:90] [36mmapping_flags: MappingFlags(READ | WRITE | EXECUTE | USER)[m
[m[37m[1733835001.996319 0:5 ruxhal::arch::aarch64::trap:102] [36missue=0xf, vaddr=0x50000008aeb8, cause=INSTRUCTION[m
[m[37m[1733835001.996587 0:5 ruxos_posix_api::imp::mmap::trap:61] [36mPage Fault Happening, vaddr:0x50000008a000, casue:INSTRUCTION, map_flags:MappingFlags(READ | WRITE | EXECUTE | USER)[m
[m[37m[1733835001.997005 0:5 ruxos_posix_api::imp::mmap::trap:90] [36mmapping_flags: MappingFlags(READ | WRITE | EXECUTE | USER)[m
[m[37m[1733835001.997299 0:5 ruxhal::arch::aarch64::trap:102] [36missue=0xf, vaddr=0x50000008aeb8, cause=INSTRUCTION[m
[m[37m[1733835001.997568 0:5 ruxos_posix_api::imp::mmap::trap:61] [36mPage Fault Happening, vaddr:0x50000008a000, casue:INSTRUCTION, map_flags:MappingFlags(READ | WRITE | EXECUTE | USER)[m
[m[37m[1733835001.997987 0:5 ruxos_posix_api::imp::mmap::trap:90] [36mmapping_flags: MappingFlags(READ | WRITE | EXECUTE | USER)[m
[m[37m[1733835001.998281 0:5 ruxhal::arch::aarch64::trap:102] [36missue=0xf, vaddr=0x50000008aeb8, cause=INSTRUCTION[m
[m[37m[1733835001.998550 0:5 ruxos_posix_api::imp::mmap::trap:61] [36mPage Fault Happening, vaddr:0x50000008a000, casue:INSTRUCTION, map_flags:MappingFlags(READ | WRITE | EXECUTE | USER)[m
[m[37m[1733835001.998970 0:5 ruxos_posix_api::imp::mmap::trap:90] [36mmapping_flags: MappingFlags(READ | WRITE | EXECUTE | USER)[m
[m[37m[1733835001.999264 0:5 ruxhal::arch::aarch64::trap:102] [36missue=0xf, vaddr=0x50000008aeb8, cause=INSTRUCTION[m
[m[37m[1733835001.999531 0:5 ruxos_posix_api::imp::mmap::trap:61] [36mPage Fault Happening, vaddr:0x50000008a000, casue:INSTRUCTION, map_flags:MappingFlags(READ | WRITE | EXECUTE | USER)[m
[m[37m[1733835001.999951 0:5 ruxos_posix_api::imp::mmap::trap:90] [36mmapping_flags: MappingFlags(READ | WRITE | EXECUTE | USER)[m
[m[37m[1733835001.000248 0:5 ruxhal::arch::aarch64::trap:102] [36missue=0xf, vaddr=0x50000008aeb8, cause=INSTRUCTION[m
[m[37m[1733835001.000520 0:5 ruxos_posix_api::imp::mmap::trap:61] [36mPage Fault Happening, vaddr:0x50000008a000, casue:INSTRUCTION, map_flags:MappingFlags(READ | WRITE | EXECUTE | USER)[m
[m[37m[1733835001.000939 0:5 ruxos_posix_api::imp::mmap::trap:90] [36mmapping_flags: MappingFlags(READ | WRITE | EXECUTE | USER)[m
[m[37m[1733835001.001235 0:5 ruxhal::arch::aarch64::trap:102] [36missue=0xf, vaddr=0x50000008aeb8, cause=INSTRUCTION[m
[m[37m[1733835001.001504 0:5 ruxos_posix_api::imp::mmap::trap:61] [36mPage Fault Happening, vaddr:0x50000008a000, casue:INSTRUCTION, map_flags:MappingFlags(READ | WRITE | EXECUTE | USER)[m
[m[37m[1733835001.001922 0:5 ruxos_posix_api::imp::mmap::trap:90] [36mmapping_flags: MappingFlags(READ | WRITE | EXECUTE | USER)[m
[m[37m[1733835001.002221 0:5 ruxhal::arch::aarch64::trap:102] [36missue=0xf, vaddr=0x50000008aeb8, cause=INSTRUCTION[m
[m[37m[1733835001.002488 0:5 ruxos_posix_api::imp::mmap::trap:61] [36mPage Fault Happening, vaddr:0x50000008a000, casue:INSTRUCTION, map_flags:MappingFlags(READ | WRITE | EXECUTE | USER)[m
[m[37m[1733835001.002905 0:5 ruxos_posix_api::imp::mmap::trap:90] [36mmapping_flags: MappingFlags(READ | WRITE | EXECUTE | USER)[m
[m[37m[1733835001.003199 0:5 ruxhal::arch::aarch64::trap:102] [36missue=0xf, vaddr=0x50000008aeb8, cause=INSTRUCTION[m
[m[37m[1733835001.003468 0:5 ruxos_posix_api::imp::mmap::trap:61] [36mPage Fault Happening, vaddr:0x50000008a000, casue:INSTRUCTION, map_flags:MappingFlags(READ | WRITE | EXECUTE | USER)[m
[m[37m[1733835001.003885 0:5 ruxos_posix_api::imp::mmap::trap:90] [36mmapping_flags: MappingFlags(READ | WRITE | EXECUTE | USER)[m
[m[37m[1733835001.004181 0:5 ruxhal::arch::aarch64::trap:102] [36missue=0xf, vaddr=0x50000008aeb8, cause=INSTRUCTION[m
[m[37m[1733835001.004451 0:5 ruxos_posix_api::imp::mmap::trap:61] [36mPage Fault Happening, vaddr:0x50000008a000, casue:INSTRUCTION, map_flags:MappingFlags(READ | WRITE | EXECUTE | USER)[m
[m[37m[1733835001.004929 0:5 ruxos_posix_api::imp::mmap::trap:90] [36mmapping_flags: MappingFlags(READ | WRITE | EXECUTE | USER)[m
[m[37m[1733835001.005263 0:5 ruxhal::arch::aarch64::trap:102] [36missue=0xf, vaddr=0x50000008aeb8, cause=INSTRUCTION[m
[m[37m[1733835001.005555 0:5 ruxos_posix_api::imp::mmap::trap:61] [36mPage Fault Happening, vaddr:0x50000008a000, casue:INSTRUCTION, map_flags:MappingFlags(READ | WRITE | EXECUTE | USER)[m
[m[37m[1733835001.005974 0:5 ruxos_posix_api::imp::mmap::trap:90] [36mmapping_flags: MappingFlags(READ | WRITE | EXECUTE | USER)[m
[m[37m[1733835001.006271 0:5 ruxhal::arch::aarch64::trap:102] [36missue=0xf, vaddr=0x50000008aeb8, cause=INSTRUCTION[m
[m[37m[1733835001.006539 0:5 ruxos_posix_api::imp::mmap::trap:61] [36mPage Fault Happening, vaddr:0x50000008a000, casue:INSTRUCTION, map_flags:MappingFlags(READ | WRITE | EXECUTE | USER)[m
[m[37m[1733835001.006957 0:5 ruxos_posix_api::imp::mmap::trap:90] [36mmapping_flags: MappingFlags(READ | WRITE | EXECUTE | USER)[m
[m[37m[1733835001.007253 0:5 ruxhal::arch::aarch64::trap:102] [36missue=0xf, vaddr=0x50000008aeb8, cause=INSTRUCTION[m
[m[37m[1733835001.007521 0:5 ruxos_posix_api::imp::mmap::trap:61] [36mPage Fault Happening, vaddr:0x50000008a000, casue:INSTRUCTION, map_flags:MappingFlags(READ | WRITE | EXECUTE | USER)[m
[m[37m[1733835001.007938 0:5 ruxos_posix_api::imp::mmap::trap:90] [36mmapping_flags: MappingFlags(READ | WRITE | EXECUTE | USER)[m
[m[37m[1733835001.008234 0:5 ruxhal::arch::aarch64::trap:102] [36missue=0xf, vaddr=0x50000008aeb8, cause=INSTRUCTION[m
[m[37m[1733835001.008504 0:5 ruxos_posix_api::imp::mmap::trap:61] [36mPage Fault Happening, vaddr:0x50000008a000, casue:INSTRUCTION, map_flags:MappingFlags(READ | WRITE | EXECUTE | USER)[m
[m[37m[1733835001.008923 0:5 ruxos_posix_api::imp::mmap::trap:90] [36mmapping_flags: MappingFlags(READ | WRITE | EXECUTE | USER)[m
[m[37m[1733835001.009219 0:5 ruxhal::arch::aarch64::trap:102] [36missue=0xf, vaddr=0x50000008aeb8, cause=INSTRUCTION[m
[m[37m[1733835001.009488 0:5 ruxos_posix_api::imp::mmap::trap:61] [36mPage Fault Happening, vaddr:0x50000008a000, casue:INSTRUCTION, map_flags:MappingFlags(READ | WRITE | EXECUTE | USER)[m
[m[37m[1733835001.009907 0:5 ruxos_posix_api::imp::mmap::trap:90] [36mmapping_flags: MappingFlags(READ | WRITE | EXECUTE | USER)[m
[m[37m[1733835001.010203 0:5 ruxhal::arch::aarch64::trap:102] [36missue=0xf, vaddr=0x50000008aeb8, cause=INSTRUCTION[m
[m[37m[1733835001.010472 0:5 ruxos_posix_api::imp::mmap::trap:61] [36mPage Fault Happening, vaddr:0x50000008a000, casue:INSTRUCTION, map_flags:MappingFlags(READ | WRITE | EXECUTE | USER)[m
[m[37m[1733835001.010890 0:5 ruxos_posix_api::imp::mmap::trap:90] [36mmapping_flags: MappingFlags(READ | WRITE | EXECUTE | USER)[m
[m[37m[1733835001.011183 0:5 ruxhal::arch::aarch64::trap:102] [36missue=0xf, vaddr=0x50000008aeb8, cause=INSTRUCTION[m
[m[37m[1733835001.011451 0:5 ruxos_posix_api::imp::mmap::trap:61] [36mPage Fault Happening, vaddr:0x50000008a000, casue:INSTRUCTION, map_flags:MappingFlags(READ | WRITE | EXECUTE | USER)[m
[m[37m[1733835001.011870 0:5 ruxos_posix_api::imp::mmap::trap:90] [36mmapping_flags: MappingFlags(READ | WRITE | EXECUTE | USER)[m
[m[37m[1733835001.012167 0:5 ruxhal::arch::aarch64::trap:102] [36missue=0xf, vaddr=0x50000008aeb8, cause=INSTRUCTION[m
[m[37m[1733835001.012435 0:5 ruxos_posix_api::imp::mmap::trap:61] [36mPage Fault Happening, vaddr:0x50000008a000, casue:INSTRUCTION, map_flags:MappingFlags(READ | WRITE | EXECUTE | USER)[m
[m[37m[1733835001.012853 0:5 ruxos_posix_api::imp::mmap::trap:90] [36mmapping_flags: MappingFlags(READ | WRITE | EXECUTE | USER)[m
[m[37m[1733835001.013147 0:5 ruxhal::arch::aarch64::trap:102] [36missue=0xf, vaddr=0x50000008aeb8, cause=INSTRUCTION[m
[m[37m[1733835001.013415 0:5 ruxos_posix_api::imp::mmap::trap:61] [36mPage Fault Happening, vaddr:0x50000008a000, casue:INSTRUCTION, map_flags:MappingFlags(READ | WRITE | EXECUTE | USER)[m
[m[37m[1733835001.013833 0:5 ruxos_posix_api::imp::mmap::trap:90] [36mmapping_flags: MappingFlags(READ | WRITE | EXECUTE | USER)[m
[m[37m[1733835001.014130 0:5 ruxhal::arch::aarch64::trap:102] [36missue=0xf, vaddr=0x50000008aeb8, cause=INSTRUCTION[m
[m[37m[1733835001.014399 0:5 ruxos_posix_api::imp::mmap::trap:61] [36mPage Fault Happening, vaddr:0x50000008a000, casue:INSTRUCTION, map_flags:MappingFlags(READ | WRITE | EXECUTE | USER)[m
[m[37m[1733835001.014871 0:5 ruxos_posix_api::imp::mmap::trap:90] [36mmapping_flags: MappingFlags(READ | WRITE | EXECUTE | USER)[m
[m[37m[1733835001.015203 0:5 ruxhal::arch::aarch64::trap:102] [36missue=0xf, vaddr=0x50000008aeb8, cause=INSTRUCTION[m
[m[37m[1733835001.015486 0:5 ruxos_posix_api::imp::mmap::trap:61] [36mPage Fault Happening, vaddr:0x50000008a000, casue:INSTRUCTION, map_flags:MappingFlags(READ | WRITE | EXECUTE | USER)[m
[m[37m[1733835001.015906 0:5 ruxos_posix_api::imp::mmap::trap:90] [36mmapping_flags: MappingFlags(READ | WRITE | EXECUTE | USER)[m
[m[37m[1733835001.016201 0:5 ruxhal::arch::aarch64::trap:102] [36missue=0xf, vaddr=0x50000008aeb8, cause=INSTRUCTION[m
[m[37m[1733835001.016469 0:5 ruxos_posix_api::imp::mmap::trap:61] [36mPage Fault Happening, vaddr:0x50000008a000, casue:INSTRUCTION, map_flags:MappingFlags(READ | WRITE | EXECUTE | USER)[m
[m[37m[1733835001.016886 0:5 ruxos_posix_api::imp::mmap::trap:90] [36mmapping_flags: MappingFlags(READ | WRITE | EXECUTE | USER)[m
[m[37m[1733835001.017182 0:5 ruxhal::arch::aarch64::trap:102] [36missue=0xf, vaddr=0x50000008aeb8, cause=INSTRUCTION[m
[m[37m[1733835001.017451 0:5 ruxos_posix_api::imp::mmap::trap:61] [36mPage Fault Happening, vaddr:0x50000008a000, casue:INSTRUCTION, map_flags:MappingFlags(READ | WRITE | EXECUTE | USER)[m
[m[37m[1733835001.017867 0:5 ruxos_posix_api::imp::mmap::trap:90] [36mmapping_flags: MappingFlags(READ | WRITE | EXECUTE | USER)[m
[m[37m[1733835001.018162 0:5 ruxhal::arch::aarch64::trap:102] [36missue=0xf, vaddr=0x50000008aeb8, cause=INSTRUCTION[m
[m[37m[1733835001.018429 0:5 ruxos_posix_api::imp::mmap::trap:61] [36mPage Fault Happening, vaddr:0x50000008a000, casue:INSTRUCTION, map_flags:MappingFlags(READ | WRITE | EXECUTE | USER)[m
[m[37m[1733835001.018850 0:5 ruxos_posix_api::imp::mmap::trap:90] [36mmapping_flags: MappingFlags(READ | WRITE | EXECUTE | USER)[m
[m[37m[1733835001.019144 0:5 ruxhal::arch::aarch64::trap:102] [36missue=0xf, vaddr=0x50000008aeb8, cause=INSTRUCTION[m
[m[37m[1733835001.019413 0:5 ruxos_posix_api::imp::mmap::trap:61] [36mPage Fault Happening, vaddr:0x50000008a000, casue:INSTRUCTION, map_flags:MappingFlags(READ | WRITE | EXECUTE | USER)[m
[m[37m[1733835001.019831 0:5 ruxos_posix_api::imp::mmap::trap:90] [36mmapping_flags: MappingFlags(READ | WRITE | EXECUTE | USER)[m
[m[37m[1733835001.020126 0:5 ruxhal::arch::aarch64::trap:102] [36missue=0xf, vaddr=0x50000008aeb8, cause=INSTRUCTION[m
[m[37m[1733835001.020394 0:5 ruxos_posix_api::imp::mmap::trap:61] [36mPage Fault Happening, vaddr:0x50000008a000, casue:INSTRUCTION, map_flags:MappingFlags(READ | WRITE | EXECUTE | USER)[m
[m[37m[1733835001.020810 0:5 ruxos_posix_api::imp::mmap::trap:90] [36mmapping_flags: MappingFlags(READ | WRITE | EXECUTE | USER)[m
[m[37m[1733835001.021104 0:5 ruxhal::arch::aarch64::trap:102] [36missue=0xf, vaddr=0x50000008aeb8, cause=INSTRUCTION[m
[m[37m[1733835001.021372 0:5 ruxos_posix_api::imp::mmap::trap:61] [36mPage Fault Happening, vaddr:0x50000008a000, casue:INSTRUCTION, map_flags:MappingFlags(READ | WRITE | EXECUTE | USER)[m
[m[37m[1733835001.021789 0:5 ruxos_posix_api::imp::mmap::trap:90] [36mmapping_flags: MappingFlags(READ | WRITE | EXECUTE | USER)[m
[m[37m[1733835001.022084 0:5 ruxhal::arch::aarch64::trap:102] [36missue=0xf, vaddr=0x50000008aeb8, cause=INSTRUCTION[m
[m[37m[1733835001.022354 0:5 ruxos_posix_api::imp::mmap::trap:61] [36mPage Fault Happening, vaddr:0x50000008a000, casue:INSTRUCTION, map_flags:MappingFlags(READ | WRITE | EXECUTE | USER)[m
[m[37m[1733835001.022773 0:5 ruxos_posix_api::imp::mmap::trap:90] [36mmapping_flags: MappingFlags(READ | WRITE | EXECUTE | USER)[m
[m[37m[1733835001.023069 0:5 ruxhal::arch::aarch64::trap:102] [36missue=0xf, vaddr=0x50000008aeb8, cause=INSTRUCTION[m
[m[37m[1733835001.023335 0:5 ruxos_posix_api::imp::mmap::trap:61] [36mPage Fault Happening, vaddr:0x50000008a000, casue:INSTRUCTION, map_flags:MappingFlags(READ | WRITE | EXECUTE | USER)[m
[m[37m[1733835001.023753 0:5 ruxos_posix_api::imp::mmap::trap:90] [36mmapping_flags: MappingFlags(READ | WRITE | EXECUTE | USER)[m
[m[37m[1733835001.024048 0:5 ruxhal::arch::aarch64::trap:102] [36missue=0xf, vaddr=0x50000008aeb8, cause=INSTRUCTION[m
[m[37m[1733835001.024316 0:5 ruxos_posix_api::imp::mmap::trap:61] [36mPage Fault Happening, vaddr:0x50000008a000, casue:INSTRUCTION, map_flags:MappingFlags(READ | WRITE | EXECUTE | USER)[m
[m[37m[1733835001.024775 0:5 ruxos_posix_api::imp::mmap::trap:90] [36mmapping_flags: MappingFlags(READ | WRITE | EXECUTE | USER)[m
[m[37m[1733835001.025107 0:5 ruxhal::arch::aarch64::trap:102] [36missue=0xf, vaddr=0x50000008aeb8, cause=INSTRUCTION[m
[m[37m[1733835001.025393 0:5 ruxos_posix_api::imp::mmap::trap:61] [36mPage Fault Happening, vaddr:0x50000008a000, casue:INSTRUCTION, map_flags:MappingFlags(READ | WRITE | EXECUTE | USER)[m
[m[37m[1733835001.025812 0:5 ruxos_posix_api::imp::mmap::trap:90] [36mmapping_flags: MappingFlags(READ | WRITE | EXECUTE | USER)[m
[m[37m[1733835001.026106 0:5 ruxhal::arch::aarch64::trap:102] [36missue=0xf, vaddr=0x50000008aeb8, cause=INSTRUCTION[m
[m[37m[1733835001.026374 0:5 ruxos_posix_api::imp::mmap::trap:61] [36mPage Fault Happening, vaddr:0x50000008a000, casue:INSTRUCTION, map_flags:MappingFlags(READ | WRITE | EXECUTE | USER)[m
[m[37m[1733835001.026792 0:5 ruxos_posix_api::imp::mmap::trap:90] [36mmapping_flags: MappingFlags(READ | WRITE | EXECUTE | USER)[m
[m[37m[1733835001.027086 0:5 ruxhal::arch::aarch64::trap:102] [36missue=0xf, vaddr=0x50000008aeb8, cause=INSTRUCTION[m
[m[37m[1733835001.027354 0:5 ruxos_posix_api::imp::mmap::trap:61] [36mPage Fault Happening, vaddr:0x50000008a000, casue:INSTRUCTION, map_flags:MappingFlags(READ | WRITE | EXECUTE | USER)[m
[m[37m[1733835001.027772 0:5 ruxos_posix_api::imp::mmap::trap:90] [36mmapping_flags: MappingFlags(READ | WRITE | EXECUTE | USER)[m
[m[37m[1733835001.028066 0:5 ruxhal::arch::aarch64::trap:102] [36missue=0xf, vaddr=0x50000008aeb8, cause=INSTRUCTION[m
[m[37m[1733835001.028334 0:5 ruxos_posix_api::imp::mmap::trap:61] [36mPage Fault Happening, vaddr:0x50000008a000, casue:INSTRUCTION, map_flags:MappingFlags(READ | WRITE | EXECUTE | USER)[m
[m[37m[1733835001.028753 0:5 ruxos_posix_api::imp::mmap::trap:90] [36mmapping_flags: MappingFlags(READ | WRITE | EXECUTE | USER)[m
[m[37m[1733835001.029049 0:5 ruxhal::arch::aarch64::trap:102] [36missue=0xf, vaddr=0x50000008aeb8, cause=INSTRUCTION[m
[m[37m[1733835001.029317 0:5 ruxos_posix_api::imp::mmap::trap:61] [36mPage Fault Happening, vaddr:0x50000008a000, casue:INSTRUCTION, map_flags:MappingFlags(READ | WRITE | EXECUTE | USER)[m
[m[37m[1733835001.029736 0:5 ruxos_posix_api::imp::mmap::trap:90] [36mmapping_flags: MappingFlags(READ | WRITE | EXECUTE | USER)[m
[m[37m[1733835001.030030 0:5 ruxhal::arch::aarch64::trap:102] [36missue=0xf, vaddr=0x50000008aeb8, cause=INSTRUCTION[m
[m[37m[1733835001.030298 0:5 ruxos_posix_api::imp::mmap::trap:61] [36mPage Fault Happening, vaddr:0x50000008a000, casue:INSTRUCTION, map_flags:MappingFlags(READ | WRITE | EXECUTE | USER)[m
[m[37m[1733835001.030717 0:5 ruxos_posix_api::imp::mmap::trap:90] [36mmapping_flags: MappingFlags(READ | WRITE | EXECUTE | USER)[m
[m[37m[1733835001.031013 0:5 ruxhal::arch::aarch64::trap:102] [36missue=0xf, vaddr=0x50000008aeb8, cause=INSTRUCTION[m
[m[37m[1733835001.031280 0:5 ruxos_posix_api::imp::mmap::trap:61] [36mPage Fault Happening, vaddr:0x50000008a000, casue:INSTRUCTION, map_flags:MappingFlags(READ | WRITE | EXECUTE | USER)[m
[m[37m[1733835001.031698 0:5 ruxos_posix_api::imp::mmap::trap:90] [36mmapping_flags: MappingFlags(READ | WRITE | EXECUTE | USER)[m
[m[37m[1733835001.031994 0:5 ruxhal::arch::aarch64::trap:102] [36missue=0xf, vaddr=0x50000008aeb8, cause=INSTRUCTION[m
[m[37m[1733835001.032265 0:5 ruxos_posix_api::imp::mmap::trap:61] [36mPage Fault Happening, vaddr:0x50000008a000, casue:INSTRUCTION, map_flags:MappingFlags(READ | WRITE | EXECUTE | USER)[m
[m[37m[1733835001.032682 0:5 ruxos_posix_api::imp::mmap::trap:90] [36mmapping_flags: MappingFlags(READ | WRITE | EXECUTE | USER)[m
[m[37m[1733835001.032977 0:5 ruxhal::arch::aarch64::trap:102] [36missue=0xf, vaddr=0x50000008aeb8, cause=INSTRUCTION[m
[m[37m[1733835001.033244 0:5 ruxos_posix_api::imp::mmap::trap:61] [36mPage Fault Happening, vaddr:0x50000008a000, casue:INSTRUCTION, map_flags:MappingFlags(READ | WRITE | EXECUTE | USER)[m
[m[37m[1733835001.033663 0:5 ruxos_posix_api::imp::mmap::trap:90] [36mmapping_flags: MappingFlags(READ | WRITE | EXECUTE | USER)[m
[m[37m[1733835001.033958 0:5 ruxhal::arch::aarch64::trap:102] [36missue=0xf, vaddr=0x50000008aeb8, cause=INSTRUCTION[m
[m[37m[1733835001.034226 0:5 ruxos_posix_api::imp::mmap::trap:61] [36mPage Fault Happening, vaddr:0x50000008a000, casue:INSTRUCTION, map_flags:MappingFlags(READ | WRITE | EXECUTE | USER)[m
[m[37m[1733835001.034672 0:5 ruxos_posix_api::imp::mmap::trap:90] [36mmapping_flags: MappingFlags(READ | WRITE | EXECUTE | USER)[m
[m[37m[1733835001.035003 0:5 ruxhal::arch::aarch64::trap:102] [36missue=0xf, vaddr=0x50000008aeb8, cause=INSTRUCTION[m
[m[37m[1733835001.035287 0:5 ruxos_posix_api::imp::mmap::trap:61] [36mPage Fault Happening, vaddr:0x50000008a000, casue:INSTRUCTION, map_flags:MappingFlags(READ | WRITE | EXECUTE | USER)[m
[m[37m[1733835001.035706 0:5 ruxos_posix_api::imp::mmap::trap:90] [36mmapping_flags: MappingFlags(READ | WRITE | EXECUTE | USER)[m
[m[37m[1733835001.035999 0:5 ruxhal::arch::aarch64::trap:102] [36missue=0xf, vaddr=0x50000008aeb8, cause=INSTRUCTION[m
[m[37m[1733835001.036266 0:5 ruxos_posix_api::imp::mmap::trap:61] [36mPage Fault Happening, vaddr:0x50000008a000, casue:INSTRUCTION, map_flags:MappingFlags(READ | WRITE | EXECUTE | USER)[m
[m[37m[1733835001.036682 0:5 ruxos_posix_api::imp::mmap::trap:90] [36mmapping_flags: MappingFlags(READ | WRITE | EXECUTE | USER)[m
[m[37m[1733835001.036975 0:5 ruxhal::arch::aarch64::trap:102] [36missue=0xf, vaddr=0x50000008aeb8, cause=INSTRUCTION[m
[m[37m[1733835001.037242 0:5 ruxos_posix_api::imp::mmap::trap:61] [36mPage Fault Happening, vaddr:0x50000008a000, casue:INSTRUCTION, map_flags:MappingFlags(READ | WRITE | EXECUTE | USER)[m
[m[37m[1733835001.037659 0:5 ruxos_posix_api::imp::mmap::trap:90] [36mmapping_flags: MappingFlags(READ | WRITE | EXECUTE | USER)[m
[m[37m[1733835001.037953 0:5 ruxhal::arch::aarch64::trap:102] [36missue=0xf, vaddr=0x50000008aeb8, cause=INSTRUCTION[m
[m[37m[1733835001.038220 0:5 ruxos_posix_api::imp::mmap::trap:61] [36mPage Fault Happening, vaddr:0x50000008a000, casue:INSTRUCTION, map_flags:MappingFlags(READ | WRITE | EXECUTE | USER)[m
[m[37m[1733835001.038637 0:5 ruxos_posix_api::imp::mmap::trap:90] [36mmapping_flags: MappingFlags(READ | WRITE | EXECUTE | USER)[m
[m[37m[1733835001.038933 0:5 ruxhal::arch::aarch64::trap:102] [36missue=0xf, vaddr=0x50000008aeb8, cause=INSTRUCTION[m
[m[37m[1733835001.039200 0:5 ruxos_posix_api::imp::mmap::trap:61] [36mPage Fault Happening, vaddr:0x50000008a000, casue:INSTRUCTION, map_flags:MappingFlags(READ | WRITE | EXECUTE | USER)[m
[m[37m[1733835001.039616 0:5 ruxos_posix_api::imp::mmap::trap:90] [36mmapping_flags: MappingFlags(READ | WRITE | EXECUTE | USER)[m
[m[37m[1733835001.039910 0:5 ruxhal::arch::aarch64::trap:102] [36missue=0xf, vaddr=0x50000008aeb8, cause=INSTRUCTION[m
[m[37m[1733835001.040178 0:5 ruxos_posix_api::imp::mmap::trap:61] [36mPage Fault Happening, vaddr:0x50000008a000, casue:INSTRUCTION, map_flags:MappingFlags(READ | WRITE | EXECUTE | USER)[m
[m[37m[1733835001.040595 0:5 ruxos_posix_api::imp::mmap::trap:90] [36mmapping_flags: MappingFlags(READ | WRITE | EXECUTE | USER)[m
[m[37m[1733835001.040892 0:5 ruxhal::arch::aarch64::trap:102] [36missue=0xf, vaddr=0x50000008aeb8, cause=INSTRUCTION[m
[m[37m[1733835001.041160 0:5 ruxos_posix_api::imp::mmap::trap:61] [36mPage Fault Happening, vaddr:0x50000008a000, casue:INSTRUCTION, map_flags:MappingFlags(READ | WRITE | EXECUTE | USER)[m
[m[37m[1733835001.041578 0:5 ruxos_posix_api::imp::mmap::trap:90] [36mmapping_flags: MappingFlags(READ | WRITE | EXECUTE | USER)[m
[m[37m[1733835001.041873 0:5 ruxhal::arch::aarch64::trap:102] [36missue=0xf, vaddr=0x50000008aeb8, cause=INSTRUCTION[m
[m[37m[1733835001.042143 0:5 ruxos_posix_api::imp::mmap::trap:61] [36mPage Fault Happening, vaddr:0x50000008a000, casue:INSTRUCTION, map_flags:MappingFlags(READ | WRITE | EXECUTE | USER)[m
[m[37m[1733835001.042561 0:5 ruxos_posix_api::imp::mmap::trap:90] [36mmapping_flags: MappingFlags(READ | WRITE | EXECUTE | USER)[m
[m[37m[1733835001.042855 0:5 ruxhal::arch::aarch64::trap:102] [36missue=0xf, vaddr=0x50000008aeb8, cause=INSTRUCTION[m
[m[37m[1733835001.043123 0:5 ruxos_posix_api::imp::mmap::trap:61] [36mPage Fault Happening, vaddr:0x50000008a000, casue:INSTRUCTION, map_flags:MappingFlags(READ | WRITE | EXECUTE | USER)[m
[m[37m[1733835001.043541 0:5 ruxos_posix_api::imp::mmap::trap:90] [36mmapping_flags: MappingFlags(READ | WRITE | EXECUTE | USER)[m
[m[37m[1733835001.043835 0:5 ruxhal::arch::aarch64::trap:102] [36missue=0xf, vaddr=0x50000008aeb8, cause=INSTRUCTION[m
[m[37m[1733835001.044103 0:5 ruxos_posix_api::imp::mmap::trap:61] [36mPage Fault Happening, vaddr:0x50000008a000, casue:INSTRUCTION, map_flags:MappingFlags(READ | WRITE | EXECUTE | USER)[m
[m[37m[1733835001.044543 0:5 ruxos_posix_api::imp::mmap::trap:90] [36mmapping_flags: MappingFlags(READ | WRITE | EXECUTE | USER)[m
[m[37m[1733835001.044874 0:5 ruxhal::arch::aarch64::trap:102] [36missue=0xf, vaddr=0x50000008aeb8, cause=INSTRUCTION[m
[m[37m[1733835001.045154 0:5 ruxos_posix_api::imp::mmap::trap:61] [36mPage Fault Happening, vaddr:0x50000008a000, casue:INSTRUCTION, map_flags:MappingFlags(READ | WRITE | EXECUTE | USER)[m
[m[37m[1733835001.045575 0:5 ruxos_posix_api::imp::mmap::trap:90] [36mmapping_flags: MappingFlags(READ | WRITE | EXECUTE | USER)[m
[m[37m[1733835001.045869 0:5 ruxhal::arch::aarch64::trap:102] [36missue=0xf, vaddr=0x50000008aeb8, cause=INSTRUCTION[m
[m[37m[1733835001.046137 0:5 ruxos_posix_api::imp::mmap::trap:61] [36mPage Fault Happening, vaddr:0x50000008a000, casue:INSTRUCTION, map_flags:MappingFlags(READ | WRITE | EXECUTE | USER)[m
[m[37m[1733835001.046555 0:5 ruxos_posix_api::imp::mmap::trap:90] [36mmapping_flags: MappingFlags(READ | WRITE | EXECUTE | USER)[m
[m[37m[1733835001.046849 0:5 ruxhal::arch::aarch64::trap:102] [36missue=0xf, vaddr=0x50000008aeb8, cause=INSTRUCTION[m
[m[37m[1733835001.047116 0:5 ruxos_posix_api::imp::mmap::trap:61] [36mPage Fault Happening, vaddr:0x50000008a000, casue:INSTRUCTION, map_flags:MappingFlags(READ | WRITE | EXECUTE | USER)[m
[m[37m[1733835001.047533 0:5 ruxos_posix_api::imp::mmap::trap:90] [36mmapping_flags: MappingFlags(READ | WRITE | EXECUTE | USER)[m
[m[37m[1733835001.047827 0:5 ruxhal::arch::aarch64::trap:102] [36missue=0xf, vaddr=0x50000008aeb8, cause=INSTRUCTION[m
[m[37m[1733835001.048094 0:5 ruxos_posix_api::imp::mmap::trap:61] [36mPage Fault Happening, vaddr:0x50000008a000, casue:INSTRUCTION, map_flags:MappingFlags(READ | WRITE | EXECUTE | USER)[m
[m[37m[1733835001.048512 0:5 ruxos_posix_api::imp::mmap::trap:90] [36mmapping_flags: MappingFlags(READ | WRITE | EXECUTE | USER)[m
[m[37m[1733835001.048845 0:5 ruxhal::arch::aarch64::trap:102] [36missue=0xf, vaddr=0x50000008aeb8, cause=INSTRUCTION[m
[m[37m[1733835001.049114 0:5 ruxos_posix_api::imp::mmap::trap:61] [36mPage Fault Happening, vaddr:0x50000008a000, casue:INSTRUCTION, map_flags:MappingFlags(READ | WRITE | EXECUTE | USER)[m
[m[37m[1733835001.049531 0:5 ruxos_posix_api::imp::mmap::trap:90] [36mmapping_flags: MappingFlags(READ | WRITE | EXECUTE | USER)[m
[m[37m[1733835001.049826 0:5 ruxhal::arch::aarch64::trap:102] [36missue=0xf, vaddr=0x50000008aeb8, cause=INSTRUCTION[m
[m[37m[1733835001.050094 0:5 ruxos_posix_api::imp::mmap::trap:61] [36mPage Fault Happening, vaddr:0x50000008a000, casue:INSTRUCTION, map_flags:MappingFlags(READ | WRITE | EXECUTE | USER)[m
[m[37m[1733835001.050513 0:5 ruxos_posix_api::imp::mmap::trap:90] [36mmapping_flags: MappingFlags(READ | WRITE | EXECUTE | USER)[m
[m[37m[1733835001.050807 0:5 ruxhal::arch::aarch64::trap:102] [36missue=0xf, vaddr=0x50000008aeb8, cause=INSTRUCTION[m
[m[37m[1733835001.051080 0:5 ruxos_posix_api::imp::mmap::trap:61] [36mPage Fault Happening, vaddr:0x50000008a000, casue:INSTRUCTION, map_flags:MappingFlags(READ | WRITE | EXECUTE | USER)[m
[m[37m[1733835001.051503 0:5 ruxos_posix_api::imp::mmap::trap:90] [36mmapping_flags: MappingFlags(READ | WRITE | EXECUTE | USER)[m
[m[37m[1733835001.051805 0:5 ruxhal::arch::aarch64::trap:102] [36missue=0xf, vaddr=0x50000008aeb8, cause=INSTRUCTION[m
[m[37m[1733835001.052074 0:5 ruxos_posix_api::imp::mmap::trap:61] [36mPage Fault Happening, vaddr:0x50000008a000, casue:INSTRUCTION, map_flags:MappingFlags(READ | WRITE | EXECUTE | USER)[m
[m[37m[1733835001.052497 0:5 ruxos_posix_api::imp::mmap::trap:90] [36mmapping_flags: MappingFlags(READ | WRITE | EXECUTE | USER)[m
[m[37m[1733835001.052792 0:5 ruxhal::arch::aarch64::trap:102] [36missue=0xf, vaddr=0x50000008aeb8, cause=INSTRUCTION[m
[m[37m[1733835001.053060 0:5 ruxos_posix_api::imp::mmap::trap:61] [36mPage Fault Happening, vaddr:0x50000008a000, casue:INSTRUCTION, map_flags:MappingFlags(READ | WRITE | EXECUTE | USER)[m
[m[37m[1733835001.053477 0:5 ruxos_posix_api::imp::mmap::trap:90] [36mmapping_flags: MappingFlags(READ | WRITE | EXECUTE | USER)[m
[m[37m[1733835001.053772 0:5 ruxhal::arch::aarch64::trap:102] [36missue=0xf, vaddr=0x50000008aeb8, cause=INSTRUCTION[m
[m[37m[1733835001.054038 0:5 ruxos_posix_api::imp::mmap::trap:61] [36mPage Fault Happening, vaddr:0x50000008a000, casue:INSTRUCTION, map_flags:MappingFlags(READ | WRITE | EXECUTE | USER)[m
[m[37m[1733835001.054456 0:5 ruxos_posix_api::imp::mmap::trap:90] [36mmapping_flags: MappingFlags(READ | WRITE | EXECUTE | USER)[m
[m[37m[1733835001.054808 0:5 ruxhal::arch::aarch64::trap:102] [36missue=0xf, vaddr=0x50000008aeb8, cause=INSTRUCTION[m
[m[37m[1733835001.055091 0:5 ruxos_posix_api::imp::mmap::trap:61] [36mPage Fault Happening, vaddr:0x50000008a000, casue:INSTRUCTION, map_flags:MappingFlags(READ | WRITE | EXECUTE | USER)[m
[m[37m[1733835001.055511 0:5 ruxos_posix_api::imp::mmap::trap:90] [36mmapping_flags: MappingFlags(READ | WRITE | EXECUTE | USER)[m
[m[37m[1733835001.055806 0:5 ruxhal::arch::aarch64::trap:102] [36missue=0xf, vaddr=0x50000008aeb8, cause=INSTRUCTION[m
[m[37m[1733835001.056074 0:5 ruxos_posix_api::imp::mmap::trap:61] [36mPage Fault Happening, vaddr:0x50000008a000, casue:INSTRUCTION, map_flags:MappingFlags(READ | WRITE | EXECUTE | USER)[m
[m[37m[1733835001.056490 0:5 ruxos_posix_api::imp::mmap::trap:90] [36mmapping_flags: MappingFlags(READ | WRITE | EXECUTE | USER)[m
[m[37m[1733835001.056783 0:5 ruxhal::arch::aarch64::trap:102] [36missue=0xf, vaddr=0x50000008aeb8, cause=INSTRUCTION[m
[m[37m[1733835001.057052 0:5 ruxos_posix_api::imp::mmap::trap:61] [36mPage Fault Happening, vaddr:0x50000008a000, casue:INSTRUCTION, map_flags:MappingFlags(READ | WRITE | EXECUTE | USER)[m
[m[37m[1733835001.057468 0:5 ruxos_posix_api::imp::mmap::trap:90] [36mmapping_flags: MappingFlags(READ | WRITE | EXECUTE | USER)[m
[m[37m[1733835001.057762 0:5 ruxhal::arch::aarch64::trap:102] [36missue=0xf, vaddr=0x50000008aeb8, cause=INSTRUCTION[m
[m[37m[1733835001.058029 0:5 ruxos_posix_api::imp::mmap::trap:61] [36mPage Fault Happening, vaddr:0x50000008a000, casue:INSTRUCTION, map_flags:MappingFlags(READ | WRITE | EXECUTE | USER)[m
[m[37m[1733835001.058447 0:5 ruxos_posix_api::imp::mmap::trap:90] [36mmapping_flags: MappingFlags(READ | WRITE | EXECUTE | USER)[m
[m[37m[1733835001.058744 0:5 ruxhal::arch::aarch64::trap:102] [36missue=0xf, vaddr=0x50000008aeb8, cause=INSTRUCTION[m
[m[37m[1733835001.059014 0:5 ruxos_posix_api::imp::mmap::trap:61] [36mPage Fault Happening, vaddr:0x50000008a000, casue:INSTRUCTION, map_flags:MappingFlags(READ | WRITE | EXECUTE | USER)[m
[m[37m[1733835001.059430 0:5 ruxos_posix_api::imp::mmap::trap:90] [36mmapping_flags: MappingFlags(READ | WRITE | EXECUTE | USER)[m
[m[37m[1733835001.059724 0:5 ruxhal::arch::aarch64::trap:102] [36missue=0xf, vaddr=0x50000008aeb8, cause=INSTRUCTION[m
[m[37m[1733835001.059992 0:5 ruxos_posix_api::imp::mmap::trap:61] [36mPage Fault Happening, vaddr:0x50000008a000, casue:INSTRUCTION, map_flags:MappingFlags(READ | WRITE | EXECUTE | USER)[m
[m[37m[1733835001.060408 0:5 ruxos_posix_api::imp::mmap::trap:90] [36mmapping_flags: MappingFlags(READ | WRITE | EXECUTE | USER)[m
[m[37m[1733835001.060702 0:5 ruxhal::arch::aarch64::trap:102] [36missue=0xf, vaddr=0x50000008aeb8, cause=INSTRUCTION[m
[m[37m[1733835001.060970 0:5 ruxos_posix_api::imp::mmap::trap:61] [36mPage Fault Happening, vaddr:0x50000008a000, casue:INSTRUCTION, map_flags:MappingFlags(READ | WRITE | EXECUTE | USER)[m
[m[37m[1733835001.061388 0:5 ruxos_posix_api::imp::mmap::trap:90] [36mmapping_flags: MappingFlags(READ | WRITE | EXECUTE | USER)[m
[m[37m[1733835001.061683 0:5 ruxhal::arch::aarch64::trap:102] [36missue=0xf, vaddr=0x50000008aeb8, cause=INSTRUCTION[m
[m[37m[1733835001.061951 0:5 ruxos_posix_api::imp::mmap::trap:61] [36mPage Fault Happening, vaddr:0x50000008a000, casue:INSTRUCTION, map_flags:MappingFlags(READ | WRITE | EXECUTE | USER)[m
[m[37m[1733835001.062371 0:5 ruxos_posix_api::imp::mmap::trap:90] [36mmapping_flags: MappingFlags(READ | WRITE | EXECUTE | USER)[m
[m[37m[1733835001.062666 0:5 ruxhal::arch::aarch64::trap:102] [36missue=0xf, vaddr=0x50000008aeb8, cause=INSTRUCTION[m
[m[37m[1733835001.062935 0:5 ruxos_posix_api::imp::mmap::trap:61] [36mPage Fault Happening, vaddr:0x50000008a000, casue:INSTRUCTION, map_flags:MappingFlags(READ | WRITE | EXECUTE | USER)[m
[m[37m[1733835001.063354 0:5 ruxos_posix_api::imp::mmap::trap:90] [36mmapping_flags: MappingFlags(READ | WRITE | EXECUTE | USER)[m
[m[37m[1733835001.063651 0:5 ruxhal::arch::aarch64::trap:102] [36missue=0xf, vaddr=0x50000008aeb8, cause=INSTRUCTION[m
[m[37m[1733835001.063919 0:5 ruxos_posix_api::imp::mmap::trap:61] [36mPage Fault Happening, vaddr:0x50000008a000, casue:INSTRUCTION, map_flags:MappingFlags(READ | WRITE | EXECUTE | USER)[m
[m[37m[1733835001.064337 0:5 ruxos_posix_api::imp::mmap::trap:90] [36mmapping_flags: MappingFlags(READ | WRITE | EXECUTE | USER)[m
[m[37m[1733835001.064672 0:5 ruxhal::arch::aarch64::trap:102] [36missue=0xf, vaddr=0x50000008aeb8, cause=INSTRUCTION[m
[m[37m[1733835001.064940 0:5 ruxos_posix_api::imp::mmap::trap:61] [36mPage Fault Happening, vaddr:0x50000008a000, casue:INSTRUCTION, map_flags:MappingFlags(READ | WRITE | EXECUTE | USER)[m
[m[37m[1733835001.065358 0:5 ruxos_posix_api::imp::mmap::trap:90] [36mmapping_flags: MappingFlags(READ | WRITE | EXECUTE | USER)[m
[m[37m[1733835001.065655 0:5 ruxhal::arch::aarch64::trap:102] [36missue=0xf, vaddr=0x50000008aeb8, cause=INSTRUCTION[m
[m[37m[1733835001.065922 0:5 ruxos_posix_api::imp::mmap::trap:61] [36mPage Fault Happening, vaddr:0x50000008a000, casue:INSTRUCTION, map_flags:MappingFlags(READ | WRITE | EXECUTE | USER)[m
[m[37m[1733835001.066339 0:5 ruxos_posix_api::imp::mmap::trap:90] [36mmapping_flags: MappingFlags(READ | WRITE | EXECUTE | USER)[m
[m[37m[1733835001.066632 0:5 ruxhal::arch::aarch64::trap:102] [36missue=0xf, vaddr=0x50000008aeb8, cause=INSTRUCTION[m
[m[37m[1733835001.066903 0:5 ruxos_posix_api::imp::mmap::trap:61] [36mPage Fault Happening, vaddr:0x50000008a000, casue:INSTRUCTION, map_flags:MappingFlags(READ | WRITE | EXECUTE | USER)[m
[m[37m[1733835001.067323 0:5 ruxos_posix_api::imp::mmap::trap:90] [36mmapping_flags: MappingFlags(READ | WRITE | EXECUTE | USER)[m
[m[37m[1733835001.067619 0:5 ruxhal::arch::aarch64::trap:102] [36missue=0xf, vaddr=0x50000008aeb8, cause=INSTRUCTION[m
[m[37m[1733835001.067886 0:5 ruxos_posix_api::imp::mmap::trap:61] [36mPage Fault Happening, vaddr:0x50000008a000, casue:INSTRUCTION, map_flags:MappingFlags(READ | WRITE | EXECUTE | USER)[m
[m[37m[1733835001.068304 0:5 ruxos_posix_api::imp::mmap::trap:90] [36mmapping_flags: MappingFlags(READ | WRITE | EXECUTE | USER)[m
[m[37m[1733835001.068598 0:5 ruxhal::arch::aarch64::trap:102] [36missue=0xf, vaddr=0x50000008aeb8, cause=INSTRUCTION[m
[m[37m[1733835001.068868 0:5 ruxos_posix_api::imp::mmap::trap:61] [36mPage Fault Happening, vaddr:0x50000008a000, casue:INSTRUCTION, map_flags:MappingFlags(READ | WRITE | EXECUTE | USER)[m
[m[37m[1733835001.069285 0:5 ruxos_posix_api::imp::mmap::trap:90] [36mmapping_flags: MappingFlags(READ | WRITE | EXECUTE | USER)[m
[m[37m[1733835001.069579 0:5 ruxhal::arch::aarch64::trap:102] [36missue=0xf, vaddr=0x50000008aeb8, cause=INSTRUCTION[m
[m[37m[1733835001.069847 0:5 ruxos_posix_api::imp::mmap::trap:61] [36mPage Fault Happening, vaddr:0x50000008a000, casue:INSTRUCTION, map_flags:MappingFlags(READ | WRITE | EXECUTE | USER)[m
[m[37m[1733835001.070266 0:5 ruxos_posix_api::imp::mmap::trap:90] [36mmapping_flags: MappingFlags(READ | WRITE | EXECUTE | USER)[m
[m[37m[1733835001.070560 0:5 ruxhal::arch::aarch64::trap:102] [36missue=0xf, vaddr=0x50000008aeb8, cause=INSTRUCTION[m
[m[37m[1733835001.070827 0:5 ruxos_posix_api::imp::mmap::trap:61] [36mPage Fault Happening, vaddr:0x50000008a000, casue:INSTRUCTION, map_flags:MappingFlags(READ | WRITE | EXECUTE | USER)[m
[m[37m[1733835001.071245 0:5 ruxos_posix_api::imp::mmap::trap:90] [36mmapping_flags: MappingFlags(READ | WRITE | EXECUTE | USER)[m
[m[37m[1733835001.071540 0:5 ruxhal::arch::aarch64::trap:102] [36missue=0xf, vaddr=0x50000008aeb8, cause=INSTRUCTION[m
[m[37m[1733835001.071807 0:5 ruxos_posix_api::imp::mmap::trap:61] [36mPage Fault Happening, vaddr:0x50000008a000, casue:INSTRUCTION, map_flags:MappingFlags(READ | WRITE | EXECUTE | USER)[m
[m[37m[1733835001.072232 0:5 ruxos_posix_api::imp::mmap::trap:90] [36mmapping_flags: MappingFlags(READ | WRITE | EXECUTE | USER)[m
[m[37m[1733835001.072526 0:5 ruxhal::arch::aarch64::trap:102] [36missue=0xf, vaddr=0x50000008aeb8, cause=INSTRUCTION[m
[m[37m[1733835001.072794 0:5 ruxos_posix_api::imp::mmap::trap:61] [36mPage Fault Happening, vaddr:0x50000008a000, casue:INSTRUCTION, map_flags:MappingFlags(READ | WRITE | EXECUTE | USER)[m
[m[37m[1733835001.073210 0:5 ruxos_posix_api::imp::mmap::trap:90] [36mmapping_flags: MappingFlags(READ | WRITE | EXECUTE | USER)[m
[m[37m[1733835001.073505 0:5 ruxhal::arch::aarch64::trap:102] [36missue=0xf, vaddr=0x50000008aeb8, cause=INSTRUCTION[m
[m[37m[1733835001.073772 0:5 ruxos_posix_api::imp::mmap::trap:61] [36mPage Fault Happening, vaddr:0x50000008a000, casue:INSTRUCTION, map_flags:MappingFlags(READ | WRITE | EXECUTE | USER)[m
[m[37m[1733835001.074189 0:5 ruxos_posix_api::imp::mmap::trap:90] [36mmapping_flags: MappingFlags(READ | WRITE | EXECUTE | USER)[m
[m[37m[1733835001.074483 0:5 ruxhal::arch::aarch64::trap:102] [36missue=0xf, vaddr=0x50000008aeb8, cause=INSTRUCTION[m
[m[37m[1733835001.074782 0:5 ruxos_posix_api::imp::mmap::trap:61] [36mPage Fault Happening, vaddr:0x50000008a000, casue:INSTRUCTION, map_flags:MappingFlags(READ | WRITE | EXECUTE | USER)[m
[m[37m[1733835001.075242 0:5 ruxos_posix_api::imp::mmap::trap:90] [36mmapping_flags: MappingFlags(READ | WRITE | EXECUTE | USER)[m
[m[37m[1733835001.075573 0:5 ruxhal::arch::aarch64::trap:102] [36missue=0xf, vaddr=0x50000008aeb8, cause=INSTRUCTION[m
[m[37m[1733835001.075859 0:5 ruxos_posix_api::imp::mmap::trap:61] [36mPage Fault Happening, vaddr:0x50000008a000, casue:INSTRUCTION, map_flags:MappingFlags(READ | WRITE | EXECUTE | USER)[m
[m[37m[1733835001.076277 0:5 ruxos_posix_api::imp::mmap::trap:90] [36mmapping_flags: MappingFlags(READ | WRITE | EXECUTE | USER)[m
[m[37m[1733835001.076574 0:5 ruxhal::arch::aarch64::trap:102] [36missue=0xf, vaddr=0x50000008aeb8, cause=INSTRUCTION[m
[m[37m[1733835001.076841 0:5 ruxos_posix_api::imp::mmap::trap:61] [36mPage Fault Happening, vaddr:0x50000008a000, casue:INSTRUCTION, map_flags:MappingFlags(READ | WRITE | EXECUTE | USER)[m
[m[37m[1733835001.077258 0:5 ruxos_posix_api::imp::mmap::trap:90] [36mmapping_flags: MappingFlags(READ | WRITE | EXECUTE | USER)[m
[m[37m[1733835001.077551 0:5 ruxhal::arch::aarch64::trap:102] [36missue=0xf, vaddr=0x50000008aeb8, cause=INSTRUCTION[m
[m[37m[1733835001.077818 0:5 ruxos_posix_api::imp::mmap::trap:61] [36mPage Fault Happening, vaddr:0x50000008a000, casue:INSTRUCTION, map_flags:MappingFlags(READ | WRITE | EXECUTE | USER)[m
[m[37m[1733835001.078234 0:5 ruxos_posix_api::imp::mmap::trap:90] [36mmapping_flags: MappingFlags(READ | WRITE | EXECUTE | USER)[m
[m[37m[1733835001.078528 0:5 ruxhal::arch::aarch64::trap:102] [36missue=0xf, vaddr=0x50000008aeb8, cause=INSTRUCTION[m
[m[37m[1733835001.078795 0:5 ruxos_posix_api::imp::mmap::trap:61] [36mPage Fault Happening, vaddr:0x50000008a000, casue:INSTRUCTION, map_flags:MappingFlags(READ | WRITE | EXECUTE | USER)[m
[m[37m[1733835001.079213 0:5 ruxos_posix_api::imp::mmap::trap:90] [36mmapping_flags: MappingFlags(READ | WRITE | EXECUTE | USER)[m
[m[37m[1733835001.079507 0:5 ruxhal::arch::aarch64::trap:102] [36missue=0xf, vaddr=0x50000008aeb8, cause=INSTRUCTION[m
[m[37m[1733835001.079775 0:5 ruxos_posix_api::imp::mmap::trap:61] [36mPage Fault Happening, vaddr:0x50000008a000, casue:INSTRUCTION, map_flags:MappingFlags(READ | WRITE | EXECUTE | USER)[m
[m[37m[1733835001.080191 0:5 ruxos_posix_api::imp::mmap::trap:90] [36mmapping_flags: MappingFlags(READ | WRITE | EXECUTE | USER)[m
[m[37m[1733835001.080485 0:5 ruxhal::arch::aarch64::trap:102] [36missue=0xf, vaddr=0x50000008aeb8, cause=INSTRUCTION[m
[m[37m[1733835001.080752 0:5 ruxos_posix_api::imp::mmap::trap:61] [36mPage Fault Happening, vaddr:0x50000008a000, casue:INSTRUCTION, map_flags:MappingFlags(READ | WRITE | EXECUTE | USER)[m
[m[37m[1733835001.081169 0:5 ruxos_posix_api::imp::mmap::trap:90] [36mmapping_flags: MappingFlags(READ | WRITE | EXECUTE | USER)[m
[m[37m[1733835001.081462 0:5 ruxhal::arch::aarch64::trap:102] [36missue=0xf, vaddr=0x50000008aeb8, cause=INSTRUCTION[m
[m[37m[1733835001.081729 0:5 ruxos_posix_api::imp::mmap::trap:61] [36mPage Fault Happening, vaddr:0x50000008a000, casue:INSTRUCTION, map_flags:MappingFlags(READ | WRITE | EXECUTE | USER)[m
[m[37m[1733835001.082148 0:5 ruxos_posix_api::imp::mmap::trap:90] [36mmapping_flags: MappingFlags(READ | WRITE | EXECUTE | USER)[m
[m[37m[1733835001.082444 0:5 ruxhal::arch::aarch64::trap:102] [36missue=0xf, vaddr=0x50000008aeb8, cause=INSTRUCTION[m
[m[37m[1733835001.082712 0:5 ruxos_posix_api::imp::mmap::trap:61] [36mPage Fault Happening, vaddr:0x50000008a000, casue:INSTRUCTION, map_flags:MappingFlags(READ | WRITE | EXECUTE | USER)[m
[m[37m[1733835001.083127 0:5 ruxos_posix_api::imp::mmap::trap:90] [36mmapping_flags: MappingFlags(READ | WRITE | EXECUTE | USER)[m
[m[37m[1733835001.083422 0:5 ruxhal::arch::aarch64::trap:102] [36missue=0xf, vaddr=0x50000008aeb8, cause=INSTRUCTION[m
[m[37m[1733835001.083689 0:5 ruxos_posix_api::imp::mmap::trap:61] [36mPage Fault Happening, vaddr:0x50000008a000, casue:INSTRUCTION, map_flags:MappingFlags(READ | WRITE | EXECUTE | USER)[m
[m[37m[1733835001.084106 0:5 ruxos_posix_api::imp::mmap::trap:90] [36mmapping_flags: MappingFlags(READ | WRITE | EXECUTE | USER)[m
[m[37m[1733835001.084401 0:5 ruxhal::arch::aarch64::trap:102] [36missue=0xf, vaddr=0x50000008aeb8, cause=INSTRUCTION[m
[m[37m[1733835001.084705 0:5 ruxos_posix_api::imp::mmap::trap:61] [36mPage Fault Happening, vaddr:0x50000008a000, casue:INSTRUCTION, map_flags:MappingFlags(READ | WRITE | EXECUTE | USER)[m
[m[37m[1733835001.085164 0:5 ruxos_posix_api::imp::mmap::trap:90] [36mmapping_flags: MappingFlags(READ | WRITE | EXECUTE | USER)[m
[m[37m[1733835001.085495 0:5 ruxhal::arch::aarch64::trap:102] [36missue=0xf, vaddr=0x50000008aeb8, cause=INSTRUCTION[m
[m[37m[1733835001.085775 0:5 ruxos_posix_api::imp::mmap::trap:61] [36mPage Fault Happening, vaddr:0x50000008a000, casue:INSTRUCTION, map_flags:MappingFlags(READ | WRITE | EXECUTE | USER)[m
[m[37m[1733835001.086192 0:5 ruxos_posix_api::imp::mmap::trap:90] [36mmapping_flags: MappingFlags(READ | WRITE | EXECUTE | USER)[m
[m[37m[1733835001.086486 0:5 ruxhal::arch::aarch64::trap:102] [36missue=0xf, vaddr=0x50000008aeb8, cause=INSTRUCTION[m
[m[37m[1733835001.086753 0:5 ruxos_posix_api::imp::mmap::trap:61] [36mPage Fault Happening, vaddr:0x50000008a000, casue:INSTRUCTION, map_flags:MappingFlags(READ | WRITE | EXECUTE | USER)[m
[m[37m[1733835001.087171 0:5 ruxos_posix_api::imp::mmap::trap:90] [36mmapping_flags: MappingFlags(READ | WRITE | EXECUTE | USER)[m
[m[37m[1733835001.087465 0:5 ruxhal::arch::aarch64::trap:102] [36missue=0xf, vaddr=0x50000008aeb8, cause=INSTRUCTION[m
[m[37m[1733835001.087733 0:5 ruxos_posix_api::imp::mmap::trap:61] [36mPage Fault Happening, vaddr:0x50000008a000, casue:INSTRUCTION, map_flags:MappingFlags(READ | WRITE | EXECUTE | USER)[m
[m[37m[1733835001.088152 0:5 ruxos_posix_api::imp::mmap::trap:90] [36mmapping_flags: MappingFlags(READ | WRITE | EXECUTE | USER)[m
[m[37m[1733835001.088447 0:5 ruxhal::arch::aarch64::trap:102] [36missue=0xf, vaddr=0x50000008aeb8, cause=INSTRUCTION[m
[m[37m[1733835001.088714 0:5 ruxos_posix_api::imp::mmap::trap:61] [36mPage Fault Happening, vaddr:0x50000008a000, casue:INSTRUCTION, map_flags:MappingFlags(READ | WRITE | EXECUTE | USER)[m
[m[37m[1733835001.089132 0:5 ruxos_posix_api::imp::mmap::trap:90] [36mmapping_flags: MappingFlags(READ | WRITE | EXECUTE | USER)[m
[m[37m[1733835001.089425 0:5 ruxhal::arch::aarch64::trap:102] [36missue=0xf, vaddr=0x50000008aeb8, cause=INSTRUCTION[m
[m[37m[1733835001.089692 0:5 ruxos_posix_api::imp::mmap::trap:61] [36mPage Fault Happening, vaddr:0x50000008a000, casue:INSTRUCTION, map_flags:MappingFlags(READ | WRITE | EXECUTE | USER)[m
[m[37m[1733835001.090108 0:5 ruxos_posix_api::imp::mmap::trap:90] [36mmapping_flags: MappingFlags(READ | WRITE | EXECUTE | USER)[m
[m[37m[1733835001.090401 0:5 ruxhal::arch::aarch64::trap:102] [36missue=0xf, vaddr=0x50000008aeb8, cause=INSTRUCTION[m
[m[37m[1733835001.090668 0:5 ruxos_posix_api::imp::mmap::trap:61] [36mPage Fault Happening, vaddr:0x50000008a000, casue:INSTRUCTION, map_flags:MappingFlags(READ | WRITE | EXECUTE | USER)[m
[m[37m[1733835001.091085 0:5 ruxos_posix_api::imp::mmap::trap:90] [36mmapping_flags: MappingFlags(READ | WRITE | EXECUTE | USER)[m
[m[37m[1733835001.091378 0:5 ruxhal::arch::aarch64::trap:102] [36missue=0xf, vaddr=0x50000008aeb8, cause=INSTRUCTION[m
[m[37m[1733835001.091645 0:5 ruxos_posix_api::imp::mmap::trap:61] [36mPage Fault Happening, vaddr:0x50000008a000, casue:INSTRUCTION, map_flags:MappingFlags(READ | WRITE | EXECUTE | USER)[m
[m[37m[1733835001.092060 0:5 ruxos_posix_api::imp::mmap::trap:90] [36mmapping_flags: MappingFlags(READ | WRITE | EXECUTE | USER)[m
[m[37m[1733835001.092356 0:5 ruxhal::arch::aarch64::trap:102] [36missue=0xf, vaddr=0x50000008aeb8, cause=INSTRUCTION[m
[m[37m[1733835001.092624 0:5 ruxos_posix_api::imp::mmap::trap:61] [36mPage Fault Happening, vaddr:0x50000008a000, casue:INSTRUCTION, map_flags:MappingFlags(READ | WRITE | EXECUTE | USER)[m
[m[37m[1733835001.093041 0:5 ruxos_posix_api::imp::mmap::trap:90] [36mmapping_flags: MappingFlags(READ | WRITE | EXECUTE | USER)[m
[m[37m[1733835001.093337 0:5 ruxhal::arch::aarch64::trap:102] [36missue=0xf, vaddr=0x50000008aeb8, cause=INSTRUCTION[m
[m[37m[1733835001.093605 0:5 ruxos_posix_api::imp::mmap::trap:61] [36mPage Fault Happening, vaddr:0x50000008a000, casue:INSTRUCTION, map_flags:MappingFlags(READ | WRITE | EXECUTE | USER)[m
[m[37m[1733835001.094020 0:5 ruxos_posix_api::imp::mmap::trap:90] [36mmapping_flags: MappingFlags(READ | WRITE | EXECUTE | USER)[m
[m[37m[1733835001.094315 0:5 ruxhal::arch::aarch64::trap:102] [36missue=0xf, vaddr=0x50000008aeb8, cause=INSTRUCTION[m
[m[37m[1733835001.094598 0:5 ruxos_posix_api::imp::mmap::trap:61] [36mPage Fault Happening, vaddr:0x50000008a000, casue:INSTRUCTION, map_flags:MappingFlags(READ | WRITE | EXECUTE | USER)[m
[m[37m[1733835001.095057 0:5 ruxos_posix_api::imp::mmap::trap:90] [36mmapping_flags: MappingFlags(READ | WRITE | EXECUTE | USER)[m
[m[37m[1733835001.095387 0:5 ruxhal::arch::aarch64::trap:102] [36missue=0xf, vaddr=0x50000008aeb8, cause=INSTRUCTION[m
[m[37m[1733835001.095671 0:5 ruxos_posix_api::imp::mmap::trap:61] [36mPage Fault Happening, vaddr:0x50000008a000, casue:INSTRUCTION, map_flags:MappingFlags(READ | WRITE | EXECUTE | USER)[m
[m[37m[1733835001.096087 0:5 ruxos_posix_api::imp::mmap::trap:90] [36mmapping_flags: MappingFlags(READ | WRITE | EXECUTE | USER)[m
[m[37m[1733835001.096383 0:5 ruxhal::arch::aarch64::trap:102] [36missue=0xf, vaddr=0x50000008aeb8, cause=INSTRUCTION[m
[m[37m[1733835001.096650 0:5 ruxos_posix_api::imp::mmap::trap:61] [36mPage Fault Happening, vaddr:0x50000008a000, casue:INSTRUCTION, map_flags:MappingFlags(READ | WRITE | EXECUTE | USER)[m
[m[37m[1733835001.097068 0:5 ruxos_posix_api::imp::mmap::trap:90] [36mmapping_flags: MappingFlags(READ | WRITE | EXECUTE | USER)[m
[m[37m[1733835001.097363 0:5 ruxhal::arch::aarch64::trap:102] [36missue=0xf, vaddr=0x50000008aeb8, cause=INSTRUCTION[m
[m[37m[1733835001.097631 0:5 ruxos_posix_api::imp::mmap::trap:61] [36mPage Fault Happening, vaddr:0x50000008a000, casue:INSTRUCTION, map_flags:MappingFlags(READ | WRITE | EXECUTE | USER)[m
[m[37m[1733835001.098049 0:5 ruxos_posix_api::imp::mmap::trap:90] [36mmapping_flags: MappingFlags(READ | WRITE | EXECUTE | USER)[m
[m[37m[1733835001.098344 0:5 ruxhal::arch::aarch64::trap:102] [36missue=0xf, vaddr=0x50000008aeb8, cause=INSTRUCTION[m
[m[37m[1733835001.098611 0:5 ruxos_posix_api::imp::mmap::trap:61] [36mPage Fault Happening, vaddr:0x50000008a000, casue:INSTRUCTION, map_flags:MappingFlags(READ | WRITE | EXECUTE | USER)[m
[m[37m[1733835001.099032 0:5 ruxos_posix_api::imp::mmap::trap:90] [36mmapping_flags: MappingFlags(READ | WRITE | EXECUTE | USER)[m
[m[37m[1733835001.099326 0:5 ruxhal::arch::aarch64::trap:102] [36missue=0xf, vaddr=0x50000008aeb8, cause=INSTRUCTION[m
[m[37m[1733835001.099594 0:5 ruxos_posix_api::imp::mmap::trap:61] [36mPage Fault Happening, vaddr:0x50000008a000, casue:INSTRUCTION, map_flags:MappingFlags(READ | WRITE | EXECUTE | USER)[m
[m[37m[1733835001.100011 0:5 ruxos_posix_api::imp::mmap::trap:90] [36mmapping_flags: MappingFlags(READ | WRITE | EXECUTE | USER)[m
[m[37m[1733835001.100305 0:5 ruxhal::arch::aarch64::trap:102] [36missue=0xf, vaddr=0x50000008aeb8, cause=INSTRUCTION[m
[m[37m[1733835001.100573 0:5 ruxos_posix_api::imp::mmap::trap:61] [36mPage Fault Happening, vaddr:0x50000008a000, casue:INSTRUCTION, map_flags:MappingFlags(READ | WRITE | EXECUTE | USER)[m
[m[37m[1733835001.100989 0:5 ruxos_posix_api::imp::mmap::trap:90] [36mmapping_flags: MappingFlags(READ | WRITE | EXECUTE | USER)[m
[m[37m[1733835001.101283 0:5 ruxhal::arch::aarch64::trap:102] [36missue=0xf, vaddr=0x50000008aeb8, cause=INSTRUCTION[m
[m[37m[1733835001.101550 0:5 ruxos_posix_api::imp::mmap::trap:61] [36mPage Fault Happening, vaddr:0x50000008a000, casue:INSTRUCTION, map_flags:MappingFlags(READ | WRITE | EXECUTE | USER)[m
[m[37m[1733835001.101967 0:5 ruxos_posix_api::imp::mmap::trap:90] [36mmapping_flags: MappingFlags(READ | WRITE | EXECUTE | USER)[m
[m[37m[1733835001.102263 0:5 ruxhal::arch::aarch64::trap:102] [36missue=0xf, vaddr=0x50000008aeb8, cause=INSTRUCTION[m
[m[37m[1733835001.102531 0:5 ruxos_posix_api::imp::mmap::trap:61] [36mPage Fault Happening, vaddr:0x50000008a000, casue:INSTRUCTION, map_flags:MappingFlags(READ | WRITE | EXECUTE | USER)[m
[m[37m[1733835001.102949 0:5 ruxos_posix_api::imp::mmap::trap:90] [36mmapping_flags: MappingFlags(READ | WRITE | EXECUTE | USER)[m
[m[37m[1733835001.103244 0:5 ruxhal::arch::aarch64::trap:102] [36missue=0xf, vaddr=0x50000008aeb8, cause=INSTRUCTION[m
[m[37m[1733835001.103513 0:5 ruxos_posix_api::imp::mmap::trap:61] [36mPage Fault Happening, vaddr:0x50000008a000, casue:INSTRUCTION, map_flags:MappingFlags(READ | WRITE | EXECUTE | USER)[m
[m[37m[1733835001.103931 0:5 ruxos_posix_api::imp::mmap::trap:90] [36mmapping_flags: MappingFlags(READ | WRITE | EXECUTE | USER)[m
[m[37m[1733835001.104224 0:5 ruxhal::arch::aarch64::trap:102] [36missue=0xf, vaddr=0x50000008aeb8, cause=INSTRUCTION[m
[m[37m[1733835001.104491 0:5 ruxos_posix_api::imp::mmap::trap:61] [36mPage Fault Happening, vaddr:0x50000008a000, casue:INSTRUCTION, map_flags:MappingFlags(READ | WRITE | EXECUTE | USER)[m
[m[37m[1733835001.104967 0:5 ruxos_posix_api::imp::mmap::trap:90] [36mmapping_flags: MappingFlags(READ | WRITE | EXECUTE | USER)[m
[m[37m[1733835001.105298 0:5 ruxhal::arch::aarch64::trap:102] [36missue=0xf, vaddr=0x50000008aeb8, cause=INSTRUCTION[m
[m[37m[1733835001.105591 0:5 ruxos_posix_api::imp::mmap::trap:61] [36mPage Fault Happening, vaddr:0x50000008a000, casue:INSTRUCTION, map_flags:MappingFlags(READ | WRITE | EXECUTE | USER)[m
[m[37m[1733835001.106008 0:5 ruxos_posix_api::imp::mmap::trap:90] [36mmapping_flags: MappingFlags(READ | WRITE | EXECUTE | USER)[m
[m[37m[1733835001.106302 0:5 ruxhal::arch::aarch64::trap:102] [36missue=0xf, vaddr=0x50000008aeb8, cause=INSTRUCTION[m
[m[37m[1733835001.106569 0:5 ruxos_posix_api::imp::mmap::trap:61] [36mPage Fault Happening, vaddr:0x50000008a000, casue:INSTRUCTION, map_flags:MappingFlags(READ | WRITE | EXECUTE | USER)[m
[m[37m[1733835001.106986 0:5 ruxos_posix_api::imp::mmap::trap:90] [36mmapping_flags: MappingFlags(READ | WRITE | EXECUTE | USER)[m
[m[37m[1733835001.107280 0:5 ruxhal::arch::aarch64::trap:102] [36missue=0xf, vaddr=0x50000008aeb8, cause=INSTRUCTION[m
[m[37m[1733835001.107546 0:5 ruxos_posix_api::imp::mmap::trap:61] [36mPage Fault Happening, vaddr:0x50000008a000, casue:INSTRUCTION, map_flags:MappingFlags(READ | WRITE | EXECUTE | USER)[m
[m[37m[1733835001.107963 0:5 ruxos_posix_api::imp::mmap::trap:90] [36mmapping_flags: MappingFlags(READ | WRITE | EXECUTE | USER)[m
[m[37m[1733835001.108258 0:5 ruxhal::arch::aarch64::trap:102] [36missue=0xf, vaddr=0x50000008aeb8, cause=INSTRUCTION[m
[m[37m[1733835001.108523 0:5 ruxos_posix_api::imp::mmap::trap:61] [36mPage Fault Happening, vaddr:0x50000008a000, casue:INSTRUCTION, map_flags:MappingFlags(READ | WRITE | EXECUTE | USER)[m
[m[37m[1733835001.108942 0:5 ruxos_posix_api::imp::mmap::trap:90] [36mmapping_flags: MappingFlags(READ | WRITE | EXECUTE | USER)[m
[m[37m[1733835001.109236 0:5 ruxhal::arch::aarch64::trap:102] [36missue=0xf, vaddr=0x50000008aeb8, cause=INSTRUCTION[m
[m[37m[1733835001.109503 0:5 ruxos_posix_api::imp::mmap::trap:61] [36mPage Fault Happening, vaddr:0x50000008a000, casue:INSTRUCTION, map_flags:MappingFlags(READ | WRITE | EXECUTE | USER)[m
[m[37m[1733835001.109922 0:5 ruxos_posix_api::imp::mmap::trap:90] [36mmapping_flags: MappingFlags(READ | WRITE | EXECUTE | USER)[m
[m[37m[1733835001.110216 0:5 ruxhal::arch::aarch64::trap:102] [36missue=0xf, vaddr=0x50000008aeb8, cause=INSTRUCTION[m
[m[37m[1733835001.110484 0:5 ruxos_posix_api::imp::mmap::trap:61] [36mPage Fault Happening, vaddr:0x50000008a000, casue:INSTRUCTION, map_flags:MappingFlags(READ | WRITE | EXECUTE | USER)[m
[m[37m[1733835001.110901 0:5 ruxos_posix_api::imp::mmap::trap:90] [36mmapping_flags: MappingFlags(READ | WRITE | EXECUTE | USER)[m
[m[37m[1733835001.111195 0:5 ruxhal::arch::aarch64::trap:102] [36missue=0xf, vaddr=0x50000008aeb8, cause=INSTRUCTION[m
[m[37m[1733835001.111462 0:5 ruxos_posix_api::imp::mmap::trap:61] [36mPage Fault Happening, vaddr:0x50000008a000, casue:INSTRUCTION, map_flags:MappingFlags(READ | WRITE | EXECUTE | USER)[m
[m[37m[1733835001.111878 0:5 ruxos_posix_api::imp::mmap::trap:90] [36mmapping_flags: MappingFlags(READ | WRITE | EXECUTE | USER)[m
[m[37m[1733835001.112174 0:5 ruxhal::arch::aarch64::trap:102] [36missue=0xf, vaddr=0x50000008aeb8, cause=INSTRUCTION[m
[m[37m[1733835001.112444 0:5 ruxos_posix_api::imp::mmap::trap:61] [36mPage Fault Happening, vaddr:0x50000008a000, casue:INSTRUCTION, map_flags:MappingFlags(READ | WRITE | EXECUTE | USER)[m
[m[37m[1733835001.112860 0:5 ruxos_posix_api::imp::mmap::trap:90] [36mmapping_flags: MappingFlags(READ | WRITE | EXECUTE | USER)[m
[m[37m[1733835001.113155 0:5 ruxhal::arch::aarch64::trap:102] [36missue=0xf, vaddr=0x50000008aeb8, cause=INSTRUCTION[m
[m[37m[1733835001.113423 0:5 ruxos_posix_api::imp::mmap::trap:61] [36mPage Fault Happening, vaddr:0x50000008a000, casue:INSTRUCTION, map_flags:MappingFlags(READ | WRITE | EXECUTE | USER)[m
[m[37m[1733835001.113840 0:5 ruxos_posix_api::imp::mmap::trap:90] [36mmapping_flags: MappingFlags(READ | WRITE | EXECUTE | USER)[m
[m[37m[1733835001.114135 0:5 ruxhal::arch::aarch64::trap:102] [36missue=0xf, vaddr=0x50000008aeb8, cause=INSTRUCTION[m
[m[37m[1733835001.114402 0:5 ruxos_posix_api::imp::mmap::trap:61] [36mPage Fault Happening, vaddr:0x50000008a000, casue:INSTRUCTION, map_flags:MappingFlags(READ | WRITE | EXECUTE | USER)[m
[m[37m[1733835001.114873 0:5 ruxos_posix_api::imp::mmap::trap:90] [36mmapping_flags: MappingFlags(READ | WRITE | EXECUTE | USER)[m
[m[37m[1733835001.115203 0:5 ruxhal::arch::aarch64::trap:102] [36missue=0xf, vaddr=0x50000008aeb8, cause=INSTRUCTION[m
[m[37m[1733835001.115485 0:5 ruxos_posix_api::imp::mmap::trap:61] [36mPage Fault Happening, vaddr:0x50000008a000, casue:INSTRUCTION, map_flags:MappingFlags(READ | WRITE | EXECUTE | USER)[m
[m[37m[1733835001.115902 0:5 ruxos_posix_api::imp::mmap::trap:90] [36mmapping_flags: MappingFlags(READ | WRITE | EXECUTE | USER)[m
[m[37m[1733835001.116195 0:5 ruxhal::arch::aarch64::trap:102] [36missue=0xf, vaddr=0x50000008aeb8, cause=INSTRUCTION[m
[m[37m[1733835001.116463 0:5 ruxos_posix_api::imp::mmap::trap:61] [36mPage Fault Happening, vaddr:0x50000008a000, casue:INSTRUCTION, map_flags:MappingFlags(READ | WRITE | EXECUTE | USER)[m
[m[37m[1733835001.116879 0:5 ruxos_posix_api::imp::mmap::trap:90] [36mmapping_flags: MappingFlags(READ | WRITE | EXECUTE | USER)[m
[m[37m[1733835001.117173 0:5 ruxhal::arch::aarch64::trap:102] [36missue=0xf, vaddr=0x50000008aeb8, cause=INSTRUCTION[m
[m[37m[1733835001.117440 0:5 ruxos_posix_api::imp::mmap::trap:61] [36mPage Fault Happening, vaddr:0x50000008a000, casue:INSTRUCTION, map_flags:MappingFlags(READ | WRITE | EXECUTE | USER)[m
[m[37m[1733835001.117856 0:5 ruxos_posix_api::imp::mmap::trap:90] [36mmapping_flags: MappingFlags(READ | WRITE | EXECUTE | USER)[m
[m[37m[1733835001.118150 0:5 ruxhal::arch::aarch64::trap:102] [36missue=0xf, vaddr=0x50000008aeb8, cause=INSTRUCTION[m
[m[37m[1733835001.118416 0:5 ruxos_posix_api::imp::mmap::trap:61] [36mPage Fault Happening, vaddr:0x50000008a000, casue:INSTRUCTION, map_flags:MappingFlags(READ | WRITE | EXECUTE | USER)[m
[m[37m[1733835001.118836 0:5 ruxos_posix_api::imp::mmap::trap:90] [36mmapping_flags: MappingFlags(READ | WRITE | EXECUTE | USER)[m
[m[37m[1733835001.119129 0:5 ruxhal::arch::aarch64::trap:102] [36missue=0xf, vaddr=0x50000008aeb8, cause=INSTRUCTION[m
[m[37m[1733835001.119396 0:5 ruxos_posix_api::imp::mmap::trap:61] [36mPage Fault Happening, vaddr:0x50000008a000, casue:INSTRUCTION, map_flags:MappingFlags(READ | WRITE | EXECUTE | USER)[m
[m[37m[1733835001.119813 0:5 ruxos_posix_api::imp::mmap::trap:90] [36mmapping_flags: MappingFlags(READ | WRITE | EXECUTE | USER)[m
[m[37m[1733835001.120107 0:5 ruxhal::arch::aarch64::trap:102] [36missue=0xf, vaddr=0x50000008aeb8, cause=INSTRUCTION[m
[m[37m[1733835001.120373 0:5 ruxos_posix_api::imp::mmap::trap:61] [36mPage Fault Happening, vaddr:0x50000008a000, casue:INSTRUCTION, map_flags:MappingFlags(READ | WRITE | EXECUTE | USER)[m
[m[37m[1733835001.120789 0:5 ruxos_posix_api::imp::mmap::trap:90] [36mmapping_flags: MappingFlags(READ | WRITE | EXECUTE | USER)[m
[m[37m[1733835001.121084 0:5 ruxhal::arch::aarch64::trap:102] [36missue=0xf, vaddr=0x50000008aeb8, cause=INSTRUCTION[m
[m[37m[1733835001.121354 0:5 ruxos_posix_api::imp::mmap::trap:61] [36mPage Fault Happening, vaddr:0x50000008a000, casue:INSTRUCTION, map_flags:MappingFlags(READ | WRITE | EXECUTE | USER)[m
[m[37m[1733835001.121770 0:5 ruxos_posix_api::imp::mmap::trap:90] [36mmapping_flags: MappingFlags(READ | WRITE | EXECUTE | USER)[m
[m[37m[1733835001.122063 0:5 ruxhal::arch::aarch64::trap:102] [36missue=0xf, vaddr=0x50000008aeb8, cause=INSTRUCTION[m
[m[37m[1733835001.122333 0:5 ruxos_posix_api::imp::mmap::trap:61] [36mPage Fault Happening, vaddr:0x50000008a000, casue:INSTRUCTION, map_flags:MappingFlags(READ | WRITE | EXECUTE | USER)[m
[m[37m[1733835001.122749 0:5 ruxos_posix_api::imp::mmap::trap:90] [36mmapping_flags: MappingFlags(READ | WRITE | EXECUTE | USER)[m
[m[37m[1733835001.123043 0:5 ruxhal::arch::aarch64::trap:102] [36missue=0xf, vaddr=0x50000008aeb8, cause=INSTRUCTION[m
[m[37m[1733835001.123309 0:5 ruxos_posix_api::imp::mmap::trap:61] [36mPage Fault Happening, vaddr:0x50000008a000, casue:INSTRUCTION, map_flags:MappingFlags(READ | WRITE | EXECUTE | USER)[m
[m[37m[1733835001.123725 0:5 ruxos_posix_api::imp::mmap::trap:90] [36mmapping_flags: MappingFlags(READ | WRITE | EXECUTE | USER)[m
[m[37m[1733835001.124017 0:5 ruxhal::arch::aarch64::trap:102] [36missue=0xf, vaddr=0x50000008aeb8, cause=INSTRUCTION[m
[m[37m[1733835001.124285 0:5 ruxos_posix_api::imp::mmap::trap:61] [36mPage Fault Happening, vaddr:0x50000008a000, casue:INSTRUCTION, map_flags:MappingFlags(READ | WRITE | EXECUTE | USER)[m
[m[37m[1733835001.124745 0:5 ruxos_posix_api::imp::mmap::trap:90] [36mmapping_flags: MappingFlags(READ | WRITE | EXECUTE | USER)[m
[m[37m[1733835001.125079 0:5 ruxhal::arch::aarch64::trap:102] [36missue=0xf, vaddr=0x50000008aeb8, cause=INSTRUCTION[m
[m[37m[1733835001.125348 0:5 ruxos_posix_api::imp::mmap::trap:61] [36mPage Fault Happening, vaddr:0x50000008a000, casue:INSTRUCTION, map_flags:MappingFlags(READ | WRITE | EXECUTE | USER)[m
[m[37m[1733835001.125768 0:5 ruxos_posix_api::imp::mmap::trap:90] [36mmapping_flags: MappingFlags(READ | WRITE | EXECUTE | USER)[m
[m[37m[1733835001.126063 0:5 ruxhal::arch::aarch64::trap:102] [36missue=0xf, vaddr=0x50000008aeb8, cause=INSTRUCTION[m
[m[37m[1733835001.126330 0:5 ruxos_posix_api::imp::mmap::trap:61] [36mPage Fault Happening, vaddr:0x50000008a000, casue:INSTRUCTION, map_flags:MappingFlags(READ | WRITE | EXECUTE | USER)[m
[m[37m[1733835001.126747 0:5 ruxos_posix_api::imp::mmap::trap:90] [36mmapping_flags: MappingFlags(READ | WRITE | EXECUTE | USER)[m
[m[37m[1733835001.127040 0:5 ruxhal::arch::aarch64::trap:102] [36missue=0xf, vaddr=0x50000008aeb8, cause=INSTRUCTION[m
[m[37m[1733835001.127308 0:5 ruxos_posix_api::imp::mmap::trap:61] [36mPage Fault Happening, vaddr:0x50000008a000, casue:INSTRUCTION, map_flags:MappingFlags(READ | WRITE | EXECUTE | USER)[m
[m[37m[1733835001.127725 0:5 ruxos_posix_api::imp::mmap::trap:90] [36mmapping_flags: MappingFlags(READ | WRITE | EXECUTE | USER)[m
[m[37m[1733835001.128019 0:5 ruxhal::arch::aarch64::trap:102] [36missue=0xf, vaddr=0x50000008aeb8, cause=INSTRUCTION[m
[m[37m[1733835001.128286 0:5 ruxos_posix_api::imp::mmap::trap:61] [36mPage Fault Happening, vaddr:0x50000008a000, casue:INSTRUCTION, map_flags:MappingFlags(READ | WRITE | EXECUTE | USER)[m
[m[37m[1733835001.128702 0:5 ruxos_posix_api::imp::mmap::trap:90] [36mmapping_flags: MappingFlags(READ | WRITE | EXECUTE | USER)[m
[m[37m[1733835001.128999 0:5 ruxhal::arch::aarch64::trap:102] [36missue=0xf, vaddr=0x50000008aeb8, cause=INSTRUCTION[m
[m[37m[1733835001.129266 0:5 ruxos_posix_api::imp::mmap::trap:61] [36mPage Fault Happening, vaddr:0x50000008a000, casue:INSTRUCTION, map_flags:MappingFlags(READ | WRITE | EXECUTE | USER)[m
[m[37m[1733835001.129682 0:5 ruxos_posix_api::imp::mmap::trap:90] [36mmapping_flags: MappingFlags(READ | WRITE | EXECUTE | USER)[m
[m[37m[1733835001.129976 0:5 ruxhal::arch::aarch64::trap:102] [36missue=0xf, vaddr=0x50000008aeb8, cause=INSTRUCTION[m
[m[37m[1733835001.130245 0:5 ruxos_posix_api::imp::mmap::trap:61] [36mPage Fault Happening, vaddr:0x50000008a000, casue:INSTRUCTION, map_flags:MappingFlags(READ | WRITE | EXECUTE | USER)[m
[m[37m[1733835001.130661 0:5 ruxos_posix_api::imp::mmap::trap:90] [36mmapping_flags: MappingFlags(READ | WRITE | EXECUTE | USER)[m
[m[37m[1733835001.130956 0:5 ruxhal::arch::aarch64::trap:102] [36missue=0xf, vaddr=0x50000008aeb8, cause=INSTRUCTION[m
[m[37m[1733835001.131223 0:5 ruxos_posix_api::imp::mmap::trap:61] [36mPage Fault Happening, vaddr:0x50000008a000, casue:INSTRUCTION, map_flags:MappingFlags(READ | WRITE | EXECUTE | USER)[m
[m[37m[1733835001.131643 0:5 ruxos_posix_api::imp::mmap::trap:90] [36mmapping_flags: MappingFlags(READ | WRITE | EXECUTE | USER)[m
[m[37m[1733835001.131936 0:5 ruxhal::arch::aarch64::trap:102] [36missue=0xf, vaddr=0x50000008aeb8, cause=INSTRUCTION[m
[m[37m[1733835001.132205 0:5 ruxos_posix_api::imp::mmap::trap:61] [36mPage Fault Happening, vaddr:0x50000008a000, casue:INSTRUCTION, map_flags:MappingFlags(READ | WRITE | EXECUTE | USER)[m
[m[37m[1733835001.132622 0:5 ruxos_posix_api::imp::mmap::trap:90] [36mmapping_flags: MappingFlags(READ | WRITE | EXECUTE | USER)[m
[m[37m[1733835001.132916 0:5 ruxhal::arch::aarch64::trap:102] [36missue=0xf, vaddr=0x50000008aeb8, cause=INSTRUCTION[m
[m[37m[1733835001.133184 0:5 ruxos_posix_api::imp::mmap::trap:61] [36mPage Fault Happening, vaddr:0x50000008a000, casue:INSTRUCTION, map_flags:MappingFlags(READ | WRITE | EXECUTE | USER)[m
[m[37m[1733835001.133604 0:5 ruxos_posix_api::imp::mmap::trap:90] [36mmapping_flags: MappingFlags(READ | WRITE | EXECUTE | USER)[m
[m[37m[1733835001.133898 0:5 ruxhal::arch::aarch64::trap:102] [36missue=0xf, vaddr=0x50000008aeb8, cause=INSTRUCTION[m
[m[37m[1733835001.134167 0:5 ruxos_posix_api::imp::mmap::trap:61] [36mPage Fault Happening, vaddr:0x50000008a000, casue:INSTRUCTION, map_flags:MappingFlags(READ | WRITE | EXECUTE | USER)[m
[m[37m[1733835001.134613 0:5 ruxos_posix_api::imp::mmap::trap:90] [36mmapping_flags: MappingFlags(READ | WRITE | EXECUTE | USER)[m
[m[37m[1733835001.134944 0:5 ruxhal::arch::aarch64::trap:102] [36missue=0xf, vaddr=0x50000008aeb8, cause=INSTRUCTION[m
[m[37m[1733835001.135231 0:5 ruxos_posix_api::imp::mmap::trap:61] [36mPage Fault Happening, vaddr:0x50000008a000, casue:INSTRUCTION, map_flags:MappingFlags(READ | WRITE | EXECUTE | USER)[m
[m[37m[1733835001.135651 0:5 ruxos_posix_api::imp::mmap::trap:90] [36mmapping_flags: MappingFlags(READ | WRITE | EXECUTE | USER)[m
[m[37m[1733835001.135944 0:5 ruxhal::arch::aarch64::trap:102] [36missue=0xf, vaddr=0x50000008aeb8, cause=INSTRUCTION[m
[m[37m[1733835001.136212 0:5 ruxos_posix_api::imp::mmap::trap:61] [36mPage Fault Happening, vaddr:0x50000008a000, casue:INSTRUCTION, map_flags:MappingFlags(READ | WRITE | EXECUTE | USER)[m
[m[37m[1733835001.136628 0:5 ruxos_posix_api::imp::mmap::trap:90] [36mmapping_flags: MappingFlags(READ | WRITE | EXECUTE | USER)[m
[m[37m[1733835001.136922 0:5 ruxhal::arch::aarch64::trap:102] [36missue=0xf, vaddr=0x50000008aeb8, cause=INSTRUCTION[m
[m[37m[1733835001.137189 0:5 ruxos_posix_api::imp::mmap::trap:61] [36mPage Fault Happening, vaddr:0x50000008a000, casue:INSTRUCTION, map_flags:MappingFlags(READ | WRITE | EXECUTE | USER)[m
[m[37m[1733835001.137607 0:5 ruxos_posix_api::imp::mmap::trap:90] [36mmapping_flags: MappingFlags(READ | WRITE | EXECUTE | USER)[m
[m[37m[1733835001.137901 0:5 ruxhal::arch::aarch64::trap:102] [36missue=0xf, vaddr=0x50000008aeb8, cause=INSTRUCTION[m
[m[37m[1733835001.138169 0:5 ruxos_posix_api::imp::mmap::trap:61] [36mPage Fault Happening, vaddr:0x50000008a000, casue:INSTRUCTION, map_flags:MappingFlags(READ | WRITE | EXECUTE | USER)[m
[m[37m[1733835001.138586 0:5 ruxos_posix_api::imp::mmap::trap:90] [36mmapping_flags: MappingFlags(READ | WRITE | EXECUTE | USER)[m
[m[37m[1733835001.138882 0:5 ruxhal::arch::aarch64::trap:102] [36missue=0xf, vaddr=0x50000008aeb8, cause=INSTRUCTION[m
[m[37m[1733835001.139151 0:5 ruxos_posix_api::imp::mmap::trap:61] [36mPage Fault Happening, vaddr:0x50000008a000, casue:INSTRUCTION, map_flags:MappingFlags(READ | WRITE | EXECUTE | USER)[m
[m[37m[1733835001.139567 0:5 ruxos_posix_api::imp::mmap::trap:90] [36mmapping_flags: MappingFlags(READ | WRITE | EXECUTE | USER)[m
[m[37m[1733835001.139860 0:5 ruxhal::arch::aarch64::trap:102] [36missue=0xf, vaddr=0x50000008aeb8, cause=INSTRUCTION[m
[m[37m[1733835001.140125 0:5 ruxos_posix_api::imp::mmap::trap:61] [36mPage Fault Happening, vaddr:0x50000008a000, casue:INSTRUCTION, map_flags:MappingFlags(READ | WRITE | EXECUTE | USER)[m
[m[37m[1733835001.140543 0:5 ruxos_posix_api::imp::mmap::trap:90] [36mmapping_flags: MappingFlags(READ | WRITE | EXECUTE | USER)[m
[m[37m[1733835001.140838 0:5 ruxhal::arch::aarch64::trap:102] [36missue=0xf, vaddr=0x50000008aeb8, cause=INSTRUCTION[m
[m[37m[1733835001.141106 0:5 ruxos_posix_api::imp::mmap::trap:61] [36mPage Fault Happening, vaddr:0x50000008a000, casue:INSTRUCTION, map_flags:MappingFlags(READ | WRITE | EXECUTE | USER)[m
[m[37m[1733835001.141523 0:5 ruxos_posix_api::imp::mmap::trap:90] [36mmapping_flags: MappingFlags(READ | WRITE | EXECUTE | USER)[m
[m[37m[1733835001.141817 0:5 ruxhal::arch::aarch64::trap:102] [36missue=0xf, vaddr=0x50000008aeb8, cause=INSTRUCTION[m
[m[37m[1733835001.142084 0:5 ruxos_posix_api::imp::mmap::trap:61] [36mPage Fault Happening, vaddr:0x50000008a000, casue:INSTRUCTION, map_flags:MappingFlags(READ | WRITE | EXECUTE | USER)[m
[m[37m[1733835001.142503 0:5 ruxos_posix_api::imp::mmap::trap:90] [36mmapping_flags: MappingFlags(READ | WRITE | EXECUTE | USER)[m
[m[37m[1733835001.142798 0:5 ruxhal::arch::aarch64::trap:102] [36missue=0xf, vaddr=0x50000008aeb8, cause=INSTRUCTION[m
[m[37m[1733835001.143065 0:5 ruxos_posix_api::imp::mmap::trap:61] [36mPage Fault Happening, vaddr:0x50000008a000, casue:INSTRUCTION, map_flags:MappingFlags(READ | WRITE | EXECUTE | USER)[m
[m[37m[1733835001.143482 0:5 ruxos_posix_api::imp::mmap::trap:90] [36mmapping_flags: MappingFlags(READ | WRITE | EXECUTE | USER)[m
[m[37m[1733835001.143776 0:5 ruxhal::arch::aarch64::trap:102] [36missue=0xf, vaddr=0x50000008aeb8, cause=INSTRUCTION[m
[m[37m[1733835001.144043 0:5 ruxos_posix_api::imp::mmap::trap:61] [36mPage Fault Happening, vaddr:0x50000008a000, casue:INSTRUCTION, map_flags:MappingFlags(READ | WRITE | EXECUTE | USER)[m
[m[37m[1733835001.144460 0:5 ruxos_posix_api::imp::mmap::trap:90] [36mmapping_flags: MappingFlags(READ | WRITE | EXECUTE | USER)[m
[m[37m[1733835001.144808 0:5 ruxhal::arch::aarch64::trap:102] [36missue=0xf, vaddr=0x50000008aeb8, cause=INSTRUCTION[m
[m[37m[1733835001.145088 0:5 ruxos_posix_api::imp::mmap::trap:61] [36mPage Fault Happening, vaddr:0x50000008a000, casue:INSTRUCTION, map_flags:MappingFlags(READ | WRITE | EXECUTE | USER)[m
[m[37m[1733835001.145507 0:5 ruxos_posix_api::imp::mmap::trap:90] [36mmapping_flags: MappingFlags(READ | WRITE | EXECUTE | USER)[m
[m[37m[1733835001.145802 0:5 ruxhal::arch::aarch64::trap:102] [36missue=0xf, vaddr=0x50000008aeb8, cause=INSTRUCTION[m
[m[37m[1733835001.146071 0:5 ruxos_posix_api::imp::mmap::trap:61] [36mPage Fault Happening, vaddr:0x50000008a000, casue:INSTRUCTION, map_flags:MappingFlags(READ | WRITE | EXECUTE | USER)[m
[m[37m[1733835001.146488 0:5 ruxos_posix_api::imp::mmap::trap:90] [36mmapping_flags: MappingFlags(READ | WRITE | EXECUTE | USER)[m
[m[37m[1733835001.146782 0:5 ruxhal::arch::aarch64::trap:102] [36missue=0xf, vaddr=0x50000008aeb8, cause=INSTRUCTION[m
[m[37m[1733835001.147050 0:5 ruxos_posix_api::imp::mmap::trap:61] [36mPage Fault Happening, vaddr:0x50000008a000, casue:INSTRUCTION, map_flags:MappingFlags(READ | WRITE | EXECUTE | USER)[m
[m[37m[1733835001.147467 0:5 ruxos_posix_api::imp::mmap::trap:90] [36mmapping_flags: MappingFlags(READ | WRITE | EXECUTE | USER)[m
[m[37m[1733835001.147761 0:5 ruxhal::arch::aarch64::trap:102] [36missue=0xf, vaddr=0x50000008aeb8, cause=INSTRUCTION[m
[m[37m[1733835001.148030 0:5 ruxos_posix_api::imp::mmap::trap:61] [36mPage Fault Happening, vaddr:0x50000008a000, casue:INSTRUCTION, map_flags:MappingFlags(READ | WRITE | EXECUTE | USER)[m
[m[37m[1733835001.148447 0:5 ruxos_posix_api::imp::mmap::trap:90] [36mmapping_flags: MappingFlags(READ | WRITE | EXECUTE | USER)[m
[m[37m[1733835001.148740 0:5 ruxhal::arch::aarch64::trap:102] [36missue=0xf, vaddr=0x50000008aeb8, cause=INSTRUCTION[m
[m[37m[1733835001.149010 0:5 ruxos_posix_api::imp::mmap::trap:61] [36mPage Fault Happening, vaddr:0x50000008a000, casue:INSTRUCTION, map_flags:MappingFlags(READ | WRITE | EXECUTE | USER)[m
[m[37m[1733835001.149427 0:5 ruxos_posix_api::imp::mmap::trap:90] [36mmapping_flags: MappingFlags(READ | WRITE | EXECUTE | USER)[m
[m[37m[1733835001.149721 0:5 ruxhal::arch::aarch64::trap:102] [36missue=0xf, vaddr=0x50000008aeb8, cause=INSTRUCTION[m
[m[37m[1733835001.149992 0:5 ruxos_posix_api::imp::mmap::trap:61] [36mPage Fault Happening, vaddr:0x50000008a000, casue:INSTRUCTION, map_flags:MappingFlags(READ | WRITE | EXECUTE | USER)[m
[m[37m[1733835001.150411 0:5 ruxos_posix_api::imp::mmap::trap:90] [36mmapping_flags: MappingFlags(READ | WRITE | EXECUTE | USER)[m
[m[37m[1733835001.150705 0:5 ruxhal::arch::aarch64::trap:102] [36missue=0xf, vaddr=0x50000008aeb8, cause=INSTRUCTION[m
[m[37m[1733835001.150973 0:5 ruxos_posix_api::imp::mmap::trap:61] [36mPage Fault Happening, vaddr:0x50000008a000, casue:INSTRUCTION, map_flags:MappingFlags(READ | WRITE | EXECUTE | USER)[m
[m[37m[1733835001.151394 0:5 ruxos_posix_api::imp::mmap::trap:90] [36mmapping_flags: MappingFlags(READ | WRITE | EXECUTE | USER)[m
[m[37m[1733835001.151691 0:5 ruxhal::arch::aarch64::trap:102] [36missue=0xf, vaddr=0x50000008aeb8, cause=INSTRUCTION[m
[m[37m[1733835001.151963 0:5 ruxos_posix_api::imp::mmap::trap:61] [36mPage Fault Happening, vaddr:0x50000008a000, casue:INSTRUCTION, map_flags:MappingFlags(READ | WRITE | EXECUTE | USER)[m
[m[37m[1733835001.152390 0:5 ruxos_posix_api::imp::mmap::trap:90] [36mmapping_flags: MappingFlags(READ | WRITE | EXECUTE | USER)[m
[m[37m[1733835001.152685 0:5 ruxhal::arch::aarch64::trap:102] [36missue=0xf, vaddr=0x50000008aeb8, cause=INSTRUCTION[m
[m[37m[1733835001.152953 0:5 ruxos_posix_api::imp::mmap::trap:61] [36mPage Fault Happening, vaddr:0x50000008a000, casue:INSTRUCTION, map_flags:MappingFlags(READ | WRITE | EXECUTE | USER)[m
[m[37m[1733835001.153371 0:5 ruxos_posix_api::imp::mmap::trap:90] [36mmapping_flags: MappingFlags(READ | WRITE | EXECUTE | USER)[m
[m[37m[1733835001.153665 0:5 ruxhal::arch::aarch64::trap:102] [36missue=0xf, vaddr=0x50000008aeb8, cause=INSTRUCTION[m
[m[37m[1733835001.153933 0:5 ruxos_posix_api::imp::mmap::trap:61] [36mPage Fault Happening, vaddr:0x50000008a000, casue:INSTRUCTION, map_flags:MappingFlags(READ | WRITE | EXECUTE | USER)[m
[m[37m[1733835001.154348 0:5 ruxos_posix_api::imp::mmap::trap:90] [36mmapping_flags: MappingFlags(READ | WRITE | EXECUTE | USER)[m
[m[37m[1733835001.154693 0:5 ruxhal::arch::aarch64::trap:102] [36missue=0xf, vaddr=0x50000008aeb8, cause=INSTRUCTION[m
[m[37m[1733835001.154961 0:5 ruxos_posix_api::imp::mmap::trap:61] [36mPage Fault Happening, vaddr:0x50000008a000, casue:INSTRUCTION, map_flags:MappingFlags(READ | WRITE | EXECUTE | USER)[m
[m[37m[1733835001.155379 0:5 ruxos_posix_api::imp::mmap::trap:90] [36mmapping_flags: MappingFlags(READ | WRITE | EXECUTE | USER)[m
[m[37m[1733835001.155677 0:5 ruxhal::arch::aarch64::trap:102] [36missue=0xf, vaddr=0x50000008aeb8, cause=INSTRUCTION[m
[m[37m[1733835001.155944 0:5 ruxos_posix_api::imp::mmap::trap:61] [36mPage Fault Happening, vaddr:0x50000008a000, casue:INSTRUCTION, map_flags:MappingFlags(READ | WRITE | EXECUTE | USER)[m
[m[37m[1733835001.156361 0:5 ruxos_posix_api::imp::mmap::trap:90] [36mmapping_flags: MappingFlags(READ | WRITE | EXECUTE | USER)[m
[m[37m[1733835001.156655 0:5 ruxhal::arch::aarch64::trap:102] [36missue=0xf, vaddr=0x50000008aeb8, cause=INSTRUCTION[m
[m[37m[1733835001.156926 0:5 ruxos_posix_api::imp::mmap::trap:61] [36mPage Fault Happening, vaddr:0x50000008a000, casue:INSTRUCTION, map_flags:MappingFlags(READ | WRITE | EXECUTE | USER)[m
[m[37m[1733835001.157341 0:5 ruxos_posix_api::imp::mmap::trap:90] [36mmapping_flags: MappingFlags(READ | WRITE | EXECUTE | USER)[m
[m[37m[1733835001.157635 0:5 ruxhal::arch::aarch64::trap:102] [36missue=0xf, vaddr=0x50000008aeb8, cause=INSTRUCTION[m
[m[37m[1733835001.157901 0:5 ruxos_posix_api::imp::mmap::trap:61] [36mPage Fault Happening, vaddr:0x50000008a000, casue:INSTRUCTION, map_flags:MappingFlags(READ | WRITE | EXECUTE | USER)[m
[m[37m[1733835001.158318 0:5 ruxos_posix_api::imp::mmap::trap:90] [36mmapping_flags: MappingFlags(READ | WRITE | EXECUTE | USER)[m
[m[37m[1733835001.158612 0:5 ruxhal::arch::aarch64::trap:102] [36missue=0xf, vaddr=0x50000008aeb8, cause=INSTRUCTION[m
[m[37m[1733835001.158881 0:5 ruxos_posix_api::imp::mmap::trap:61] [36mPage Fault Happening, vaddr:0x50000008a000, casue:INSTRUCTION, map_flags:MappingFlags(READ | WRITE | EXECUTE | USER)[m
[m[37m[1733835001.159298 0:5 ruxos_posix_api::imp::mmap::trap:90] [36mmapping_flags: MappingFlags(READ | WRITE | EXECUTE | USER)[m
[m[37m[1733835001.159592 0:5 ruxhal::arch::aarch64::trap:102] [36missue=0xf, vaddr=0x50000008aeb8, cause=INSTRUCTION[m
[m[37m[1733835001.159860 0:5 ruxos_posix_api::imp::mmap::trap:61] [36mPage Fault Happening, vaddr:0x50000008a000, casue:INSTRUCTION, map_flags:MappingFlags(READ | WRITE | EXECUTE | USER)[m
[m[37m[1733835001.160276 0:5 ruxos_posix_api::imp::mmap::trap:90] [36mmapping_flags: MappingFlags(READ | WRITE | EXECUTE | USER)[m
[m[37m[1733835001.160570 0:5 ruxhal::arch::aarch64::trap:102] [36missue=0xf, vaddr=0x50000008aeb8, cause=INSTRUCTION[m
[m[37m[1733835001.160837 0:5 ruxos_posix_api::imp::mmap::trap:61] [36mPage Fault Happening, vaddr:0x50000008a000, casue:INSTRUCTION, map_flags:MappingFlags(READ | WRITE | EXECUTE | USER)[m
[m[37m[1733835001.161254 0:5 ruxos_posix_api::imp::mmap::trap:90] [36mmapping_flags: MappingFlags(READ | WRITE | EXECUTE | USER)[m
[m[37m[1733835001.161548 0:5 ruxhal::arch::aarch64::trap:102] [36missue=0xf, vaddr=0x50000008aeb8, cause=INSTRUCTION[m
[m[37m[1733835001.161814 0:5 ruxos_posix_api::imp::mmap::trap:61] [36mPage Fault Happening, vaddr:0x50000008a000, casue:INSTRUCTION, map_flags:MappingFlags(READ | WRITE | EXECUTE | USER)[m
[m[37m[1733835001.162233 0:5 ruxos_posix_api::imp::mmap::trap:90] [36mmapping_flags: MappingFlags(READ | WRITE | EXECUTE | USER)[m
[m[37m[1733835001.162526 0:5 ruxhal::arch::aarch64::trap:102] [36missue=0xf, vaddr=0x50000008aeb8, cause=INSTRUCTION[m
[m[37m[1733835001.162793 0:5 ruxos_posix_api::imp::mmap::trap:61] [36mPage Fault Happening, vaddr:0x50000008a000, casue:INSTRUCTION, map_flags:MappingFlags(READ | WRITE | EXECUTE | USER)[m
[m[37m[1733835001.163211 0:5 ruxos_posix_api::imp::mmap::trap:90] [36mmapping_flags: MappingFlags(READ | WRITE | EXECUTE | USER)[m
[m[37m[1733835001.163505 0:5 ruxhal::arch::aarch64::trap:102] [36missue=0xf, vaddr=0x50000008aeb8, cause=INSTRUCTION[m
[m[37m[1733835001.163772 0:5 ruxos_posix_api::imp::mmap::trap:61] [36mPage Fault Happening, vaddr:0x50000008a000, casue:INSTRUCTION, map_flags:MappingFlags(READ | WRITE | EXECUTE | USER)[m
[m[37m[1733835001.164190 0:5 ruxos_posix_api::imp::mmap::trap:90] [36mmapping_flags: MappingFlags(READ | WRITE | EXECUTE | USER)[m
[m[37m[1733835001.164516 0:5 ruxhal::arch::aarch64::trap:102] [36missue=0xf, vaddr=0x50000008aeb8, cause=INSTRUCTION[m
[m[37m[1733835001.164786 0:5 ruxos_posix_api::imp::mmap::trap:61] [36mPage Fault Happening, vaddr:0x50000008a000, casue:INSTRUCTION, map_flags:MappingFlags(READ | WRITE | EXECUTE | USER)[m
[m[37m[1733835001.165200 0:5 ruxos_posix_api::imp::mmap::trap:90] [36mmapping_flags: MappingFlags(READ | WRITE | EXECUTE | USER)[m
[m[37m[1733835001.165497 0:5 ruxhal::arch::aarch64::trap:102] [36missue=0xf, vaddr=0x50000008aeb8, cause=INSTRUCTION[m
[m[37m[1733835001.165766 0:5 ruxos_posix_api::imp::mmap::trap:61] [36mPage Fault Happening, vaddr:0x50000008a000, casue:INSTRUCTION, map_flags:MappingFlags(READ | WRITE | EXECUTE | USER)[m
[m[37m[1733835001.166184 0:5 ruxos_posix_api::imp::mmap::trap:90] [36mmapping_flags: MappingFlags(READ | WRITE | EXECUTE | USER)[m
[m[37m[1733835001.166477 0:5 ruxhal::arch::aarch64::trap:102] [36missue=0xf, vaddr=0x50000008aeb8, cause=INSTRUCTION[m
[m[37m[1733835001.166744 0:5 ruxos_posix_api::imp::mmap::trap:61] [36mPage Fault Happening, vaddr:0x50000008a000, casue:INSTRUCTION, map_flags:MappingFlags(READ | WRITE | EXECUTE | USER)[m
[m[37m[1733835001.167160 0:5 ruxos_posix_api::imp::mmap::trap:90] [36mmapping_flags: MappingFlags(READ | WRITE | EXECUTE | USER)[m
[m[37m[1733835001.167455 0:5 ruxhal::arch::aarch64::trap:102] [36missue=0xf, vaddr=0x50000008aeb8, cause=INSTRUCTION[m
[m[37m[1733835001.167722 0:5 ruxos_posix_api::imp::mmap::trap:61] [36mPage Fault Happening, vaddr:0x50000008a000, casue:INSTRUCTION, map_flags:MappingFlags(READ | WRITE | EXECUTE | USER)[m
[m[37m[1733835001.168138 0:5 ruxos_posix_api::imp::mmap::trap:90] [36mmapping_flags: MappingFlags(READ | WRITE | EXECUTE | USER)[m
[m[37m[1733835001.168433 0:5 ruxhal::arch::aarch64::trap:102] [36missue=0xf, vaddr=0x50000008aeb8, cause=INSTRUCTION[m
[m[37m[1733835001.168701 0:5 ruxos_posix_api::imp::mmap::trap:61] [36mPage Fault Happening, vaddr:0x50000008a000, casue:INSTRUCTION, map_flags:MappingFlags(READ | WRITE | EXECUTE | USER)[m
[m[37m[1733835001.169120 0:5 ruxos_posix_api::imp::mmap::trap:90] [36mmapping_flags: MappingFlags(READ | WRITE | EXECUTE | USER)[m
[m[37m[1733835001.169414 0:5 ruxhal::arch::aarch64::trap:102] [36missue=0xf, vaddr=0x50000008aeb8, cause=INSTRUCTION[m
[m[37m[1733835001.169683 0:5 ruxos_posix_api::imp::mmap::trap:61] [36mPage Fault Happening, vaddr:0x50000008a000, casue:INSTRUCTION, map_flags:MappingFlags(READ | WRITE | EXECUTE | USER)[m
[m[37m[1733835001.170099 0:5 ruxos_posix_api::imp::mmap::trap:90] [36mmapping_flags: MappingFlags(READ | WRITE | EXECUTE | USER)[m
[m[37m[1733835001.170393 0:5 ruxhal::arch::aarch64::trap:102] [36missue=0xf, vaddr=0x50000008aeb8, cause=INSTRUCTION[m
[m[37m[1733835001.170661 0:5 ruxos_posix_api::imp::mmap::trap:61] [36mPage Fault Happening, vaddr:0x50000008a000, casue:INSTRUCTION, map_flags:MappingFlags(READ | WRITE | EXECUTE | USER)[m
[m[37m[1733835001.171076 0:5 ruxos_posix_api::imp::mmap::trap:90] [36mmapping_flags: MappingFlags(READ | WRITE | EXECUTE | USER)[m
[m[37m[1733835001.171370 0:5 ruxhal::arch::aarch64::trap:102] [36missue=0xf, vaddr=0x50000008aeb8, cause=INSTRUCTION[m
[m[37m[1733835001.171639 0:5 ruxos_posix_api::imp::mmap::trap:61] [36mPage Fault Happening, vaddr:0x50000008a000, casue:INSTRUCTION, map_flags:MappingFlags(READ | WRITE | EXECUTE | USER)[m
[m[37m[1733835001.172055 0:5 ruxos_posix_api::imp::mmap::trap:90] [36mmapping_flags: MappingFlags(READ | WRITE | EXECUTE | USER)[m
[m[37m[1733835001.172352 0:5 ruxhal::arch::aarch64::trap:102] [36missue=0xf, vaddr=0x50000008aeb8, cause=INSTRUCTION[m
[m[37m[1733835001.172619 0:5 ruxos_posix_api::imp::mmap::trap:61] [36mPage Fault Happening, vaddr:0x50000008a000, casue:INSTRUCTION, map_flags:MappingFlags(READ | WRITE | EXECUTE | USER)[m
[m[37m[1733835001.173036 0:5 ruxos_posix_api::imp::mmap::trap:90] [36mmapping_flags: MappingFlags(READ | WRITE | EXECUTE | USER)[m
[m[37m[1733835001.173330 0:5 ruxhal::arch::aarch64::trap:102] [36missue=0xf, vaddr=0x50000008aeb8, cause=INSTRUCTION[m
[m[37m[1733835001.173597 0:5 ruxos_posix_api::imp::mmap::trap:61] [36mPage Fault Happening, vaddr:0x50000008a000, casue:INSTRUCTION, map_flags:MappingFlags(READ | WRITE | EXECUTE | USER)[m
[m[37m[1733835001.174013 0:5 ruxos_posix_api::imp::mmap::trap:90] [36mmapping_flags: MappingFlags(READ | WRITE | EXECUTE | USER)[m
[m[37m[1733835001.174307 0:5 ruxhal::arch::aarch64::trap:102] [36missue=0xf, vaddr=0x50000008aeb8, cause=INSTRUCTION[m
[m[37m[1733835001.174607 0:5 ruxos_posix_api::imp::mmap::trap:61] [36mPage Fault Happening, vaddr:0x50000008a000, casue:INSTRUCTION, map_flags:MappingFlags(READ | WRITE | EXECUTE | USER)[m
[m[37m[1733835001.175066 0:5 ruxos_posix_api::imp::mmap::trap:90] [36mmapping_flags: MappingFlags(READ | WRITE | EXECUTE | USER)[m
[m[37m[1733835001.175396 0:5 ruxhal::arch::aarch64::trap:102] [36missue=0xf, vaddr=0x50000008aeb8, cause=INSTRUCTION[m
[m[37m[1733835001.175694 0:5 ruxos_posix_api::imp::mmap::trap:61] [36mPage Fault Happening, vaddr:0x50000008a000, casue:INSTRUCTION, map_flags:MappingFlags(READ | WRITE | EXECUTE | USER)[m
[m[37m[1733835001.176110 0:5 ruxos_posix_api::imp::mmap::trap:90] [36mmapping_flags: MappingFlags(READ | WRITE | EXECUTE | USER)[m
[m[37m[1733835001.176403 0:5 ruxhal::arch::aarch64::trap:102] [36missue=0xf, vaddr=0x50000008aeb8, cause=INSTRUCTION[m
[m[37m[1733835001.176670 0:5 ruxos_posix_api::imp::mmap::trap:61] [36mPage Fault Happening, vaddr:0x50000008a000, casue:INSTRUCTION, map_flags:MappingFlags(READ | WRITE | EXECUTE | USER)[m
[m[37m[1733835001.177087 0:5 ruxos_posix_api::imp::mmap::trap:90] [36mmapping_flags: MappingFlags(READ | WRITE | EXECUTE | USER)[m
[m[37m[1733835001.177381 0:5 ruxhal::arch::aarch64::trap:102] [36missue=0xf, vaddr=0x50000008aeb8, cause=INSTRUCTION[m
[m[37m[1733835001.177647 0:5 ruxos_posix_api::imp::mmap::trap:61] [36mPage Fault Happening, vaddr:0x50000008a000, casue:INSTRUCTION, map_flags:MappingFlags(READ | WRITE | EXECUTE | USER)[m
[m[37m[1733835001.178064 0:5 ruxos_posix_api::imp::mmap::trap:90] [36mmapping_flags: MappingFlags(READ | WRITE | EXECUTE | USER)[m
[m[37m[1733835001.178357 0:5 ruxhal::arch::aarch64::trap:102] [36missue=0xf, vaddr=0x50000008aeb8, cause=INSTRUCTION[m
[m[37m[1733835001.178625 0:5 ruxos_posix_api::imp::mmap::trap:61] [36mPage Fault Happening, vaddr:0x50000008a000, casue:INSTRUCTION, map_flags:MappingFlags(READ | WRITE | EXECUTE | USER)[m
[m[37m[1733835001.179044 0:5 ruxos_posix_api::imp::mmap::trap:90] [36mmapping_flags: MappingFlags(READ | WRITE | EXECUTE | USER)[m
[m[37m[1733835001.179340 0:5 ruxhal::arch::aarch64::trap:102] [36missue=0xf, vaddr=0x50000008aeb8, cause=INSTRUCTION[m
[m[37m[1733835001.179606 0:5 ruxos_posix_api::imp::mmap::trap:61] [36mPage Fault Happening, vaddr:0x50000008a000, casue:INSTRUCTION, map_flags:MappingFlags(READ | WRITE | EXECUTE | USER)[m
[m[37m[1733835001.180022 0:5 ruxos_posix_api::imp::mmap::trap:90] [36mmapping_flags: MappingFlags(READ | WRITE | EXECUTE | USER)[m
[m[37m[1733835001.180316 0:5 ruxhal::arch::aarch64::trap:102] [36missue=0xf, vaddr=0x50000008aeb8, cause=INSTRUCTION[m
[m[37m[1733835001.180583 0:5 ruxos_posix_api::imp::mmap::trap:61] [36mPage Fault Happening, vaddr:0x50000008a000, casue:INSTRUCTION, map_flags:MappingFlags(READ | WRITE | EXECUTE | USER)[m
[m[37m[1733835001.181000 0:5 ruxos_posix_api::imp::mmap::trap:90] [36mmapping_flags: MappingFlags(READ | WRITE | EXECUTE | USER)[m
[m[37m[1733835001.181294 0:5 ruxhal::arch::aarch64::trap:102] [36missue=0xf, vaddr=0x50000008aeb8, cause=INSTRUCTION[m
[m[37m[1733835001.181562 0:5 ruxos_posix_api::imp::mmap::trap:61] [36mPage Fault Happening, vaddr:0x50000008a000, casue:INSTRUCTION, map_flags:MappingFlags(READ | WRITE | EXECUTE | USER)[m
[m[37m[1733835001.181979 0:5 ruxos_posix_api::imp::mmap::trap:90] [36mmapping_flags: MappingFlags(READ | WRITE | EXECUTE | USER)[m
[m[37m[1733835001.182275 0:5 ruxhal::arch::aarch64::trap:102] [36missue=0xf, vaddr=0x50000008aeb8, cause=INSTRUCTION[m
[m[37m[1733835001.182541 0:5 ruxos_posix_api::imp::mmap::trap:61] [36mPage Fault Happening, vaddr:0x50000008a000, casue:INSTRUCTION, map_flags:MappingFlags(READ | WRITE | EXECUTE | USER)[m
[m[37m[1733835001.182958 0:5 ruxos_posix_api::imp::mmap::trap:90] [36mmapping_flags: MappingFlags(READ | WRITE | EXECUTE | USER)[m
[m[37m[1733835001.183252 0:5 ruxhal::arch::aarch64::trap:102] [36missue=0xf, vaddr=0x50000008aeb8, cause=INSTRUCTION[m
[m[37m[1733835001.183521 0:5 ruxos_posix_api::imp::mmap::trap:61] [36mPage Fault Happening, vaddr:0x50000008a000, casue:INSTRUCTION, map_flags:MappingFlags(READ | WRITE | EXECUTE | USER)[m
[m[37m[1733835001.183940 0:5 ruxos_posix_api::imp::mmap::trap:90] [36mmapping_flags: MappingFlags(READ | WRITE | EXECUTE | USER)[m
[m[37m[1733835001.184235 0:5 ruxhal::arch::aarch64::trap:102] [36missue=0xf, vaddr=0x50000008aeb8, cause=INSTRUCTION[m
[m[37m[1733835001.184527 0:5 ruxos_posix_api::imp::mmap::trap:61] [36mPage Fault Happening, vaddr:0x50000008a000, casue:INSTRUCTION, map_flags:MappingFlags(READ | WRITE | EXECUTE | USER)[m
[m[37m[1733835001.184987 0:5 ruxos_posix_api::imp::mmap::trap:90] [36mmapping_flags: MappingFlags(READ | WRITE | EXECUTE | USER)[m
[m[37m[1733835001.185317 0:5 ruxhal::arch::aarch64::trap:102] [36missue=0xf, vaddr=0x50000008aeb8, cause=INSTRUCTION[m
[m[37m[1733835001.185606 0:5 ruxos_posix_api::imp::mmap::trap:61] [36mPage Fault Happening, vaddr:0x50000008a000, casue:INSTRUCTION, map_flags:MappingFlags(READ | WRITE | EXECUTE | USER)[m
[m[37m[1733835001.186023 0:5 ruxos_posix_api::imp::mmap::trap:90] [36mmapping_flags: MappingFlags(READ | WRITE | EXECUTE | USER)[m
[m[37m[1733835001.186317 0:5 ruxhal::arch::aarch64::trap:102] [36missue=0xf, vaddr=0x50000008aeb8, cause=INSTRUCTION[m
[m[37m[1733835001.186587 0:5 ruxos_posix_api::imp::mmap::trap:61] [36mPage Fault Happening, vaddr:0x50000008a000, casue:INSTRUCTION, map_flags:MappingFlags(READ | WRITE | EXECUTE | USER)[m
[m[37m[1733835001.187003 0:5 ruxos_posix_api::imp::mmap::trap:90] [36mmapping_flags: MappingFlags(READ | WRITE | EXECUTE | USER)[m
[m[37m[1733835001.187297 0:5 ruxhal::arch::aarch64::trap:102] [36missue=0xf, vaddr=0x50000008aeb8, cause=INSTRUCTION[m
[m[37m[1733835001.187565 0:5 ruxos_posix_api::imp::mmap::trap:61] [36mPage Fault Happening, vaddr:0x50000008a000, casue:INSTRUCTION, map_flags:MappingFlags(READ | WRITE | EXECUTE | USER)[m
[m[37m[1733835001.187982 0:5 ruxos_posix_api::imp::mmap::trap:90] [36mmapping_flags: MappingFlags(READ | WRITE | EXECUTE | USER)[m
[m[37m[1733835001.188277 0:5 ruxhal::arch::aarch64::trap:102] [36missue=0xf, vaddr=0x50000008aeb8, cause=INSTRUCTION[m
[m[37m[1733835001.188544 0:5 ruxos_posix_api::imp::mmap::trap:61] [36mPage Fault Happening, vaddr:0x50000008a000, casue:INSTRUCTION, map_flags:MappingFlags(READ | WRITE | EXECUTE | USER)[m
[m[37m[1733835001.188964 0:5 ruxos_posix_api::imp::mmap::trap:90] [36mmapping_flags: MappingFlags(READ | WRITE | EXECUTE | USER)[m
[m[37m[1733835001.189258 0:5 ruxhal::arch::aarch64::trap:102] [36missue=0xf, vaddr=0x50000008aeb8, cause=INSTRUCTION[m
[m[37m[1733835001.189524 0:5 ruxos_posix_api::imp::mmap::trap:61] [36mPage Fault Happening, vaddr:0x50000008a000, casue:INSTRUCTION, map_flags:MappingFlags(READ | WRITE | EXECUTE | USER)[m
[m[37m[1733835001.189939 0:5 ruxos_posix_api::imp::mmap::trap:90] [36mmapping_flags: MappingFlags(READ | WRITE | EXECUTE | USER)[m
[m[37m[1733835001.190233 0:5 ruxhal::arch::aarch64::trap:102] [36missue=0xf, vaddr=0x50000008aeb8, cause=INSTRUCTION[m
[m[37m[1733835001.190500 0:5 ruxos_posix_api::imp::mmap::trap:61] [36mPage Fault Happening, vaddr:0x50000008a000, casue:INSTRUCTION, map_flags:MappingFlags(READ | WRITE | EXECUTE | USER)[m
[m[37m[1733835001.190918 0:5 ruxos_posix_api::imp::mmap::trap:90] [36mmapping_flags: MappingFlags(READ | WRITE | EXECUTE | USER)[m
[m[37m[1733835001.191213 0:5 ruxhal::arch::aarch64::trap:102] [36missue=0xf, vaddr=0x50000008aeb8, cause=INSTRUCTION[m
[m[37m[1733835001.191481 0:5 ruxos_posix_api::imp::mmap::trap:61] [36mPage Fault Happening, vaddr:0x50000008a000, casue:INSTRUCTION, map_flags:MappingFlags(READ | WRITE | EXECUTE | USER)[m
[m[37m[1733835001.191898 0:5 ruxos_posix_api::imp::mmap::trap:90] [36mmapping_flags: MappingFlags(READ | WRITE | EXECUTE | USER)[m
[m[37m[1733835001.192195 0:5 ruxhal::arch::aarch64::trap:102] [36missue=0xf, vaddr=0x50000008aeb8, cause=INSTRUCTION[m
[m[37m[1733835001.192465 0:5 ruxos_posix_api::imp::mmap::trap:61] [36mPage Fault Happening, vaddr:0x50000008a000, casue:INSTRUCTION, map_flags:MappingFlags(READ | WRITE | EXECUTE | USER)[m
[m[37m[1733835001.192881 0:5 ruxos_posix_api::imp::mmap::trap:90] [36mmapping_flags: MappingFlags(READ | WRITE | EXECUTE | USER)[m
[m[37m[1733835001.193174 0:5 ruxhal::arch::aarch64::trap:102] [36missue=0xf, vaddr=0x50000008aeb8, cause=INSTRUCTION[m
[m[37m[1733835001.193442 0:5 ruxos_posix_api::imp::mmap::trap:61] [36mPage Fault Happening, vaddr:0x50000008a000, casue:INSTRUCTION, map_flags:MappingFlags(READ | WRITE | EXECUTE | USER)[m
[m[37m[1733835001.193858 0:5 ruxos_posix_api::imp::mmap::trap:90] [36mmapping_flags: MappingFlags(READ | WRITE | EXECUTE | USER)[m
[m[37m[1733835001.194151 0:5 ruxhal::arch::aarch64::trap:102] [36missue=0xf, vaddr=0x50000008aeb8, cause=INSTRUCTION[m
[m[37m[1733835001.194419 0:5 ruxos_posix_api::imp::mmap::trap:61] [36mPage Fault Happening, vaddr:0x50000008a000, casue:INSTRUCTION, map_flags:MappingFlags(READ | WRITE | EXECUTE | USER)[m
[m[37m[1733835001.194890 0:5 ruxos_posix_api::imp::mmap::trap:90] [36mmapping_flags: MappingFlags(READ | WRITE | EXECUTE | USER)[m
[m[37m[1733835001.195220 0:5 ruxhal::arch::aarch64::trap:102] [36missue=0xf, vaddr=0x50000008aeb8, cause=INSTRUCTION[m
[m[37m[1733835001.195504 0:5 ruxos_posix_api::imp::mmap::trap:61] [36mPage Fault Happening, vaddr:0x50000008a000, casue:INSTRUCTION, map_flags:MappingFlags(READ | WRITE | EXECUTE | USER)[m
[m[37m[1733835001.195921 0:5 ruxos_posix_api::imp::mmap::trap:90] [36mmapping_flags: MappingFlags(READ | WRITE | EXECUTE | USER)[m
[m[37m[1733835001.196216 0:5 ruxhal::arch::aarch64::trap:102] [36missue=0xf, vaddr=0x50000008aeb8, cause=INSTRUCTION[m
[m[37m[1733835001.196484 0:5 ruxos_posix_api::imp::mmap::trap:61] [36mPage Fault Happening, vaddr:0x50000008a000, casue:INSTRUCTION, map_flags:MappingFlags(READ | WRITE | EXECUTE | USER)[m
[m[37m[1733835001.196900 0:5 ruxos_posix_api::imp::mmap::trap:90] [36mmapping_flags: MappingFlags(READ | WRITE | EXECUTE | USER)[m
[m[37m[1733835001.197194 0:5 ruxhal::arch::aarch64::trap:102] [36missue=0xf, vaddr=0x50000008aeb8, cause=INSTRUCTION[m
[m[37m[1733835001.197463 0:5 ruxos_posix_api::imp::mmap::trap:61] [36mPage Fault Happening, vaddr:0x50000008a000, casue:INSTRUCTION, map_flags:MappingFlags(READ | WRITE | EXECUTE | USER)[m
[m[37m[1733835001.197879 0:5 ruxos_posix_api::imp::mmap::trap:90] [36mmapping_flags: MappingFlags(READ | WRITE | EXECUTE | USER)[m
[m[37m[1733835001.198172 0:5 ruxhal::arch::aarch64::trap:102] [36missue=0xf, vaddr=0x50000008aeb8, cause=INSTRUCTION[m
[m[37m[1733835001.198439 0:5 ruxos_posix_api::imp::mmap::trap:61] [36mPage Fault Happening, vaddr:0x50000008a000, casue:INSTRUCTION, map_flags:MappingFlags(READ | WRITE | EXECUTE | USER)[m
[m[37m[1733835001.198856 0:5 ruxos_posix_api::imp::mmap::trap:90] [36mmapping_flags: MappingFlags(READ | WRITE | EXECUTE | USER)[m
[m[37m[1733835001.199151 0:5 ruxhal::arch::aarch64::trap:102] [36missue=0xf, vaddr=0x50000008aeb8, cause=INSTRUCTION[m
[m[37m[1733835001.199419 0:5 ruxos_posix_api::imp::mmap::trap:61] [36mPage Fault Happening, vaddr:0x50000008a000, casue:INSTRUCTION, map_flags:MappingFlags(READ | WRITE | EXECUTE | USER)[m
[m[37m[1733835001.199838 0:5 ruxos_posix_api::imp::mmap::trap:90] [36mmapping_flags: MappingFlags(READ | WRITE | EXECUTE | USER)[m
[m[37m[1733835001.200134 0:5 ruxhal::arch::aarch64::trap:102] [36missue=0xf, vaddr=0x50000008aeb8, cause=INSTRUCTION[m
[m[37m[1733835001.200402 0:5 ruxos_posix_api::imp::mmap::trap:61] [36mPage Fault Happening, vaddr:0x50000008a000, casue:INSTRUCTION, map_flags:MappingFlags(READ | WRITE | EXECUTE | USER)[m
[m[37m[1733835001.200818 0:5 ruxos_posix_api::imp::mmap::trap:90] [36mmapping_flags: MappingFlags(READ | WRITE | EXECUTE | USER)[m
[m[37m[1733835001.201112 0:5 ruxhal::arch::aarch64::trap:102] [36missue=0xf, vaddr=0x50000008aeb8, cause=INSTRUCTION[m
[m[37m[1733835001.201381 0:5 ruxos_posix_api::imp::mmap::trap:61] [36mPage Fault Happening, vaddr:0x50000008a000, casue:INSTRUCTION, map_flags:MappingFlags(READ | WRITE | EXECUTE | USER)[m
[m[37m[1733835001.201799 0:5 ruxos_posix_api::imp::mmap::trap:90] [36mmapping_flags: MappingFlags(READ | WRITE | EXECUTE | USER)[m
[m[37m[1733835001.202094 0:5 ruxhal::arch::aarch64::trap:102] [36missue=0xf, vaddr=0x50000008aeb8, cause=INSTRUCTION[m
[m[37m[1733835001.202364 0:5 ruxos_posix_api::imp::mmap::trap:61] [36mPage Fault Happening, vaddr:0x50000008a000, casue:INSTRUCTION, map_flags:MappingFlags(READ | WRITE | EXECUTE | USER)[m
[m[37m[1733835001.202780 0:5 ruxos_posix_api::imp::mmap::trap:90] [36mmapping_flags: MappingFlags(READ | WRITE | EXECUTE | USER)[m
[m[37m[1733835001.203074 0:5 ruxhal::arch::aarch64::trap:102] [36missue=0xf, vaddr=0x50000008aeb8, cause=INSTRUCTION[m
[m[37m[1733835001.203341 0:5 ruxos_posix_api::imp::mmap::trap:61] [36mPage Fault Happening, vaddr:0x50000008a000, casue:INSTRUCTION, map_flags:MappingFlags(READ | WRITE | EXECUTE | USER)[m
[m[37m[1733835001.203757 0:5 ruxos_posix_api::imp::mmap::trap:90] [36mmapping_flags: MappingFlags(READ | WRITE | EXECUTE | USER)[m
[m[37m[1733835001.204052 0:5 ruxhal::arch::aarch64::trap:102] [36missue=0xf, vaddr=0x50000008aeb8, cause=INSTRUCTION[m
[m[37m[1733835001.204320 0:5 ruxos_posix_api::imp::mmap::trap:61] [36mPage Fault Happening, vaddr:0x50000008a000, casue:INSTRUCTION, map_flags:MappingFlags(READ | WRITE | EXECUTE | USER)[m
[m[37m[1733835001.204781 0:5 ruxos_posix_api::imp::mmap::trap:90] [36mmapping_flags: MappingFlags(READ | WRITE | EXECUTE | USER)[m
[m[37m[1733835001.205112 0:5 ruxhal::arch::aarch64::trap:102] [36missue=0xf, vaddr=0x50000008aeb8, cause=INSTRUCTION[m
[m[37m[1733835001.205396 0:5 ruxos_posix_api::imp::mmap::trap:61] [36mPage Fault Happening, vaddr:0x50000008a000, casue:INSTRUCTION, map_flags:MappingFlags(READ | WRITE | EXECUTE | USER)[m
[m[37m[1733835001.205814 0:5 ruxos_posix_api::imp::mmap::trap:90] [36mmapping_flags: MappingFlags(READ | WRITE | EXECUTE | USER)[m
[m[37m[1733835001.206110 0:5 ruxhal::arch::aarch64::trap:102] [36missue=0xf, vaddr=0x50000008aeb8, cause=INSTRUCTION[m
[m[37m[1733835001.206377 0:5 ruxos_posix_api::imp::mmap::trap:61] [36mPage Fault Happening, vaddr:0x50000008a000, casue:INSTRUCTION, map_flags:MappingFlags(READ | WRITE | EXECUTE | USER)[m
[m[37m[1733835001.206794 0:5 ruxos_posix_api::imp::mmap::trap:90] [36mmapping_flags: MappingFlags(READ | WRITE | EXECUTE | USER)[m
[m[37m[1733835001.207088 0:5 ruxhal::arch::aarch64::trap:102] [36missue=0xf, vaddr=0x50000008aeb8, cause=INSTRUCTION[m
[m[37m[1733835001.207357 0:5 ruxos_posix_api::imp::mmap::trap:61] [36mPage Fault Happening, vaddr:0x50000008a000, casue:INSTRUCTION, map_flags:MappingFlags(READ | WRITE | EXECUTE | USER)[m
[m[37m[1733835001.207772 0:5 ruxos_posix_api::imp::mmap::trap:90] [36mmapping_flags: MappingFlags(READ | WRITE | EXECUTE | USER)[m
[m[37m[1733835001.208067 0:5 ruxhal::arch::aarch64::trap:102] [36missue=0xf, vaddr=0x50000008aeb8, cause=INSTRUCTION[m
[m[37m[1733835001.208335 0:5 ruxos_posix_api::imp::mmap::trap:61] [36mPage Fault Happening, vaddr:0x50000008a000, casue:INSTRUCTION, map_flags:MappingFlags(READ | WRITE | EXECUTE | USER)[m
[m[37m[1733835001.208752 0:5 ruxos_posix_api::imp::mmap::trap:90] [36mmapping_flags: MappingFlags(READ | WRITE | EXECUTE | USER)[m
[m[37m[1733835001.209049 0:5 ruxhal::arch::aarch64::trap:102] [36missue=0xf, vaddr=0x50000008aeb8, cause=INSTRUCTION[m
[m[37m[1733835001.209317 0:5 ruxos_posix_api::imp::mmap::trap:61] [36mPage Fault Happening, vaddr:0x50000008a000, casue:INSTRUCTION, map_flags:MappingFlags(READ | WRITE | EXECUTE | USER)[m
[m[37m[1733835001.209733 0:5 ruxos_posix_api::imp::mmap::trap:90] [36mmapping_flags: MappingFlags(READ | WRITE | EXECUTE | USER)[m
[m[37m[1733835001.210027 0:5 ruxhal::arch::aarch64::trap:102] [36missue=0xf, vaddr=0x50000008aeb8, cause=INSTRUCTION[m
[m[37m[1733835001.210296 0:5 ruxos_posix_api::imp::mmap::trap:61] [36mPage Fault Happening, vaddr:0x50000008a000, casue:INSTRUCTION, map_flags:MappingFlags(READ | WRITE | EXECUTE | USER)[m
[m[37m[1733835001.210715 0:5 ruxos_posix_api::imp::mmap::trap:90] [36mmapping_flags: MappingFlags(READ | WRITE | EXECUTE | USER)[m
[m[37m[1733835001.211010 0:5 ruxhal::arch::aarch64::trap:102] [36missue=0xf, vaddr=0x50000008aeb8, cause=INSTRUCTION[m
[m[37m[1733835001.211276 0:5 ruxos_posix_api::imp::mmap::trap:61] [36mPage Fault Happening, vaddr:0x50000008a000, casue:INSTRUCTION, map_flags:MappingFlags(READ | WRITE | EXECUTE | USER)[m
[m[37m[1733835001.211693 0:5 ruxos_posix_api::imp::mmap::trap:90] [36mmapping_flags: MappingFlags(READ | WRITE | EXECUTE | USER)[m
[m[37m[1733835001.211987 0:5 ruxhal::arch::aarch64::trap:102] [36missue=0xf, vaddr=0x50000008aeb8, cause=INSTRUCTION[m
[m[37m[1733835001.212257 0:5 ruxos_posix_api::imp::mmap::trap:61] [36mPage Fault Happening, vaddr:0x50000008a000, casue:INSTRUCTION, map_flags:MappingFlags(READ | WRITE | EXECUTE | USER)[m
[m[37m[1733835001.212674 0:5 ruxos_posix_api::imp::mmap::trap:90] [36mmapping_flags: MappingFlags(READ | WRITE | EXECUTE | USER)[m
[m[37m[1733835001.212967 0:5 ruxhal::arch::aarch64::trap:102] [36missue=0xf, vaddr=0x50000008aeb8, cause=INSTRUCTION[m
[m[37m[1733835001.213235 0:5 ruxos_posix_api::imp::mmap::trap:61] [36mPage Fault Happening, vaddr:0x50000008a000, casue:INSTRUCTION, map_flags:MappingFlags(READ | WRITE | EXECUTE | USER)[m
[m[37m[1733835001.213651 0:5 ruxos_posix_api::imp::mmap::trap:90] [36mmapping_flags: MappingFlags(READ | WRITE | EXECUTE | USER)[m
[m[37m[1733835001.213946 0:5 ruxhal::arch::aarch64::trap:102] [36missue=0xf, vaddr=0x50000008aeb8, cause=INSTRUCTION[m
[m[37m[1733835001.214213 0:5 ruxos_posix_api::imp::mmap::trap:61] [36mPage Fault Happening, vaddr:0x50000008a000, casue:INSTRUCTION, map_flags:MappingFlags(READ | WRITE | EXECUTE | USER)[m
[m[37m[1733835001.214659 0:5 ruxos_posix_api::imp::mmap::trap:90] [36mmapping_flags: MappingFlags(READ | WRITE | EXECUTE | USER)[m
[m[37m[1733835001.214991 0:5 ruxhal::arch::aarch64::trap:102] [36missue=0xf, vaddr=0x50000008aeb8, cause=INSTRUCTION[m
[m[37m[1733835001.215273 0:5 ruxos_posix_api::imp::mmap::trap:61] [36mPage Fault Happening, vaddr:0x50000008a000, casue:INSTRUCTION, map_flags:MappingFlags(READ | WRITE | EXECUTE | USER)[m
[m[37m[1733835001.215693 0:5 ruxos_posix_api::imp::mmap::trap:90] [36mmapping_flags: MappingFlags(READ | WRITE | EXECUTE | USER)[m
[m[37m[1733835001.215987 0:5 ruxhal::arch::aarch64::trap:102] [36missue=0xf, vaddr=0x50000008aeb8, cause=INSTRUCTION[m
[m[37m[1733835001.216257 0:5 ruxos_posix_api::imp::mmap::trap:61] [36mPage Fault Happening, vaddr:0x50000008a000, casue:INSTRUCTION, map_flags:MappingFlags(READ | WRITE | EXECUTE | USER)[m
[m[37m[1733835001.216673 0:5 ruxos_posix_api::imp::mmap::trap:90] [36mmapping_flags: MappingFlags(READ | WRITE | EXECUTE | USER)[m
[m[37m[1733835001.216968 0:5 ruxhal::arch::aarch64::trap:102] [36missue=0xf, vaddr=0x50000008aeb8, cause=INSTRUCTION[m
[m[37m[1733835001.217236 0:5 ruxos_posix_api::imp::mmap::trap:61] [36mPage Fault Happening, vaddr:0x50000008a000, casue:INSTRUCTION, map_flags:MappingFlags(READ | WRITE | EXECUTE | USER)[m
[m[37m[1733835001.217653 0:5 ruxos_posix_api::imp::mmap::trap:90] [36mmapping_flags: MappingFlags(READ | WRITE | EXECUTE | USER)[m
[m[37m[1733835001.217947 0:5 ruxhal::arch::aarch64::trap:102] [36missue=0xf, vaddr=0x50000008aeb8, cause=INSTRUCTION[m
[m[37m[1733835001.218215 0:5 ruxos_posix_api::imp::mmap::trap:61] [36mPage Fault Happening, vaddr:0x50000008a000, casue:INSTRUCTION, map_flags:MappingFlags(READ | WRITE | EXECUTE | USER)[m
[m[37m[1733835001.218631 0:5 ruxos_posix_api::imp::mmap::trap:90] [36mmapping_flags: MappingFlags(READ | WRITE | EXECUTE | USER)[m
[m[37m[1733835001.218927 0:5 ruxhal::arch::aarch64::trap:102] [36missue=0xf, vaddr=0x50000008aeb8, cause=INSTRUCTION[m
[m[37m[1733835001.219194 0:5 ruxos_posix_api::imp::mmap::trap:61] [36mPage Fault Happening, vaddr:0x50000008a000, casue:INSTRUCTION, map_flags:MappingFlags(READ | WRITE | EXECUTE | USER)[m
[m[37m[1733835001.219613 0:5 ruxos_posix_api::imp::mmap::trap:90] [36mmapping_flags: MappingFlags(READ | WRITE | EXECUTE | USER)[m
[m[37m[1733835001.219909 0:5 ruxhal::arch::aarch64::trap:102] [36missue=0xf, vaddr=0x50000008aeb8, cause=INSTRUCTION[m
[m[37m[1733835001.220178 0:5 ruxos_posix_api::imp::mmap::trap:61] [36mPage Fault Happening, vaddr:0x50000008a000, casue:INSTRUCTION, map_flags:MappingFlags(READ | WRITE | EXECUTE | USER)[m
[m[37m[1733835001.220595 0:5 ruxos_posix_api::imp::mmap::trap:90] [36mmapping_flags: MappingFlags(READ | WRITE | EXECUTE | USER)[m
[m[37m[1733835001.220889 0:5 ruxhal::arch::aarch64::trap:102] [36missue=0xf, vaddr=0x50000008aeb8, cause=INSTRUCTION[m
[m[37m[1733835001.221158 0:5 ruxos_posix_api::imp::mmap::trap:61] [36mPage Fault Happening, vaddr:0x50000008a000, casue:INSTRUCTION, map_flags:MappingFlags(READ | WRITE | EXECUTE | USER)[m
[m[37m[1733835001.221589 0:5 ruxos_posix_api::imp::mmap::trap:90] [36mmapping_flags: MappingFlags(READ | WRITE | EXECUTE | USER)[m
[m[37m[1733835001.221883 0:5 ruxhal::arch::aarch64::trap:102] [36missue=0xf, vaddr=0x50000008aeb8, cause=INSTRUCTION[m
[m[37m[1733835001.222152 0:5 ruxos_posix_api::imp::mmap::trap:61] [36mPage Fault Happening, vaddr:0x50000008a000, casue:INSTRUCTION, map_flags:MappingFlags(READ | WRITE | EXECUTE | USER)[m
[m[37m[1733835001.222570 0:5 ruxos_posix_api::imp::mmap::trap:90] [36mmapping_flags: MappingFlags(READ | WRITE | EXECUTE | USER)[m
[m[37m[1733835001.222866 0:5 ruxhal::arch::aarch64::trap:102] [36missue=0xf, vaddr=0x50000008aeb8, cause=INSTRUCTION[m
[m[37m[1733835001.223133 0:5 ruxos_posix_api::imp::mmap::trap:61] [36mPage Fault Happening, vaddr:0x50000008a000, casue:INSTRUCTION, map_flags:MappingFlags(READ | WRITE | EXECUTE | USER)[m
[m[37m[1733835001.223548 0:5 ruxos_posix_api::imp::mmap::trap:90] [36mmapping_flags: MappingFlags(READ | WRITE | EXECUTE | USER)[m
[m[37m[1733835001.223842 0:5 ruxhal::arch::aarch64::trap:102] [36missue=0xf, vaddr=0x50000008aeb8, cause=INSTRUCTION[m
[m[37m[1733835001.224110 0:5 ruxos_posix_api::imp::mmap::trap:61] [36mPage Fault Happening, vaddr:0x50000008a000, casue:INSTRUCTION, map_flags:MappingFlags(READ | WRITE | EXECUTE | USER)[m
[m[37m[1733835001.224553 0:5 ruxos_posix_api::imp::mmap::trap:90] [36mmapping_flags: MappingFlags(READ | WRITE | EXECUTE | USER)[m
[m[37m[1733835001.224884 0:5 ruxhal::arch::aarch64::trap:102] [36missue=0xf, vaddr=0x50000008aeb8, cause=INSTRUCTION[m
[m[37m[1733835001.225170 0:5 ruxos_posix_api::imp::mmap::trap:61] [36mPage Fault Happening, vaddr:0x50000008a000, casue:INSTRUCTION, map_flags:MappingFlags(READ | WRITE | EXECUTE | USER)[m
[m[37m[1733835001.225591 0:5 ruxos_posix_api::imp::mmap::trap:90] [36mmapping_flags: MappingFlags(READ | WRITE | EXECUTE | USER)[m
[m[37m[1733835001.225887 0:5 ruxhal::arch::aarch64::trap:102] [36missue=0xf, vaddr=0x50000008aeb8, cause=INSTRUCTION[m
[m[37m[1733835001.226157 0:5 ruxos_posix_api::imp::mmap::trap:61] [36mPage Fault Happening, vaddr:0x50000008a000, casue:INSTRUCTION, map_flags:MappingFlags(READ | WRITE | EXECUTE | USER)[m
[m[37m[1733835001.226573 0:5 ruxos_posix_api::imp::mmap::trap:90] [36mmapping_flags: MappingFlags(READ | WRITE | EXECUTE | USER)[m
[m[37m[1733835001.226867 0:5 ruxhal::arch::aarch64::trap:102] [36missue=0xf, vaddr=0x50000008aeb8, cause=INSTRUCTION[m
[m[37m[1733835001.227135 0:5 ruxos_posix_api::imp::mmap::trap:61] [36mPage Fault Happening, vaddr:0x50000008a000, casue:INSTRUCTION, map_flags:MappingFlags(READ | WRITE | EXECUTE | USER)[m
[m[37m[1733835001.227552 0:5 ruxos_posix_api::imp::mmap::trap:90] [36mmapping_flags: MappingFlags(READ | WRITE | EXECUTE | USER)[m
[m[37m[1733835001.227845 0:5 ruxhal::arch::aarch64::trap:102] [36missue=0xf, vaddr=0x50000008aeb8, cause=INSTRUCTION[m
[m[37m[1733835001.228113 0:5 ruxos_posix_api::imp::mmap::trap:61] [36mPage Fault Happening, vaddr:0x50000008a000, casue:INSTRUCTION, map_flags:MappingFlags(READ | WRITE | EXECUTE | USER)[m
[m[37m[1733835001.228533 0:5 ruxos_posix_api::imp::mmap::trap:90] [36mmapping_flags: MappingFlags(READ | WRITE | EXECUTE | USER)[m
[m[37m[1733835001.228828 0:5 ruxhal::arch::aarch64::trap:102] [36missue=0xf, vaddr=0x50000008aeb8, cause=INSTRUCTION[m
[m[37m[1733835001.229095 0:5 ruxos_posix_api::imp::mmap::trap:61] [36mPage Fault Happening, vaddr:0x50000008a000, casue:INSTRUCTION, map_flags:MappingFlags(READ | WRITE | EXECUTE | USER)[m
[m[37m[1733835001.229512 0:5 ruxos_posix_api::imp::mmap::trap:90] [36mmapping_flags: MappingFlags(READ | WRITE | EXECUTE | USER)[m
[m[37m[1733835001.229805 0:5 ruxhal::arch::aarch64::trap:102] [36missue=0xf, vaddr=0x50000008aeb8, cause=INSTRUCTION[m
[m[37m[1733835001.230072 0:5 ruxos_posix_api::imp::mmap::trap:61] [36mPage Fault Happening, vaddr:0x50000008a000, casue:INSTRUCTION, map_flags:MappingFlags(READ | WRITE | EXECUTE | USER)[m
[m[37m[1733835001.230489 0:5 ruxos_posix_api::imp::mmap::trap:90] [36mmapping_flags: MappingFlags(READ | WRITE | EXECUTE | USER)[m
[m[37m[1733835001.230783 0:5 ruxhal::arch::aarch64::trap:102] [36missue=0xf, vaddr=0x50000008aeb8, cause=INSTRUCTION[m
[m[37m[1733835001.231051 0:5 ruxos_posix_api::imp::mmap::trap:61] [36mPage Fault Happening, vaddr:0x50000008a000, casue:INSTRUCTION, map_flags:MappingFlags(READ | WRITE | EXECUTE | USER)[m
[m[37m[1733835001.231468 0:5 ruxos_posix_api::imp::mmap::trap:90] [36mmapping_flags: MappingFlags(READ | WRITE | EXECUTE | USER)[m
[m[37m[1733835001.231762 0:5 ruxhal::arch::aarch64::trap:102] [36missue=0xf, vaddr=0x50000008aeb8, cause=INSTRUCTION[m
[m[37m[1733835001.232031 0:5 ruxos_posix_api::imp::mmap::trap:61] [36mPage Fault Happening, vaddr:0x50000008a000, casue:INSTRUCTION, map_flags:MappingFlags(READ | WRITE | EXECUTE | USER)[m
[m[37m[1733835001.232449 0:5 ruxos_posix_api::imp::mmap::trap:90] [36mmapping_flags: MappingFlags(READ | WRITE | EXECUTE | USER)[m
[m[37m[1733835001.232744 0:5 ruxhal::arch::aarch64::trap:102] [36missue=0xf, vaddr=0x50000008aeb8, cause=INSTRUCTION[m
[m[37m[1733835001.233012 0:5 ruxos_posix_api::imp::mmap::trap:61] [36mPage Fault Happening, vaddr:0x50000008a000, casue:INSTRUCTION, map_flags:MappingFlags(READ | WRITE | EXECUTE | USER)[m
[m[37m[1733835001.233427 0:5 ruxos_posix_api::imp::mmap::trap:90] [36mmapping_flags: MappingFlags(READ | WRITE | EXECUTE | USER)[m
[m[37m[1733835001.233721 0:5 ruxhal::arch::aarch64::trap:102] [36missue=0xf, vaddr=0x50000008aeb8, cause=INSTRUCTION[m
[m[37m[1733835001.233989 0:5 ruxos_posix_api::imp::mmap::trap:61] [36mPage Fault Happening, vaddr:0x50000008a000, casue:INSTRUCTION, map_flags:MappingFlags(READ | WRITE | EXECUTE | USER)[m
[m[37m[1733835001.234407 0:5 ruxos_posix_api::imp::mmap::trap:90] [36mmapping_flags: MappingFlags(READ | WRITE | EXECUTE | USER)[m
[m[37m[1733835001.234747 0:5 ruxhal::arch::aarch64::trap:102] [36missue=0xf, vaddr=0x50000008aeb8, cause=INSTRUCTION[m
[m[37m[1733835001.235016 0:5 ruxos_posix_api::imp::mmap::trap:61] [36mPage Fault Happening, vaddr:0x50000008a000, casue:INSTRUCTION, map_flags:MappingFlags(READ | WRITE | EXECUTE | USER)[m
[m[37m[1733835001.235432 0:5 ruxos_posix_api::imp::mmap::trap:90] [36mmapping_flags: MappingFlags(READ | WRITE | EXECUTE | USER)[m
[m[37m[1733835001.235729 0:5 ruxhal::arch::aarch64::trap:102] [36missue=0xf, vaddr=0x50000008aeb8, cause=INSTRUCTION[m
[m[37m[1733835001.235996 0:5 ruxos_posix_api::imp::mmap::trap:61] [36mPage Fault Happening, vaddr:0x50000008a000, casue:INSTRUCTION, map_flags:MappingFlags(READ | WRITE | EXECUTE | USER)[m
[m[37m[1733835001.236412 0:5 ruxos_posix_api::imp::mmap::trap:90] [36mmapping_flags: MappingFlags(READ | WRITE | EXECUTE | USER)[m
[m[37m[1733835001.236706 0:5 ruxhal::arch::aarch64::trap:102] [36missue=0xf, vaddr=0x50000008aeb8, cause=INSTRUCTION[m
[m[37m[1733835001.236975 0:5 ruxos_posix_api::imp::mmap::trap:61] [36mPage Fault Happening, vaddr:0x50000008a000, casue:INSTRUCTION, map_flags:MappingFlags(READ | WRITE | EXECUTE | USER)[m
[m[37m[1733835001.237393 0:5 ruxos_posix_api::imp::mmap::trap:90] [36mmapping_flags: MappingFlags(READ | WRITE | EXECUTE | USER)[m
[m[37m[1733835001.237687 0:5 ruxhal::arch::aarch64::trap:102] [36missue=0xf, vaddr=0x50000008aeb8, cause=INSTRUCTION[m
[m[37m[1733835001.237955 0:5 ruxos_posix_api::imp::mmap::trap:61] [36mPage Fault Happening, vaddr:0x50000008a000, casue:INSTRUCTION, map_flags:MappingFlags(READ | WRITE | EXECUTE | USER)[m
[m[37m[1733835001.238371 0:5 ruxos_posix_api::imp::mmap::trap:90] [36mmapping_flags: MappingFlags(READ | WRITE | EXECUTE | USER)[m
[m[37m[1733835001.238665 0:5 ruxhal::arch::aarch64::trap:102] [36missue=0xf, vaddr=0x50000008aeb8, cause=INSTRUCTION[m
[m[37m[1733835001.238935 0:5 ruxos_posix_api::imp::mmap::trap:61] [36mPage Fault Happening, vaddr:0x50000008a000, casue:INSTRUCTION, map_flags:MappingFlags(READ | WRITE | EXECUTE | USER)[m
[m[37m[1733835001.239351 0:5 ruxos_posix_api::imp::mmap::trap:90] [36mmapping_flags: MappingFlags(READ | WRITE | EXECUTE | USER)[m
[m[37m[1733835001.239646 0:5 ruxhal::arch::aarch64::trap:102] [36missue=0xf, vaddr=0x50000008aeb8, cause=INSTRUCTION[m
[m[37m[1733835001.239913 0:5 ruxos_posix_api::imp::mmap::trap:61] [36mPage Fault Happening, vaddr:0x50000008a000, casue:INSTRUCTION, map_flags:MappingFlags(READ | WRITE | EXECUTE | USER)[m
[m[37m[1733835001.240329 0:5 ruxos_posix_api::imp::mmap::trap:90] [36mmapping_flags: MappingFlags(READ | WRITE | EXECUTE | USER)[m
[m[37m[1733835001.240622 0:5 ruxhal::arch::aarch64::trap:102] [36missue=0xf, vaddr=0x50000008aeb8, cause=INSTRUCTION[m
[m[37m[1733835001.240890 0:5 ruxos_posix_api::imp::mmap::trap:61] [36mPage Fault Happening, vaddr:0x50000008a000, casue:INSTRUCTION, map_flags:MappingFlags(READ | WRITE | EXECUTE | USER)[m
[m[37m[1733835001.241306 0:5 ruxos_posix_api::imp::mmap::trap:90] [36mmapping_flags: MappingFlags(READ | WRITE | EXECUTE | USER)[m
[m[37m[1733835001.241601 0:5 ruxhal::arch::aarch64::trap:102] [36missue=0xf, vaddr=0x50000008aeb8, cause=INSTRUCTION[m
[m[37m[1733835001.241868 0:5 ruxos_posix_api::imp::mmap::trap:61] [36mPage Fault Happening, vaddr:0x50000008a000, casue:INSTRUCTION, map_flags:MappingFlags(READ | WRITE | EXECUTE | USER)[m
[m[37m[1733835001.242287 0:5 ruxos_posix_api::imp::mmap::trap:90] [36mmapping_flags: MappingFlags(READ | WRITE | EXECUTE | USER)[m
[m[37m[1733835001.242582 0:5 ruxhal::arch::aarch64::trap:102] [36missue=0xf, vaddr=0x50000008aeb8, cause=INSTRUCTION[m
[m[37m[1733835001.242851 0:5 ruxos_posix_api::imp::mmap::trap:61] [36mPage Fault Happening, vaddr:0x50000008a000, casue:INSTRUCTION, map_flags:MappingFlags(READ | WRITE | EXECUTE | USER)[m
[m[37m[1733835001.243270 0:5 ruxos_posix_api::imp::mmap::trap:90] [36mmapping_flags: MappingFlags(READ | WRITE | EXECUTE | USER)[m
[m[37m[1733835001.243564 0:5 ruxhal::arch::aarch64::trap:102] [36missue=0xf, vaddr=0x50000008aeb8, cause=INSTRUCTION[m
[m[37m[1733835001.243833 0:5 ruxos_posix_api::imp::mmap::trap:61] [36mPage Fault Happening, vaddr:0x50000008a000, casue:INSTRUCTION, map_flags:MappingFlags(READ | WRITE | EXECUTE | USER)[m
[m[37m[1733835001.244252 0:5 ruxos_posix_api::imp::mmap::trap:90] [36mmapping_flags: MappingFlags(READ | WRITE | EXECUTE | USER)[m
[m[37m[1733835001.244572 0:5 ruxhal::arch::aarch64::trap:102] [36missue=0xf, vaddr=0x50000008aeb8, cause=INSTRUCTION[m
[m[37m[1733835001.244841 0:5 ruxos_posix_api::imp::mmap::trap:61] [36mPage Fault Happening, vaddr:0x50000008a000, casue:INSTRUCTION, map_flags:MappingFlags(READ | WRITE | EXECUTE | USER)[m
[m[37m[1733835001.245256 0:5 ruxos_posix_api::imp::mmap::trap:90] [36mmapping_flags: MappingFlags(READ | WRITE | EXECUTE | USER)[m
[m[37m[1733835001.245554 0:5 ruxhal::arch::aarch64::trap:102] [36missue=0xf, vaddr=0x50000008aeb8, cause=INSTRUCTION[m
[m[37m[1733835001.245821 0:5 ruxos_posix_api::imp::mmap::trap:61] [36mPage Fault Happening, vaddr:0x50000008a000, casue:INSTRUCTION, map_flags:MappingFlags(READ | WRITE | EXECUTE | USER)[m
[m[37m[1733835001.246242 0:5 ruxos_posix_api::imp::mmap::trap:90] [36mmapping_flags: MappingFlags(READ | WRITE | EXECUTE | USER)[m
[m[37m[1733835001.246536 0:5 ruxhal::arch::aarch64::trap:102] [36missue=0xf, vaddr=0x50000008aeb8, cause=INSTRUCTION[m
[m[37m[1733835001.246803 0:5 ruxos_posix_api::imp::mmap::trap:61] [36mPage Fault Happening, vaddr:0x50000008a000, casue:INSTRUCTION, map_flags:MappingFlags(READ | WRITE | EXECUTE | USER)[m
[m[37m[1733835001.247225 0:5 ruxos_posix_api::imp::mmap::trap:90] [36mmapping_flags: MappingFlags(READ | WRITE | EXECUTE | USER)[m
[m[37m[1733835001.247520 0:5 ruxhal::arch::aarch64::trap:102] [36missue=0xf, vaddr=0x50000008aeb8, cause=INSTRUCTION[m
[m[37m[1733835001.247787 0:5 ruxos_posix_api::imp::mmap::trap:61] [36mPage Fault Happening, vaddr:0x50000008a000, casue:INSTRUCTION, map_flags:MappingFlags(READ | WRITE | EXECUTE | USER)[m
[m[37m[1733835001.248203 0:5 ruxos_posix_api::imp::mmap::trap:90] [36mmapping_flags: MappingFlags(READ | WRITE | EXECUTE | USER)[m
[m[37m[1733835001.248497 0:5 ruxhal::arch::aarch64::trap:102] [36missue=0xf, vaddr=0x50000008aeb8, cause=INSTRUCTION[m
[m[37m[1733835001.248764 0:5 ruxos_posix_api::imp::mmap::trap:61] [36mPage Fault Happening, vaddr:0x50000008a000, casue:INSTRUCTION, map_flags:MappingFlags(READ | WRITE | EXECUTE | USER)[m
[m[37m[1733835001.249182 0:5 ruxos_posix_api::imp::mmap::trap:90] [36mmapping_flags: MappingFlags(READ | WRITE | EXECUTE | USER)[m
[m[37m[1733835001.249475 0:5 ruxhal::arch::aarch64::trap:102] [36missue=0xf, vaddr=0x50000008aeb8, cause=INSTRUCTION[m
[m[37m[1733835001.249743 0:5 ruxos_posix_api::imp::mmap::trap:61] [36mPage Fault Happening, vaddr:0x50000008a000, casue:INSTRUCTION, map_flags:MappingFlags(READ | WRITE | EXECUTE | USER)[m
[m[37m[1733835001.250170 0:5 ruxos_posix_api::imp::mmap::trap:90] [36mmapping_flags: MappingFlags(READ | WRITE | EXECUTE | USER)[m
[m[37m[1733835001.250466 0:5 ruxhal::arch::aarch64::trap:102] [36missue=0xf, vaddr=0x50000008aeb8, cause=INSTRUCTION[m
[m[37m[1733835001.250738 0:5 ruxos_posix_api::imp::mmap::trap:61] [36mPage Fault Happening, vaddr:0x50000008a000, casue:INSTRUCTION, map_flags:MappingFlags(READ | WRITE | EXECUTE | USER)[m
[m[37m[1733835001.251158 0:5 ruxos_posix_api::imp::mmap::trap:90] [36mmapping_flags: MappingFlags(READ | WRITE | EXECUTE | USER)[m
[m[37m[1733835001.251454 0:5 ruxhal::arch::aarch64::trap:102] [36missue=0xf, vaddr=0x50000008aeb8, cause=INSTRUCTION[m
[m[37m[1733835001.251721 0:5 ruxos_posix_api::imp::mmap::trap:61] [36mPage Fault Happening, vaddr:0x50000008a000, casue:INSTRUCTION, map_flags:MappingFlags(READ | WRITE | EXECUTE | USER)[m
[m[37m[1733835001.252141 0:5 ruxos_posix_api::imp::mmap::trap:90] [36mmapping_flags: MappingFlags(READ | WRITE | EXECUTE | USER)[m
[m[37m[1733835001.252436 0:5 ruxhal::arch::aarch64::trap:102] [36missue=0xf, vaddr=0x50000008aeb8, cause=INSTRUCTION[m
[m[37m[1733835001.252705 0:5 ruxos_posix_api::imp::mmap::trap:61] [36mPage Fault Happening, vaddr:0x50000008a000, casue:INSTRUCTION, map_flags:MappingFlags(READ | WRITE | EXECUTE | USER)[m
[m[37m[1733835001.253123 0:5 ruxos_posix_api::imp::mmap::trap:90] [36mmapping_flags: MappingFlags(READ | WRITE | EXECUTE | USER)[m
[m[37m[1733835001.253418 0:5 ruxhal::arch::aarch64::trap:102] [36missue=0xf, vaddr=0x50000008aeb8, cause=INSTRUCTION[m
[m[37m[1733835001.253686 0:5 ruxos_posix_api::imp::mmap::trap:61] [36mPage Fault Happening, vaddr:0x50000008a000, casue:INSTRUCTION, map_flags:MappingFlags(READ | WRITE | EXECUTE | USER)[m
[m[37m[1733835001.254103 0:5 ruxos_posix_api::imp::mmap::trap:90] [36mmapping_flags: MappingFlags(READ | WRITE | EXECUTE | USER)[m
[m[37m[1733835001.254397 0:5 ruxhal::arch::aarch64::trap:102] [36missue=0xf, vaddr=0x50000008aeb8, cause=INSTRUCTION[m
[m[37m[1733835001.254691 0:5 ruxos_posix_api::imp::mmap::trap:61] [36mPage Fault Happening, vaddr:0x50000008a000, casue:INSTRUCTION, map_flags:MappingFlags(READ | WRITE | EXECUTE | USER)[m
[m[37m[1733835001.255154 0:5 ruxos_posix_api::imp::mmap::trap:90] [36mmapping_flags: MappingFlags(READ | WRITE | EXECUTE | USER)[m
[m[37m[1733835001.255487 0:5 ruxhal::arch::aarch64::trap:102] [36missue=0xf, vaddr=0x50000008aeb8, cause=INSTRUCTION[m
[m[37m[1733835001.255766 0:5 ruxos_posix_api::imp::mmap::trap:61] [36mPage Fault Happening, vaddr:0x50000008a000, casue:INSTRUCTION, map_flags:MappingFlags(READ | WRITE | EXECUTE | USER)[m
[m[37m[1733835001.256181 0:5 ruxos_posix_api::imp::mmap::trap:90] [36mmapping_flags: MappingFlags(READ | WRITE | EXECUTE | USER)[m
[m[37m[1733835001.256474 0:5 ruxhal::arch::aarch64::trap:102] [36missue=0xf, vaddr=0x50000008aeb8, cause=INSTRUCTION[m
[m[37m[1733835001.256741 0:5 ruxos_posix_api::imp::mmap::trap:61] [36mPage Fault Happening, vaddr:0x50000008a000, casue:INSTRUCTION, map_flags:MappingFlags(READ | WRITE | EXECUTE | USER)[m
[m[37m[1733835001.257158 0:5 ruxos_posix_api::imp::mmap::trap:90] [36mmapping_flags: MappingFlags(READ | WRITE | EXECUTE | USER)[m
[m[37m[1733835001.257452 0:5 ruxhal::arch::aarch64::trap:102] [36missue=0xf, vaddr=0x50000008aeb8, cause=INSTRUCTION[m
[m[37m[1733835001.257719 0:5 ruxos_posix_api::imp::mmap::trap:61] [36mPage Fault Happening, vaddr:0x50000008a000, casue:INSTRUCTION, map_flags:MappingFlags(READ | WRITE | EXECUTE | USER)[m
[m[37m[1733835001.258136 0:5 ruxos_posix_api::imp::mmap::trap:90] [36mmapping_flags: MappingFlags(READ | WRITE | EXECUTE | USER)[m
[m[37m[1733835001.258429 0:5 ruxhal::arch::aarch64::trap:102] [36missue=0xf, vaddr=0x50000008aeb8, cause=INSTRUCTION[m
[m[37m[1733835001.258697 0:5 ruxos_posix_api::imp::mmap::trap:61] [36mPage Fault Happening, vaddr:0x50000008a000, casue:INSTRUCTION, map_flags:MappingFlags(READ | WRITE | EXECUTE | USER)[m
[m[37m[1733835001.259116 0:5 ruxos_posix_api::imp::mmap::trap:90] [36mmapping_flags: MappingFlags(READ | WRITE | EXECUTE | USER)[m
[m[37m[1733835001.259408 0:5 ruxhal::arch::aarch64::trap:102] [36missue=0xf, vaddr=0x50000008aeb8, cause=INSTRUCTION[m
[m[37m[1733835001.259676 0:5 ruxos_posix_api::imp::mmap::trap:61] [36mPage Fault Happening, vaddr:0x50000008a000, casue:INSTRUCTION, map_flags:MappingFlags(READ | WRITE | EXECUTE | USER)[m
[m[37m[1733835001.260092 0:5 ruxos_posix_api::imp::mmap::trap:90] [36mmapping_flags: MappingFlags(READ | WRITE | EXECUTE | USER)[m
[m[37m[1733835001.260384 0:5 ruxhal::arch::aarch64::trap:102] [36missue=0xf, vaddr=0x50000008aeb8, cause=INSTRUCTION[m
[m[37m[1733835001.260652 0:5 ruxos_posix_api::imp::mmap::trap:61] [36mPage Fault Happening, vaddr:0x50000008a000, casue:INSTRUCTION, map_flags:MappingFlags(READ | WRITE | EXECUTE | USER)[m
[m[37m[1733835001.261067 0:5 ruxos_posix_api::imp::mmap::trap:90] [36mmapping_flags: MappingFlags(READ | WRITE | EXECUTE | USER)[m
[m[37m[1733835001.261359 0:5 ruxhal::arch::aarch64::trap:102] [36missue=0xf, vaddr=0x50000008aeb8, cause=INSTRUCTION[m
[m[37m[1733835001.261627 0:5 ruxos_posix_api::imp::mmap::trap:61] [36mPage Fault Happening, vaddr:0x50000008a000, casue:INSTRUCTION, map_flags:MappingFlags(READ | WRITE | EXECUTE | USER)[m
[m[37m[1733835001.262044 0:5 ruxos_posix_api::imp::mmap::trap:90] [36mmapping_flags: MappingFlags(READ | WRITE | EXECUTE | USER)[m
[m[37m[1733835001.262340 0:5 ruxhal::arch::aarch64::trap:102] [36missue=0xf, vaddr=0x50000008aeb8, cause=INSTRUCTION[m
[m[37m[1733835001.262608 0:5 ruxos_posix_api::imp::mmap::trap:61] [36mPage Fault Happening, vaddr:0x50000008a000, casue:INSTRUCTION, map_flags:MappingFlags(READ | WRITE | EXECUTE | USER)[m
[m[37m[1733835001.263023 0:5 ruxos_posix_api::imp::mmap::trap:90] [36mmapping_flags: MappingFlags(READ | WRITE | EXECUTE | USER)[m
[m[37m[1733835001.263319 0:5 ruxhal::arch::aarch64::trap:102] [36missue=0xf, vaddr=0x50000008aeb8, cause=INSTRUCTION[m
[m[37m[1733835001.263587 0:5 ruxos_posix_api::imp::mmap::trap:61] [36mPage Fault Happening, vaddr:0x50000008a000, casue:INSTRUCTION, map_flags:MappingFlags(READ | WRITE | EXECUTE | USER)[m
[m[37m[1733835001.264005 0:5 ruxos_posix_api::imp::mmap::trap:90] [36mmapping_flags: MappingFlags(READ | WRITE | EXECUTE | USER)[m
[m[37m[1733835001.264298 0:5 ruxhal::arch::aarch64::trap:102] [36missue=0xf, vaddr=0x50000008aeb8, cause=INSTRUCTION[m
[m[37m[1733835001.264579 0:5 ruxos_posix_api::imp::mmap::trap:61] [36mPage Fault Happening, vaddr:0x50000008a000, casue:INSTRUCTION, map_flags:MappingFlags(READ | WRITE | EXECUTE | USER)[m
[m[37m[1733835001.265038 0:5 ruxos_posix_api::imp::mmap::trap:90] [36mmapping_flags: MappingFlags(READ | WRITE | EXECUTE | USER)[m
[m[37m[1733835001.265368 0:5 ruxhal::arch::aarch64::trap:102] [36missue=0xf, vaddr=0x50000008aeb8, cause=INSTRUCTION[m
[m[37m[1733835001.265652 0:5 ruxos_posix_api::imp::mmap::trap:61] [36mPage Fault Happening, vaddr:0x50000008a000, casue:INSTRUCTION, map_flags:MappingFlags(READ | WRITE | EXECUTE | USER)[m
[m[37m[1733835001.266068 0:5 ruxos_posix_api::imp::mmap::trap:90] [36mmapping_flags: MappingFlags(READ | WRITE | EXECUTE | USER)[m
[m[37m[1733835001.266362 0:5 ruxhal::arch::aarch64::trap:102] [36missue=0xf, vaddr=0x50000008aeb8, cause=INSTRUCTION[m
[m[37m[1733835001.266632 0:5 ruxos_posix_api::imp::mmap::trap:61] [36mPage Fault Happening, vaddr:0x50000008a000, casue:INSTRUCTION, map_flags:MappingFlags(READ | WRITE | EXECUTE | USER)[m
[m[37m[1733835001.267050 0:5 ruxos_posix_api::imp::mmap::trap:90] [36mmapping_flags: MappingFlags(READ | WRITE | EXECUTE | USER)[m
[m[37m[1733835001.267346 0:5 ruxhal::arch::aarch64::trap:102] [36missue=0xf, vaddr=0x50000008aeb8, cause=INSTRUCTION[m
[m[37m[1733835001.267617 0:5 ruxos_posix_api::imp::mmap::trap:61] [36mPage Fault Happening, vaddr:0x50000008a000, casue:INSTRUCTION, map_flags:MappingFlags(READ | WRITE | EXECUTE | USER)[m
[m[37m[1733835001.268033 0:5 ruxos_posix_api::imp::mmap::trap:90] [36mmapping_flags: MappingFlags(READ | WRITE | EXECUTE | USER)[m
[m[37m[1733835001.268327 0:5 ruxhal::arch::aarch64::trap:102] [36missue=0xf, vaddr=0x50000008aeb8, cause=INSTRUCTION[m
[m[37m[1733835001.268594 0:5 ruxos_posix_api::imp::mmap::trap:61] [36mPage Fault Happening, vaddr:0x50000008a000, casue:INSTRUCTION, map_flags:MappingFlags(READ | WRITE | EXECUTE | USER)[m
[m[37m[1733835001.269014 0:5 ruxos_posix_api::imp::mmap::trap:90] [36mmapping_flags: MappingFlags(READ | WRITE | EXECUTE | USER)[m
[m[37m[1733835001.269309 0:5 ruxhal::arch::aarch64::trap:102] [36missue=0xf, vaddr=0x50000008aeb8, cause=INSTRUCTION[m
[m[37m[1733835001.269576 0:5 ruxos_posix_api::imp::mmap::trap:61] [36mPage Fault Happening, vaddr:0x50000008a000, casue:INSTRUCTION, map_flags:MappingFlags(READ | WRITE | EXECUTE | USER)[m
[m[37m[1733835001.269992 0:5 ruxos_posix_api::imp::mmap::trap:90] [36mmapping_flags: MappingFlags(READ | WRITE | EXECUTE | USER)[m
[m[37m[1733835001.270287 0:5 ruxhal::arch::aarch64::trap:102] [36missue=0xf, vaddr=0x50000008aeb8, cause=INSTRUCTION[m
[m[37m[1733835001.270555 0:5 ruxos_posix_api::imp::mmap::trap:61] [36mPage Fault Happening, vaddr:0x50000008a000, casue:INSTRUCTION, map_flags:MappingFlags(READ | WRITE | EXECUTE | USER)[m
[m[37m[1733835001.270972 0:5 ruxos_posix_api::imp::mmap::trap:90] [36mmapping_flags: MappingFlags(READ | WRITE | EXECUTE | USER)[m
[m[37m[1733835001.271268 0:5 ruxhal::arch::aarch64::trap:102] [36missue=0xf, vaddr=0x50000008aeb8, cause=INSTRUCTION[m
[m[37m[1733835001.271535 0:5 ruxos_posix_api::imp::mmap::trap:61] [36mPage Fault Happening, vaddr:0x50000008a000, casue:INSTRUCTION, map_flags:MappingFlags(READ | WRITE | EXECUTE | USER)[m
[m[37m[1733835001.271952 0:5 ruxos_posix_api::imp::mmap::trap:90] [36mmapping_flags: MappingFlags(READ | WRITE | EXECUTE | USER)[m
[m[37m[1733835001.272248 0:5 ruxhal::arch::aarch64::trap:102] [36missue=0xf, vaddr=0x50000008aeb8, cause=INSTRUCTION[m
[m[37m[1733835001.272516 0:5 ruxos_posix_api::imp::mmap::trap:61] [36mPage Fault Happening, vaddr:0x50000008a000, casue:INSTRUCTION, map_flags:MappingFlags(READ | WRITE | EXECUTE | USER)[m
[m[37m[1733835001.272937 0:5 ruxos_posix_api::imp::mmap::trap:90] [36mmapping_flags: MappingFlags(READ | WRITE | EXECUTE | USER)[m
[m[37m[1733835001.273231 0:5 ruxhal::arch::aarch64::trap:102] [36missue=0xf, vaddr=0x50000008aeb8, cause=INSTRUCTION[m
[m[37m[1733835001.273499 0:5 ruxos_posix_api::imp::mmap::trap:61] [36mPage Fault Happening, vaddr:0x50000008a000, casue:INSTRUCTION, map_flags:MappingFlags(READ | WRITE | EXECUTE | USER)[m
[m[37m[1733835001.273916 0:5 ruxos_posix_api::imp::mmap::trap:90] [36mmapping_flags: MappingFlags(READ | WRITE | EXECUTE | USER)[m
[m[37m[1733835001.274209 0:5 ruxhal::arch::aarch64::trap:102] [36missue=0xf, vaddr=0x50000008aeb8, cause=INSTRUCTION[m
[m[37m[1733835001.274477 0:5 ruxos_posix_api::imp::mmap::trap:61] [36mPage Fault Happening, vaddr:0x50000008a000, casue:INSTRUCTION, map_flags:MappingFlags(READ | WRITE | EXECUTE | USER)[m
[m[37m[1733835001.274940 0:5 ruxos_posix_api::imp::mmap::trap:90] [36mmapping_flags: MappingFlags(READ | WRITE | EXECUTE | USER)[m
[m[37m[1733835001.275271 0:5 ruxhal::arch::aarch64::trap:102] [36missue=0xf, vaddr=0x50000008aeb8, cause=INSTRUCTION[m
[m[37m[1733835001.275552 0:5 ruxos_posix_api::imp::mmap::trap:61] [36mPage Fault Happening, vaddr:0x50000008a000, casue:INSTRUCTION, map_flags:MappingFlags(READ | WRITE | EXECUTE | USER)[m
[m[37m[1733835001.275969 0:5 ruxos_posix_api::imp::mmap::trap:90] [36mmapping_flags: MappingFlags(READ | WRITE | EXECUTE | USER)[m
[m[37m[1733835001.276262 0:5 ruxhal::arch::aarch64::trap:102] [36missue=0xf, vaddr=0x50000008aeb8, cause=INSTRUCTION[m
[m[37m[1733835001.276530 0:5 ruxos_posix_api::imp::mmap::trap:61] [36mPage Fault Happening, vaddr:0x50000008a000, casue:INSTRUCTION, map_flags:MappingFlags(READ | WRITE | EXECUTE | USER)[m
[m[37m[1733835001.276947 0:5 ruxos_posix_api::imp::mmap::trap:90] [36mmapping_flags: MappingFlags(READ | WRITE | EXECUTE | USER)[m
[m[37m[1733835001.277241 0:5 ruxhal::arch::aarch64::trap:102] [36missue=0xf, vaddr=0x50000008aeb8, cause=INSTRUCTION[m
[m[37m[1733835001.277509 0:5 ruxos_posix_api::imp::mmap::trap:61] [36mPage Fault Happening, vaddr:0x50000008a000, casue:INSTRUCTION, map_flags:MappingFlags(READ | WRITE | EXECUTE | USER)[m
[m[37m[1733835001.277924 0:5 ruxos_posix_api::imp::mmap::trap:90] [36mmapping_flags: MappingFlags(READ | WRITE | EXECUTE | USER)[m
[m[37m[1733835001.278218 0:5 ruxhal::arch::aarch64::trap:102] [36missue=0xf, vaddr=0x50000008aeb8, cause=INSTRUCTION[m
[m[37m[1733835001.278485 0:5 ruxos_posix_api::imp::mmap::trap:61] [36mPage Fault Happening, vaddr:0x50000008a000, casue:INSTRUCTION, map_flags:MappingFlags(READ | WRITE | EXECUTE | USER)[m
[m[37m[1733835001.278910 0:5 ruxos_posix_api::imp::mmap::trap:90] [36mmapping_flags: MappingFlags(READ | WRITE | EXECUTE | USER)[m
[m[37m[1733835001.279203 0:5 ruxhal::arch::aarch64::trap:102] [36missue=0xf, vaddr=0x50000008aeb8, cause=INSTRUCTION[m
[m[37m[1733835001.279470 0:5 ruxos_posix_api::imp::mmap::trap:61] [36mPage Fault Happening, vaddr:0x50000008a000, casue:INSTRUCTION, map_flags:MappingFlags(READ | WRITE | EXECUTE | USER)[m
[m[37m[1733835001.279888 0:5 ruxos_posix_api::imp::mmap::trap:90] [36mmapping_flags: MappingFlags(READ | WRITE | EXECUTE | USER)[m
[m[37m[1733835001.280183 0:5 ruxhal::arch::aarch64::trap:102] [36missue=0xf, vaddr=0x50000008aeb8, cause=INSTRUCTION[m
[m[37m[1733835001.280451 0:5 ruxos_posix_api::imp::mmap::trap:61] [36mPage Fault Happening, vaddr:0x50000008a000, casue:INSTRUCTION, map_flags:MappingFlags(READ | WRITE | EXECUTE | USER)[m
[m[37m[1733835001.280869 0:5 ruxos_posix_api::imp::mmap::trap:90] [36mmapping_flags: MappingFlags(READ | WRITE | EXECUTE | USER)[m
[m[37m[1733835001.281164 0:5 ruxhal::arch::aarch64::trap:102] [36missue=0xf, vaddr=0x50000008aeb8, cause=INSTRUCTION[m
[m[37m[1733835001.281432 0:5 ruxos_posix_api::imp::mmap::trap:61] [36mPage Fault Happening, vaddr:0x50000008a000, casue:INSTRUCTION, map_flags:MappingFlags(READ | WRITE | EXECUTE | USER)[m
[m[37m[1733835001.281852 0:5 ruxos_posix_api::imp::mmap::trap:90] [36mmapping_flags: MappingFlags(READ | WRITE | EXECUTE | USER)[m
[m[37m[1733835001.282148 0:5 ruxhal::arch::aarch64::trap:102] [36missue=0xf, vaddr=0x50000008aeb8, cause=INSTRUCTION[m
[m[37m[1733835001.282415 0:5 ruxos_posix_api::imp::mmap::trap:61] [36mPage Fault Happening, vaddr:0x50000008a000, casue:INSTRUCTION, map_flags:MappingFlags(READ | WRITE | EXECUTE | USER)[m
[m[37m[1733835001.282829 0:5 ruxos_posix_api::imp::mmap::trap:90] [36mmapping_flags: MappingFlags(READ | WRITE | EXECUTE | USER)[m
[m[37m[1733835001.283122 0:5 ruxhal::arch::aarch64::trap:102] [36missue=0xf, vaddr=0x50000008aeb8, cause=INSTRUCTION[m
[m[37m[1733835001.283390 0:5 ruxos_posix_api::imp::mmap::trap:61] [36mPage Fault Happening, vaddr:0x50000008a000, casue:INSTRUCTION, map_flags:MappingFlags(READ | WRITE | EXECUTE | USER)[m
[m[37m[1733835001.283805 0:5 ruxos_posix_api::imp::mmap::trap:90] [36mmapping_flags: MappingFlags(READ | WRITE | EXECUTE | USER)[m
[m[37m[1733835001.284103 0:5 ruxhal::arch::aarch64::trap:102] [36missue=0xf, vaddr=0x50000008aeb8, cause=INSTRUCTION[m
[m[37m[1733835001.284374 0:5 ruxos_posix_api::imp::mmap::trap:61] [36mPage Fault Happening, vaddr:0x50000008a000, casue:INSTRUCTION, map_flags:MappingFlags(READ | WRITE | EXECUTE | USER)[m
[m[37m[1733835001.284842 0:5 ruxos_posix_api::imp::mmap::trap:90] [36mmapping_flags: MappingFlags(READ | WRITE | EXECUTE | USER)[m
[m[37m[1733835001.285173 0:5 ruxhal::arch::aarch64::trap:102] [36missue=0xf, vaddr=0x50000008aeb8, cause=INSTRUCTION[m
[m[37m[1733835001.285454 0:5 ruxos_posix_api::imp::mmap::trap:61] [36mPage Fault Happening, vaddr:0x50000008a000, casue:INSTRUCTION, map_flags:MappingFlags(READ | WRITE | EXECUTE | USER)[m
[m[37m[1733835001.285873 0:5 ruxos_posix_api::imp::mmap::trap:90] [36mmapping_flags: MappingFlags(READ | WRITE | EXECUTE | USER)[m
[m[37m[1733835001.286168 0:5 ruxhal::arch::aarch64::trap:102] [36missue=0xf, vaddr=0x50000008aeb8, cause=INSTRUCTION[m
[m[37m[1733835001.286437 0:5 ruxos_posix_api::imp::mmap::trap:61] [36mPage Fault Happening, vaddr:0x50000008a000, casue:INSTRUCTION, map_flags:MappingFlags(READ | WRITE | EXECUTE | USER)[m
[m[37m[1733835001.286852 0:5 ruxos_posix_api::imp::mmap::trap:90] [36mmapping_flags: MappingFlags(READ | WRITE | EXECUTE | USER)[m
[m[37m[1733835001.287146 0:5 ruxhal::arch::aarch64::trap:102] [36missue=0xf, vaddr=0x50000008aeb8, cause=INSTRUCTION[m
[m[37m[1733835001.287414 0:5 ruxos_posix_api::imp::mmap::trap:61] [36mPage Fault Happening, vaddr:0x50000008a000, casue:INSTRUCTION, map_flags:MappingFlags(READ | WRITE | EXECUTE | USER)[m
[m[37m[1733835001.287830 0:5 ruxos_posix_api::imp::mmap::trap:90] [36mmapping_flags: MappingFlags(READ | WRITE | EXECUTE | USER)[m
[m[37m[1733835001.288125 0:5 ruxhal::arch::aarch64::trap:102] [36missue=0xf, vaddr=0x50000008aeb8, cause=INSTRUCTION[m
[m[37m[1733835001.288394 0:5 ruxos_posix_api::imp::mmap::trap:61] [36mPage Fault Happening, vaddr:0x50000008a000, casue:INSTRUCTION, map_flags:MappingFlags(READ | WRITE | EXECUTE | USER)[m
[m[37m[1733835001.288814 0:5 ruxos_posix_api::imp::mmap::trap:90] [36mmapping_flags: MappingFlags(READ | WRITE | EXECUTE | USER)[m
[m[37m[1733835001.289108 0:5 ruxhal::arch::aarch64::trap:102] [36missue=0xf, vaddr=0x50000008aeb8, cause=INSTRUCTION[m
[m[37m[1733835001.289376 0:5 ruxos_posix_api::imp::mmap::trap:61] [36mPage Fault Happening, vaddr:0x50000008a000, casue:INSTRUCTION, map_flags:MappingFlags(READ | WRITE | EXECUTE | USER)[m
[m[37m[1733835001.289792 0:5 ruxos_posix_api::imp::mmap::trap:90] [36mmapping_flags: MappingFlags(READ | WRITE | EXECUTE | USER)[m
[m[37m[1733835001.290086 0:5 ruxhal::arch::aarch64::trap:102] [36missue=0xf, vaddr=0x50000008aeb8, cause=INSTRUCTION[m
[m[37m[1733835001.290353 0:5 ruxos_posix_api::imp::mmap::trap:61] [36mPage Fault Happening, vaddr:0x50000008a000, casue:INSTRUCTION, map_flags:MappingFlags(READ | WRITE | EXECUTE | USER)[m
[m[37m[1733835001.290772 0:5 ruxos_posix_api::imp::mmap::trap:90] [36mmapping_flags: MappingFlags(READ | WRITE | EXECUTE | USER)[m
[m[37m[1733835001.291066 0:5 ruxhal::arch::aarch64::trap:102] [36missue=0xf, vaddr=0x50000008aeb8, cause=INSTRUCTION[m
[m[37m[1733835001.291333 0:5 ruxos_posix_api::imp::mmap::trap:61] [36mPage Fault Happening, vaddr:0x50000008a000, casue:INSTRUCTION, map_flags:MappingFlags(READ | WRITE | EXECUTE | USER)[m
[m[37m[1733835001.291750 0:5 ruxos_posix_api::imp::mmap::trap:90] [36mmapping_flags: MappingFlags(READ | WRITE | EXECUTE | USER)[m
[m[37m[1733835001.292044 0:5 ruxhal::arch::aarch64::trap:102] [36missue=0xf, vaddr=0x50000008aeb8, cause=INSTRUCTION[m
[m[37m[1733835001.292314 0:5 ruxos_posix_api::imp::mmap::trap:61] [36mPage Fault Happening, vaddr:0x50000008a000, casue:INSTRUCTION, map_flags:MappingFlags(READ | WRITE | EXECUTE | USER)[m
[m[37m[1733835001.292729 0:5 ruxos_posix_api::imp::mmap::trap:90] [36mmapping_flags: MappingFlags(READ | WRITE | EXECUTE | USER)[m
[m[37m[1733835001.293023 0:5 ruxhal::arch::aarch64::trap:102] [36missue=0xf, vaddr=0x50000008aeb8, cause=INSTRUCTION[m
[m[37m[1733835001.293292 0:5 ruxos_posix_api::imp::mmap::trap:61] [36mPage Fault Happening, vaddr:0x50000008a000, casue:INSTRUCTION, map_flags:MappingFlags(READ | WRITE | EXECUTE | USER)[m
[m[37m[1733835001.293709 0:5 ruxos_posix_api::imp::mmap::trap:90] [36mmapping_flags: MappingFlags(READ | WRITE | EXECUTE | USER)[m
[m[37m[1733835001.294001 0:5 ruxhal::arch::aarch64::trap:102] [36missue=0xf, vaddr=0x50000008aeb8, cause=INSTRUCTION[m
[m[37m[1733835001.294271 0:5 ruxos_posix_api::imp::mmap::trap:61] [36mPage Fault Happening, vaddr:0x50000008a000, casue:INSTRUCTION, map_flags:MappingFlags(READ | WRITE | EXECUTE | USER)[m
[m[37m[1733835001.294714 0:5 ruxos_posix_api::imp::mmap::trap:90] [36mmapping_flags: MappingFlags(READ | WRITE | EXECUTE | USER)[m
[m[37m[1733835001.295045 0:5 ruxhal::arch::aarch64::trap:102] [36missue=0xf, vaddr=0x50000008aeb8, cause=INSTRUCTION[m
[m[37m[1733835001.295365 0:5 ruxos_posix_api::imp::mmap::trap:61] [36mPage Fault Happening, vaddr:0x50000008a000, casue:INSTRUCTION, map_flags:MappingFlags(READ | WRITE | EXECUTE | USER)[m
[m[37m[1733835001.295785 0:5 ruxos_posix_api::imp::mmap::trap:90] [36mmapping_flags: MappingFlags(READ | WRITE | EXECUTE | USER)[m
[m[37m[1733835001.296079 0:5 ruxhal::arch::aarch64::trap:102] [36missue=0xf, vaddr=0x50000008aeb8, cause=INSTRUCTION[m
[m[37m[1733835001.296347 0:5 ruxos_posix_api::imp::mmap::trap:61] [36mPage Fault Happening, vaddr:0x50000008a000, casue:INSTRUCTION, map_flags:MappingFlags(READ | WRITE | EXECUTE | USER)[m
[m[37m[1733835001.296762 0:5 ruxos_posix_api::imp::mmap::trap:90] [36mmapping_flags: MappingFlags(READ | WRITE | EXECUTE | USER)[m
[m[37m[1733835001.297056 0:5 ruxhal::arch::aarch64::trap:102] [36missue=0xf, vaddr=0x50000008aeb8, cause=INSTRUCTION[m
[m[37m[1733835001.297324 0:5 ruxos_posix_api::imp::mmap::trap:61] [36mPage Fault Happening, vaddr:0x50000008a000, casue:INSTRUCTION, map_flags:MappingFlags(READ | WRITE | EXECUTE | USER)[m
[m[37m[1733835001.297740 0:5 ruxos_posix_api::imp::mmap::trap:90] [36mmapping_flags: MappingFlags(READ | WRITE | EXECUTE | USER)[m
[m[37m[1733835001.298034 0:5 ruxhal::arch::aarch64::trap:102] [36missue=0xf, vaddr=0x50000008aeb8, cause=INSTRUCTION[m
[m[37m[1733835001.298301 0:5 ruxos_posix_api::imp::mmap::trap:61] [36mPage Fault Happening, vaddr:0x50000008a000, casue:INSTRUCTION, map_flags:MappingFlags(READ | WRITE | EXECUTE | USER)[m
[m[37m[1733835001.298718 0:5 ruxos_posix_api::imp::mmap::trap:90] [36mmapping_flags: MappingFlags(READ | WRITE | EXECUTE | USER)[m
[m[37m[1733835001.299014 0:5 ruxhal::arch::aarch64::trap:102] [36missue=0xf, vaddr=0x50000008aeb8, cause=INSTRUCTION[m
[m[37m[1733835001.299282 0:5 ruxos_posix_api::imp::mmap::trap:61] [36mPage Fault Happening, vaddr:0x50000008a000, casue:INSTRUCTION, map_flags:MappingFlags(READ | WRITE | EXECUTE | USER)[m
[m[37m[1733835001.299701 0:5 ruxos_posix_api::imp::mmap::trap:90] [36mmapping_flags: MappingFlags(READ | WRITE | EXECUTE | USER)[m
[m[37m[1733835001.299996 0:5 ruxhal::arch::aarch64::trap:102] [36missue=0xf, vaddr=0x50000008aeb8, cause=INSTRUCTION[m
[m[37m[1733835001.300266 0:5 ruxos_posix_api::imp::mmap::trap:61] [36mPage Fault Happening, vaddr:0x50000008a000, casue:INSTRUCTION, map_flags:MappingFlags(READ | WRITE | EXECUTE | USER)[m
[m[37m[1733835001.300684 0:5 ruxos_posix_api::imp::mmap::trap:90] [36mmapping_flags: MappingFlags(READ | WRITE | EXECUTE | USER)[m
[m[37m[1733835001.300979 0:5 ruxhal::arch::aarch64::trap:102] [36missue=0xf, vaddr=0x50000008aeb8, cause=INSTRUCTION[m
[m[37m[1733835001.301246 0:5 ruxos_posix_api::imp::mmap::trap:61] [36mPage Fault Happening, vaddr:0x50000008a000, casue:INSTRUCTION, map_flags:MappingFlags(READ | WRITE | EXECUTE | USER)[m
[m[37m[1733835001.301662 0:5 ruxos_posix_api::imp::mmap::trap:90] [36mmapping_flags: MappingFlags(READ | WRITE | EXECUTE | USER)[m
[m[37m[1733835001.301956 0:5 ruxhal::arch::aarch64::trap:102] [36missue=0xf, vaddr=0x50000008aeb8, cause=INSTRUCTION[m
[m[37m[1733835001.302226 0:5 ruxos_posix_api::imp::mmap::trap:61] [36mPage Fault Happening, vaddr:0x50000008a000, casue:INSTRUCTION, map_flags:MappingFlags(READ | WRITE | EXECUTE | USER)[m
[m[37m[1733835001.302643 0:5 ruxos_posix_api::imp::mmap::trap:90] [36mmapping_flags: MappingFlags(READ | WRITE | EXECUTE | USER)[m
[m[37m[1733835001.302937 0:5 ruxhal::arch::aarch64::trap:102] [36missue=0xf, vaddr=0x50000008aeb8, cause=INSTRUCTION[m
[m[37m[1733835001.303203 0:5 ruxos_posix_api::imp::mmap::trap:61] [36mPage Fault Happening, vaddr:0x50000008a000, casue:INSTRUCTION, map_flags:MappingFlags(READ | WRITE | EXECUTE | USER)[m
[m[37m[1733835001.303620 0:5 ruxos_posix_api::imp::mmap::trap:90] [36mmapping_flags: MappingFlags(READ | WRITE | EXECUTE | USER)[m
[m[37m[1733835001.303915 0:5 ruxhal::arch::aarch64::trap:102] [36missue=0xf, vaddr=0x50000008aeb8, cause=INSTRUCTION[m
[m[37m[1733835001.304183 0:5 ruxos_posix_api::imp::mmap::trap:61] [36mPage Fault Happening, vaddr:0x50000008a000, casue:INSTRUCTION, map_flags:MappingFlags(READ | WRITE | EXECUTE | USER)[m
[m[37m[1733835001.304630 0:5 ruxos_posix_api::imp::mmap::trap:90] [36mmapping_flags: MappingFlags(READ | WRITE | EXECUTE | USER)[m
[m[37m[1733835001.304975 0:5 ruxhal::arch::aarch64::trap:102] [36missue=0xf, vaddr=0x50000008aeb8, cause=INSTRUCTION[m
[m[37m[1733835001.305265 0:5 ruxos_posix_api::imp::mmap::trap:61] [36mPage Fault Happening, vaddr:0x50000008a000, casue:INSTRUCTION, map_flags:MappingFlags(READ | WRITE | EXECUTE | USER)[m
[m[37m[1733835001.305691 0:5 ruxos_posix_api::imp::mmap::trap:90] [36mmapping_flags: MappingFlags(READ | WRITE | EXECUTE | USER)[m
[m[37m[1733835001.305985 0:5 ruxhal::arch::aarch64::trap:102] [36missue=0xf, vaddr=0x50000008aeb8, cause=INSTRUCTION[m
[m[37m[1733835001.306253 0:5 ruxos_posix_api::imp::mmap::trap:61] [36mPage Fault Happening, vaddr:0x50000008a000, casue:INSTRUCTION, map_flags:MappingFlags(READ | WRITE | EXECUTE | USER)[m
[m[37m[1733835001.306678 0:5 ruxos_posix_api::imp::mmap::trap:90] [36mmapping_flags: MappingFlags(READ | WRITE | EXECUTE | USER)[m
[m[37m[1733835001.306971 0:5 ruxhal::arch::aarch64::trap:102] [36missue=0xf, vaddr=0x50000008aeb8, cause=INSTRUCTION[m
[m[37m[1733835001.307239 0:5 ruxos_posix_api::imp::mmap::trap:61] [36mPage Fault Happening, vaddr:0x50000008a000, casue:INSTRUCTION, map_flags:MappingFlags(READ | WRITE | EXECUTE | USER)[m
[m[37m[1733835001.307656 0:5 ruxos_posix_api::imp::mmap::trap:90] [36mmapping_flags: MappingFlags(READ | WRITE | EXECUTE | USER)[m
[m[37m[1733835001.307951 0:5 ruxhal::arch::aarch64::trap:102] [36missue=0xf, vaddr=0x50000008aeb8, cause=INSTRUCTION[m
[m[37m[1733835001.308218 0:5 ruxos_posix_api::imp::mmap::trap:61] [36mPage Fault Happening, vaddr:0x50000008a000, casue:INSTRUCTION, map_flags:MappingFlags(READ | WRITE | EXECUTE | USER)[m
[m[37m[1733835001.308640 0:5 ruxos_posix_api::imp::mmap::trap:90] [36mmapping_flags: MappingFlags(READ | WRITE | EXECUTE | USER)[m
[m[37m[1733835001.308936 0:5 ruxhal::arch::aarch64::trap:102] [36missue=0xf, vaddr=0x50000008aeb8, cause=INSTRUCTION[m
[m[37m[1733835001.309204 0:5 ruxos_posix_api::imp::mmap::trap:61] [36mPage Fault Happening, vaddr:0x50000008a000, casue:INSTRUCTION, map_flags:MappingFlags(READ | WRITE | EXECUTE | USER)[m
[m[37m[1733835001.309620 0:5 ruxos_posix_api::imp::mmap::trap:90] [36mmapping_flags: MappingFlags(READ | WRITE | EXECUTE | USER)[m
[m[37m[1733835001.309915 0:5 ruxhal::arch::aarch64::trap:102] [36missue=0xf, vaddr=0x50000008aeb8, cause=INSTRUCTION[m
[m[37m[1733835001.310182 0:5 ruxos_posix_api::imp::mmap::trap:61] [36mPage Fault Happening, vaddr:0x50000008a000, casue:INSTRUCTION, map_flags:MappingFlags(READ | WRITE | EXECUTE | USER)[m
[m[37m[1733835001.310597 0:5 ruxos_posix_api::imp::mmap::trap:90] [36mmapping_flags: MappingFlags(READ | WRITE | EXECUTE | USER)[m
[m[37m[1733835001.310892 0:5 ruxhal::arch::aarch64::trap:102] [36missue=0xf, vaddr=0x50000008aeb8, cause=INSTRUCTION[m
[m[37m[1733835001.311159 0:5 ruxos_posix_api::imp::mmap::trap:61] [36mPage Fault Happening, vaddr:0x50000008a000, casue:INSTRUCTION, map_flags:MappingFlags(READ | WRITE | EXECUTE | USER)[m
[m[37m[1733835001.311574 0:5 ruxos_posix_api::imp::mmap::trap:90] [36mmapping_flags: MappingFlags(READ | WRITE | EXECUTE | USER)[m
[m[37m[1733835001.311867 0:5 ruxhal::arch::aarch64::trap:102] [36missue=0xf, vaddr=0x50000008aeb8, cause=INSTRUCTION[m
[m[37m[1733835001.312138 0:5 ruxos_posix_api::imp::mmap::trap:61] [36mPage Fault Happening, vaddr:0x50000008a000, casue:INSTRUCTION, map_flags:MappingFlags(READ | WRITE | EXECUTE | USER)[m
[m[37m[1733835001.312555 0:5 ruxos_posix_api::imp::mmap::trap:90] [36mmapping_flags: MappingFlags(READ | WRITE | EXECUTE | USER)[m
[m[37m[1733835001.312849 0:5 ruxhal::arch::aarch64::trap:102] [36missue=0xf, vaddr=0x50000008aeb8, cause=INSTRUCTION[m
[m[37m[1733835001.313117 0:5 ruxos_posix_api::imp::mmap::trap:61] [36mPage Fault Happening, vaddr:0x50000008a000, casue:INSTRUCTION, map_flags:MappingFlags(READ | WRITE | EXECUTE | USER)[m
[m[37m[1733835001.313533 0:5 ruxos_posix_api::imp::mmap::trap:90] [36mmapping_flags: MappingFlags(READ | WRITE | EXECUTE | USER)[m
[m[37m[1733835001.313827 0:5 ruxhal::arch::aarch64::trap:102] [36missue=0xf, vaddr=0x50000008aeb8, cause=INSTRUCTION[m
[m[37m[1733835001.314095 0:5 ruxos_posix_api::imp::mmap::trap:61] [36mPage Fault Happening, vaddr:0x50000008a000, casue:INSTRUCTION, map_flags:MappingFlags(READ | WRITE | EXECUTE | USER)[m
[m[37m[1733835001.314538 0:5 ruxos_posix_api::imp::mmap::trap:90] [36mmapping_flags: MappingFlags(READ | WRITE | EXECUTE | USER)[m
[m[37m[1733835001.314869 0:5 ruxhal::arch::aarch64::trap:102] [36missue=0xf, vaddr=0x50000008aeb8, cause=INSTRUCTION[m
[m[37m[1733835001.315151 0:5 ruxos_posix_api::imp::mmap::trap:61] [36mPage Fault Happening, vaddr:0x50000008a000, casue:INSTRUCTION, map_flags:MappingFlags(READ | WRITE | EXECUTE | USER)[m
[m[37m[1733835001.315571 0:5 ruxos_posix_api::imp::mmap::trap:90] [36mmapping_flags: MappingFlags(READ | WRITE | EXECUTE | USER)[m
[m[37m[1733835001.315866 0:5 ruxhal::arch::aarch64::trap:102] [36missue=0xf, vaddr=0x50000008aeb8, cause=INSTRUCTION[m
[m[37m[1733835001.316135 0:5 ruxos_posix_api::imp::mmap::trap:61] [36mPage Fault Happening, vaddr:0x50000008a000, casue:INSTRUCTION, map_flags:MappingFlags(READ | WRITE | EXECUTE | USER)[m
[m[37m[1733835001.316554 0:5 ruxos_posix_api::imp::mmap::trap:90] [36mmapping_flags: MappingFlags(READ | WRITE | EXECUTE | USER)[m
[m[37m[1733835001.316849 0:5 ruxhal::arch::aarch64::trap:102] [36missue=0xf, vaddr=0x50000008aeb8, cause=INSTRUCTION[m
[m[37m[1733835001.317118 0:5 ruxos_posix_api::imp::mmap::trap:61] [36mPage Fault Happening, vaddr:0x50000008a000, casue:INSTRUCTION, map_flags:MappingFlags(READ | WRITE | EXECUTE | USER)[m
[m[37m[1733835001.317538 0:5 ruxos_posix_api::imp::mmap::trap:90] [36mmapping_flags: MappingFlags(READ | WRITE | EXECUTE | USER)[m
[m[37m[1733835001.317833 0:5 ruxhal::arch::aarch64::trap:102] [36missue=0xf, vaddr=0x50000008aeb8, cause=INSTRUCTION[m
[m[37m[1733835001.318100 0:5 ruxos_posix_api::imp::mmap::trap:61] [36mPage Fault Happening, vaddr:0x50000008a000, casue:INSTRUCTION, map_flags:MappingFlags(READ | WRITE | EXECUTE | USER)[m
[m[37m[1733835001.318516 0:5 ruxos_posix_api::imp::mmap::trap:90] [36mmapping_flags: MappingFlags(READ | WRITE | EXECUTE | USER)[m
[m[37m[1733835001.318812 0:5 ruxhal::arch::aarch64::trap:102] [36missue=0xf, vaddr=0x50000008aeb8, cause=INSTRUCTION[m
[m[37m[1733835001.319080 0:5 ruxos_posix_api::imp::mmap::trap:61] [36mPage Fault Happening, vaddr:0x50000008a000, casue:INSTRUCTION, map_flags:MappingFlags(READ | WRITE | EXECUTE | USER)[m
[m[37m[1733835001.319497 0:5 ruxos_posix_api::imp::mmap::trap:90] [36mmapping_flags: MappingFlags(READ | WRITE | EXECUTE | USER)[m
[m[37m[1733835001.319792 0:5 ruxhal::arch::aarch64::trap:102] [36missue=0xf, vaddr=0x50000008aeb8, cause=INSTRUCTION[m
[m[37m[1733835001.320058 0:5 ruxos_posix_api::imp::mmap::trap:61] [36mPage Fault Happening, vaddr:0x50000008a000, casue:INSTRUCTION, map_flags:MappingFlags(READ | WRITE | EXECUTE | USER)[m
[m[37m[1733835001.320475 0:5 ruxos_posix_api::imp::mmap::trap:90] [36mmapping_flags: MappingFlags(READ | WRITE | EXECUTE | USER)[m
[m[37m[1733835001.320770 0:5 ruxhal::arch::aarch64::trap:102] [36missue=0xf, vaddr=0x50000008aeb8, cause=INSTRUCTION[m
[m[37m[1733835001.321039 0:5 ruxos_posix_api::imp::mmap::trap:61] [36mPage Fault Happening, vaddr:0x50000008a000, casue:INSTRUCTION, map_flags:MappingFlags(READ | WRITE | EXECUTE | USER)[m
[m[37m[1733835001.321456 0:5 ruxos_posix_api::imp::mmap::trap:90] [36mmapping_flags: MappingFlags(READ | WRITE | EXECUTE | USER)[m
[m[37m[1733835001.321750 0:5 ruxhal::arch::aarch64::trap:102] [36missue=0xf, vaddr=0x50000008aeb8, cause=INSTRUCTION[m
[m[37m[1733835001.322018 0:5 ruxos_posix_api::imp::mmap::trap:61] [36mPage Fault Happening, vaddr:0x50000008a000, casue:INSTRUCTION, map_flags:MappingFlags(READ | WRITE | EXECUTE | USER)[m
[m[37m[1733835001.322436 0:5 ruxos_posix_api::imp::mmap::trap:90] [36mmapping_flags: MappingFlags(READ | WRITE | EXECUTE | USER)[m
[m[37m[1733835001.322729 0:5 ruxhal::arch::aarch64::trap:102] [36missue=0xf, vaddr=0x50000008aeb8, cause=INSTRUCTION[m
[m[37m[1733835001.322997 0:5 ruxos_posix_api::imp::mmap::trap:61] [36mPage Fault Happening, vaddr:0x50000008a000, casue:INSTRUCTION, map_flags:MappingFlags(READ | WRITE | EXECUTE | USER)[m
[m[37m[1733835001.323413 0:5 ruxos_posix_api::imp::mmap::trap:90] [36mmapping_flags: MappingFlags(READ | WRITE | EXECUTE | USER)[m
[m[37m[1733835001.323707 0:5 ruxhal::arch::aarch64::trap:102] [36missue=0xf, vaddr=0x50000008aeb8, cause=INSTRUCTION[m
[m[37m[1733835001.323975 0:5 ruxos_posix_api::imp::mmap::trap:61] [36mPage Fault Happening, vaddr:0x50000008a000, casue:INSTRUCTION, map_flags:MappingFlags(READ | WRITE | EXECUTE | USER)[m
[m[37m[1733835001.324393 0:5 ruxos_posix_api::imp::mmap::trap:90] [36mmapping_flags: MappingFlags(READ | WRITE | EXECUTE | USER)[m
[m[37m[1733835001.324746 0:5 ruxhal::arch::aarch64::trap:102] [36missue=0xf, vaddr=0x50000008aeb8, cause=INSTRUCTION[m
[m[37m[1733835001.325015 0:5 ruxos_posix_api::imp::mmap::trap:61] [36mPage Fault Happening, vaddr:0x50000008a000, casue:INSTRUCTION, map_flags:MappingFlags(READ | WRITE | EXECUTE | USER)[m
[m[37m[1733835001.325432 0:5 ruxos_posix_api::imp::mmap::trap:90] [36mmapping_flags: MappingFlags(READ | WRITE | EXECUTE | USER)[m
[m[37m[1733835001.325729 0:5 ruxhal::arch::aarch64::trap:102] [36missue=0xf, vaddr=0x50000008aeb8, cause=INSTRUCTION[m
[m[37m[1733835001.325997 0:5 ruxos_posix_api::imp::mmap::trap:61] [36mPage Fault Happening, vaddr:0x50000008a000, casue:INSTRUCTION, map_flags:MappingFlags(READ | WRITE | EXECUTE | USER)[m
[m[37m[1733835001.326416 0:5 ruxos_posix_api::imp::mmap::trap:90] [36mmapping_flags: MappingFlags(READ | WRITE | EXECUTE | USER)[m
[m[37m[1733835001.326710 0:5 ruxhal::arch::aarch64::trap:102] [36missue=0xf, vaddr=0x50000008aeb8, cause=INSTRUCTION[m
[m[37m[1733835001.326978 0:5 ruxos_posix_api::imp::mmap::trap:61] [36mPage Fault Happening, vaddr:0x50000008a000, casue:INSTRUCTION, map_flags:MappingFlags(READ | WRITE | EXECUTE | USER)[m
[m[37m[1733835001.327394 0:5 ruxos_posix_api::imp::mmap::trap:90] [36mmapping_flags: MappingFlags(READ | WRITE | EXECUTE | USER)[m
[m[37m[1733835001.327688 0:5 ruxhal::arch::aarch64::trap:102] [36missue=0xf, vaddr=0x50000008aeb8, cause=INSTRUCTION[m
[m[37m[1733835001.327956 0:5 ruxos_posix_api::imp::mmap::trap:61] [36mPage Fault Happening, vaddr:0x50000008a000, casue:INSTRUCTION, map_flags:MappingFlags(READ | WRITE | EXECUTE | USER)[m
[m[37m[1733835001.328373 0:5 ruxos_posix_api::imp::mmap::trap:90] [36mmapping_flags: MappingFlags(READ | WRITE | EXECUTE | USER)[m
[m[37m[1733835001.328668 0:5 ruxhal::arch::aarch64::trap:102] [36missue=0xf, vaddr=0x50000008aeb8, cause=INSTRUCTION[m
[m[37m[1733835001.328938 0:5 ruxos_posix_api::imp::mmap::trap:61] [36mPage Fault Happening, vaddr:0x50000008a000, casue:INSTRUCTION, map_flags:MappingFlags(READ | WRITE | EXECUTE | USER)[m
[m[37m[1733835001.329356 0:5 ruxos_posix_api::imp::mmap::trap:90] [36mmapping_flags: MappingFlags(READ | WRITE | EXECUTE | USER)[m
[m[37m[1733835001.329650 0:5 ruxhal::arch::aarch64::trap:102] [36missue=0xf, vaddr=0x50000008aeb8, cause=INSTRUCTION[m
[m[37m[1733835001.329918 0:5 ruxos_posix_api::imp::mmap::trap:61] [36mPage Fault Happening, vaddr:0x50000008a000, casue:INSTRUCTION, map_flags:MappingFlags(READ | WRITE | EXECUTE | USER)[m
[m[37m[1733835001.330334 0:5 ruxos_posix_api::imp::mmap::trap:90] [36mmapping_flags: MappingFlags(READ | WRITE | EXECUTE | USER)[m
[m[37m[1733835001.330630 0:5 ruxhal::arch::aarch64::trap:102] [36missue=0xf, vaddr=0x50000008aeb8, cause=INSTRUCTION[m
[m[37m[1733835001.330898 0:5 ruxos_posix_api::imp::mmap::trap:61] [36mPage Fault Happening, vaddr:0x50000008a000, casue:INSTRUCTION, map_flags:MappingFlags(READ | WRITE | EXECUTE | USER)[m
[m[37m[1733835001.331316 0:5 ruxos_posix_api::imp::mmap::trap:90] [36mmapping_flags: MappingFlags(READ | WRITE | EXECUTE | USER)[m
[m[37m[1733835001.331612 0:5 ruxhal::arch::aarch64::trap:102] [36missue=0xf, vaddr=0x50000008aeb8, cause=INSTRUCTION[m
[m[37m[1733835001.331880 0:5 ruxos_posix_api::imp::mmap::trap:61] [36mPage Fault Happening, vaddr:0x50000008a000, casue:INSTRUCTION, map_flags:MappingFlags(READ | WRITE | EXECUTE | USER)[m
[m[37m[1733835001.332300 0:5 ruxos_posix_api::imp::mmap::trap:90] [36mmapping_flags: MappingFlags(READ | WRITE | EXECUTE | USER)[m
[m[37m[1733835001.332594 0:5 ruxhal::arch::aarch64::trap:102] [36missue=0xf, vaddr=0x50000008aeb8, cause=INSTRUCTION[m
[m[37m[1733835001.332861 0:5 ruxos_posix_api::imp::mmap::trap:61] [36mPage Fault Happening, vaddr:0x50000008a000, casue:INSTRUCTION, map_flags:MappingFlags(READ | WRITE | EXECUTE | USER)[m
[m[37m[1733835001.333278 0:5 ruxos_posix_api::imp::mmap::trap:90] [36mmapping_flags: MappingFlags(READ | WRITE | EXECUTE | USER)[m
[m[37m[1733835001.333572 0:5 ruxhal::arch::aarch64::trap:102] [36missue=0xf, vaddr=0x50000008aeb8, cause=INSTRUCTION[m
[m[37m[1733835001.333839 0:5 ruxos_posix_api::imp::mmap::trap:61] [36mPage Fault Happening, vaddr:0x50000008a000, casue:INSTRUCTION, map_flags:MappingFlags(READ | WRITE | EXECUTE | USER)[m
[m[37m[1733835001.334260 0:5 ruxos_posix_api::imp::mmap::trap:90] [36mmapping_flags: MappingFlags(READ | WRITE | EXECUTE | USER)[m
[m[37m[1733835001.334591 0:5 ruxhal::arch::aarch64::trap:102] [36missue=0xf, vaddr=0x50000008aeb8, cause=INSTRUCTION[m
[m[37m[1733835001.334858 0:5 ruxos_posix_api::imp::mmap::trap:61] [36mPage Fault Happening, vaddr:0x50000008a000, casue:INSTRUCTION, map_flags:MappingFlags(READ | WRITE | EXECUTE | USER)[m
[m[37m[1733835001.335277 0:5 ruxos_posix_api::imp::mmap::trap:90] [36mmapping_flags: MappingFlags(READ | WRITE | EXECUTE | USER)[m
[m[37m[1733835001.335574 0:5 ruxhal::arch::aarch64::trap:102] [36missue=0xf, vaddr=0x50000008aeb8, cause=INSTRUCTION[m
[m[37m[1733835001.335842 0:5 ruxos_posix_api::imp::mmap::trap:61] [36mPage Fault Happening, vaddr:0x50000008a000, casue:INSTRUCTION, map_flags:MappingFlags(READ | WRITE | EXECUTE | USER)[m
[m[37m[1733835001.336258 0:5 ruxos_posix_api::imp::mmap::trap:90] [36mmapping_flags: MappingFlags(READ | WRITE | EXECUTE | USER)[m
[m[37m[1733835001.336552 0:5 ruxhal::arch::aarch64::trap:102] [36missue=0xf, vaddr=0x50000008aeb8, cause=INSTRUCTION[m
[m[37m[1733835001.336820 0:5 ruxos_posix_api::imp::mmap::trap:61] [36mPage Fault Happening, vaddr:0x50000008a000, casue:INSTRUCTION, map_flags:MappingFlags(READ | WRITE | EXECUTE | USER)[m
[m[37m[1733835001.337237 0:5 ruxos_posix_api::imp::mmap::trap:90] [36mmapping_flags: MappingFlags(READ | WRITE | EXECUTE | USER)[m
[m[37m[1733835001.337531 0:5 ruxhal::arch::aarch64::trap:102] [36missue=0xf, vaddr=0x50000008aeb8, cause=INSTRUCTION[m
[m[37m[1733835001.337799 0:5 ruxos_posix_api::imp::mmap::trap:61] [36mPage Fault Happening, vaddr:0x50000008a000, casue:INSTRUCTION, map_flags:MappingFlags(READ | WRITE | EXECUTE | USER)[m
[m[37m[1733835001.338217 0:5 ruxos_posix_api::imp::mmap::trap:90] [36mmapping_flags: MappingFlags(READ | WRITE | EXECUTE | USER)[m
[m[37m[1733835001.338511 0:5 ruxhal::arch::aarch64::trap:102] [36missue=0xf, vaddr=0x50000008aeb8, cause=INSTRUCTION[m
[m[37m[1733835001.338780 0:5 ruxos_posix_api::imp::mmap::trap:61] [36mPage Fault Happening, vaddr:0x50000008a000, casue:INSTRUCTION, map_flags:MappingFlags(READ | WRITE | EXECUTE | USER)[m
[m[37m[1733835001.339197 0:5 ruxos_posix_api::imp::mmap::trap:90] [36mmapping_flags: MappingFlags(READ | WRITE | EXECUTE | USER)[m
[m[37m[1733835001.339491 0:5 ruxhal::arch::aarch64::trap:102] [36missue=0xf, vaddr=0x50000008aeb8, cause=INSTRUCTION[m
[m[37m[1733835001.339758 0:5 ruxos_posix_api::imp::mmap::trap:61] [36mPage Fault Happening, vaddr:0x50000008a000, casue:INSTRUCTION, map_flags:MappingFlags(READ | WRITE | EXECUTE | USER)[m
[m[37m[1733835001.340174 0:5 ruxos_posix_api::imp::mmap::trap:90] [36mmapping_flags: MappingFlags(READ | WRITE | EXECUTE | USER)[m
[m[37m[1733835001.340468 0:5 ruxhal::arch::aarch64::trap:102] [36missue=0xf, vaddr=0x50000008aeb8, cause=INSTRUCTION[m
[m[37m[1733835001.340736 0:5 ruxos_posix_api::imp::mmap::trap:61] [36mPage Fault Happening, vaddr:0x50000008a000, casue:INSTRUCTION, map_flags:MappingFlags(READ | WRITE | EXECUTE | USER)[m
[m[37m[1733835001.341153 0:5 ruxos_posix_api::imp::mmap::trap:90] [36mmapping_flags: MappingFlags(READ | WRITE | EXECUTE | USER)[m
[m[37m[1733835001.341450 0:5 ruxhal::arch::aarch64::trap:102] [36missue=0xf, vaddr=0x50000008aeb8, cause=INSTRUCTION[m
[m[37m[1733835001.341717 0:5 ruxos_posix_api::imp::mmap::trap:61] [36mPage Fault Happening, vaddr:0x50000008a000, casue:INSTRUCTION, map_flags:MappingFlags(READ | WRITE | EXECUTE | USER)[m
[m[37m[1733835001.342137 0:5 ruxos_posix_api::imp::mmap::trap:90] [36mmapping_flags: MappingFlags(READ | WRITE | EXECUTE | USER)[m
[m[37m[1733835001.342430 0:5 ruxhal::arch::aarch64::trap:102] [36missue=0xf, vaddr=0x50000008aeb8, cause=INSTRUCTION[m
[m[37m[1733835001.342699 0:5 ruxos_posix_api::imp::mmap::trap:61] [36mPage Fault Happening, vaddr:0x50000008a000, casue:INSTRUCTION, map_flags:MappingFlags(READ | WRITE | EXECUTE | USER)[m
[m[37m[1733835001.343115 0:5 ruxos_posix_api::imp::mmap::trap:90] [36mmapping_flags: MappingFlags(READ | WRITE | EXECUTE | USER)[m
[m[37m[1733835001.343409 0:5 ruxhal::arch::aarch64::trap:102] [36missue=0xf, vaddr=0x50000008aeb8, cause=INSTRUCTION[m
[m[37m[1733835001.343678 0:5 ruxos_posix_api::imp::mmap::trap:61] [36mPage Fault Happening, vaddr:0x50000008a000, casue:INSTRUCTION, map_flags:MappingFlags(READ | WRITE | EXECUTE | USER)[m
[m[37m[1733835001.344100 0:5 ruxos_posix_api::imp::mmap::trap:90] [36mmapping_flags: MappingFlags(READ | WRITE | EXECUTE | USER)[m
[m[37m[1733835001.344396 0:5 ruxhal::arch::aarch64::trap:102] [36missue=0xf, vaddr=0x50000008aeb8, cause=INSTRUCTION[m
[m[37m[1733835001.344699 0:5 ruxos_posix_api::imp::mmap::trap:61] [36mPage Fault Happening, vaddr:0x50000008a000, casue:INSTRUCTION, map_flags:MappingFlags(READ | WRITE | EXECUTE | USER)[m
[m[37m[1733835001.345157 0:5 ruxos_posix_api::imp::mmap::trap:90] [36mmapping_flags: MappingFlags(READ | WRITE | EXECUTE | USER)[m
[m[37m[1733835001.345491 0:5 ruxhal::arch::aarch64::trap:102] [36missue=0xf, vaddr=0x50000008aeb8, cause=INSTRUCTION[m
[m[37m[1733835001.345776 0:5 ruxos_posix_api::imp::mmap::trap:61] [36mPage Fault Happening, vaddr:0x50000008a000, casue:INSTRUCTION, map_flags:MappingFlags(READ | WRITE | EXECUTE | USER)[m
[m[37m[1733835001.346196 0:5 ruxos_posix_api::imp::mmap::trap:90] [36mmapping_flags: MappingFlags(READ | WRITE | EXECUTE | USER)[m
[m[37m[1733835001.346491 0:5 ruxhal::arch::aarch64::trap:102] [36missue=0xf, vaddr=0x50000008aeb8, cause=INSTRUCTION[m
[m[37m[1733835001.346758 0:5 ruxos_posix_api::imp::mmap::trap:61] [36mPage Fault Happening, vaddr:0x50000008a000, casue:INSTRUCTION, map_flags:MappingFlags(READ | WRITE | EXECUTE | USER)[m
[m[37m[1733835001.347177 0:5 ruxos_posix_api::imp::mmap::trap:90] [36mmapping_flags: MappingFlags(READ | WRITE | EXECUTE | USER)[m
[m[37m[1733835001.347472 0:5 ruxhal::arch::aarch64::trap:102] [36missue=0xf, vaddr=0x50000008aeb8, cause=INSTRUCTION[m
[m[37m[1733835001.347740 0:5 ruxos_posix_api::imp::mmap::trap:61] [36mPage Fault Happening, vaddr:0x50000008a000, casue:INSTRUCTION, map_flags:MappingFlags(READ | WRITE | EXECUTE | USER)[m
[m[37m[1733835001.348158 0:5 ruxos_posix_api::imp::mmap::trap:90] [36mmapping_flags: MappingFlags(READ | WRITE | EXECUTE | USER)[m
[m[37m[1733835001.348453 0:5 ruxhal::arch::aarch64::trap:102] [36missue=0xf, vaddr=0x50000008aeb8, cause=INSTRUCTION[m
[m[37m[1733835001.348722 0:5 ruxos_posix_api::imp::mmap::trap:61] [36mPage Fault Happening, vaddr:0x50000008a000, casue:INSTRUCTION, map_flags:MappingFlags(READ | WRITE | EXECUTE | USER)[m
[m[37m[1733835001.349141 0:5 ruxos_posix_api::imp::mmap::trap:90] [36mmapping_flags: MappingFlags(READ | WRITE | EXECUTE | USER)[m
[m[37m[1733835001.349435 0:5 ruxhal::arch::aarch64::trap:102] [36missue=0xf, vaddr=0x50000008aeb8, cause=INSTRUCTION[m
[m[37m[1733835001.349705 0:5 ruxos_posix_api::imp::mmap::trap:61] [36mPage Fault Happening, vaddr:0x50000008a000, casue:INSTRUCTION, map_flags:MappingFlags(READ | WRITE | EXECUTE | USER)[m
[m[37m[1733835001.350124 0:5 ruxos_posix_api::imp::mmap::trap:90] [36mmapping_flags: MappingFlags(READ | WRITE | EXECUTE | USER)[m
[m[37m[1733835001.350420 0:5 ruxhal::arch::aarch64::trap:102] [36missue=0xf, vaddr=0x50000008aeb8, cause=INSTRUCTION[m
[m[37m[1733835001.350689 0:5 ruxos_posix_api::imp::mmap::trap:61] [36mPage Fault Happening, vaddr:0x50000008a000, casue:INSTRUCTION, map_flags:MappingFlags(READ | WRITE | EXECUTE | USER)[m
[m[37m[1733835001.351107 0:5 ruxos_posix_api::imp::mmap::trap:90] [36mmapping_flags: MappingFlags(READ | WRITE | EXECUTE | USER)[m
[m[37m[1733835001.351399 0:5 ruxhal::arch::aarch64::trap:102] [36missue=0xf, vaddr=0x50000008aeb8, cause=INSTRUCTION[m
[m[37m[1733835001.351666 0:5 ruxos_posix_api::imp::mmap::trap:61] [36mPage Fault Happening, vaddr:0x50000008a000, casue:INSTRUCTION, map_flags:MappingFlags(READ | WRITE | EXECUTE | USER)[m
[m[37m[1733835001.352082 0:5 ruxos_posix_api::imp::mmap::trap:90] [36mmapping_flags: MappingFlags(READ | WRITE | EXECUTE | USER)[m
[m[37m[1733835001.352379 0:5 ruxhal::arch::aarch64::trap:102] [36missue=0xf, vaddr=0x50000008aeb8, cause=INSTRUCTION[m
[m[37m[1733835001.352646 0:5 ruxos_posix_api::imp::mmap::trap:61] [36mPage Fault Happening, vaddr:0x50000008a000, casue:INSTRUCTION, map_flags:MappingFlags(READ | WRITE | EXECUTE | USER)[m
[m[37m[1733835001.353066 0:5 ruxos_posix_api::imp::mmap::trap:90] [36mmapping_flags: MappingFlags(READ | WRITE | EXECUTE | USER)[m
[m[37m[1733835001.353359 0:5 ruxhal::arch::aarch64::trap:102] [36missue=0xf, vaddr=0x50000008aeb8, cause=INSTRUCTION[m
[m[37m[1733835001.353626 0:5 ruxos_posix_api::imp::mmap::trap:61] [36mPage Fault Happening, vaddr:0x50000008a000, casue:INSTRUCTION, map_flags:MappingFlags(READ | WRITE | EXECUTE | USER)[m
[m[37m[1733835001.354042 0:5 ruxos_posix_api::imp::mmap::trap:90] [36mmapping_flags: MappingFlags(READ | WRITE | EXECUTE | USER)[m
[m[37m[1733835001.354335 0:5 ruxhal::arch::aarch64::trap:102] [36missue=0xf, vaddr=0x50000008aeb8, cause=INSTRUCTION[m
[m[37m[1733835001.354637 0:5 ruxos_posix_api::imp::mmap::trap:61] [36mPage Fault Happening, vaddr:0x50000008a000, casue:INSTRUCTION, map_flags:MappingFlags(READ | WRITE | EXECUTE | USER)[m
[m[37m[1733835001.355095 0:5 ruxos_posix_api::imp::mmap::trap:90] [36mmapping_flags: MappingFlags(READ | WRITE | EXECUTE | USER)[m
[m[37m[1733835001.355426 0:5 ruxhal::arch::aarch64::trap:102] [36missue=0xf, vaddr=0x50000008aeb8, cause=INSTRUCTION[m
[m[37m[1733835001.355717 0:5 ruxos_posix_api::imp::mmap::trap:61] [36mPage Fault Happening, vaddr:0x50000008a000, casue:INSTRUCTION, map_flags:MappingFlags(READ | WRITE | EXECUTE | USER)[m
[m[37m[1733835001.356134 0:5 ruxos_posix_api::imp::mmap::trap:90] [36mmapping_flags: MappingFlags(READ | WRITE | EXECUTE | USER)[m
[m[37m[1733835001.356429 0:5 ruxhal::arch::aarch64::trap:102] [36missue=0xf, vaddr=0x50000008aeb8, cause=INSTRUCTION[m
[m[37m[1733835001.356696 0:5 ruxos_posix_api::imp::mmap::trap:61] [36mPage Fault Happening, vaddr:0x50000008a000, casue:INSTRUCTION, map_flags:MappingFlags(READ | WRITE | EXECUTE | USER)[m
[m[37m[1733835001.357115 0:5 ruxos_posix_api::imp::mmap::trap:90] [36mmapping_flags: MappingFlags(READ | WRITE | EXECUTE | USER)[m
[m[37m[1733835001.357410 0:5 ruxhal::arch::aarch64::trap:102] [36missue=0xf, vaddr=0x50000008aeb8, cause=INSTRUCTION[m
[m[37m[1733835001.357679 0:5 ruxos_posix_api::imp::mmap::trap:61] [36mPage Fault Happening, vaddr:0x50000008a000, casue:INSTRUCTION, map_flags:MappingFlags(READ | WRITE | EXECUTE | USER)[m
[m[37m[1733835001.358095 0:5 ruxos_posix_api::imp::mmap::trap:90] [36mmapping_flags: MappingFlags(READ | WRITE | EXECUTE | USER)[m
[m[37m[1733835001.358390 0:5 ruxhal::arch::aarch64::trap:102] [36missue=0xf, vaddr=0x50000008aeb8, cause=INSTRUCTION[m
[m[37m[1733835001.358658 0:5 ruxos_posix_api::imp::mmap::trap:61] [36mPage Fault Happening, vaddr:0x50000008a000, casue:INSTRUCTION, map_flags:MappingFlags(READ | WRITE | EXECUTE | USER)[m
[m[37m[1733835001.359078 0:5 ruxos_posix_api::imp::mmap::trap:90] [36mmapping_flags: MappingFlags(READ | WRITE | EXECUTE | USER)[m
[m[37m[1733835001.359372 0:5 ruxhal::arch::aarch64::trap:102] [36missue=0xf, vaddr=0x50000008aeb8, cause=INSTRUCTION[m
[m[37m[1733835001.359640 0:5 ruxos_posix_api::imp::mmap::trap:61] [36mPage Fault Happening, vaddr:0x50000008a000, casue:INSTRUCTION, map_flags:MappingFlags(READ | WRITE | EXECUTE | USER)[m
[m[37m[1733835001.360057 0:5 ruxos_posix_api::imp::mmap::trap:90] [36mmapping_flags: MappingFlags(READ | WRITE | EXECUTE | USER)[m
[m[37m[1733835001.360351 0:5 ruxhal::arch::aarch64::trap:102] [36missue=0xf, vaddr=0x50000008aeb8, cause=INSTRUCTION[m
[m[37m[1733835001.360619 0:5 ruxos_posix_api::imp::mmap::trap:61] [36mPage Fault Happening, vaddr:0x50000008a000, casue:INSTRUCTION, map_flags:MappingFlags(READ | WRITE | EXECUTE | USER)[m
[m[37m[1733835001.361037 0:5 ruxos_posix_api::imp::mmap::trap:90] [36mmapping_flags: MappingFlags(READ | WRITE | EXECUTE | USER)[m
[m[37m[1733835001.361332 0:5 ruxhal::arch::aarch64::trap:102] [36missue=0xf, vaddr=0x50000008aeb8, cause=INSTRUCTION[m
[m[37m[1733835001.361600 0:5 ruxos_posix_api::imp::mmap::trap:61] [36mPage Fault Happening, vaddr:0x50000008a000, casue:INSTRUCTION, map_flags:MappingFlags(READ | WRITE | EXECUTE | USER)[m
[m[37m[1733835001.362020 0:5 ruxos_posix_api::imp::mmap::trap:90] [36mmapping_flags: MappingFlags(READ | WRITE | EXECUTE | USER)[m
[m[37m[1733835001.362318 0:5 ruxhal::arch::aarch64::trap:102] [36missue=0xf, vaddr=0x50000008aeb8, cause=INSTRUCTION[m
[m[37m[1733835001.362585 0:5 ruxos_posix_api::imp::mmap::trap:61] [36mPage Fault Happening, vaddr:0x50000008a000, casue:INSTRUCTION, map_flags:MappingFlags(READ | WRITE | EXECUTE | USER)[m
[m[37m[1733835001.363003 0:5 ruxos_posix_api::imp::mmap::trap:90] [36mmapping_flags: MappingFlags(READ | WRITE | EXECUTE | USER)[m
[m[37m[1733835001.363297 0:5 ruxhal::arch::aarch64::trap:102] [36missue=0xf, vaddr=0x50000008aeb8, cause=INSTRUCTION[m
[m[37m[1733835001.363565 0:5 ruxos_posix_api::imp::mmap::trap:61] [36mPage Fault Happening, vaddr:0x50000008a000, casue:INSTRUCTION, map_flags:MappingFlags(READ | WRITE | EXECUTE | USER)[m
[m[37m[1733835001.363982 0:5 ruxos_posix_api::imp::mmap::trap:90] [36mmapping_flags: MappingFlags(READ | WRITE | EXECUTE | USER)[m
[m[37m[1733835001.364276 0:5 ruxhal::arch::aarch64::trap:102] [36missue=0xf, vaddr=0x50000008aeb8, cause=INSTRUCTION[m
[m[37m[1733835001.364569 0:5 ruxos_posix_api::imp::mmap::trap:61] [36mPage Fault Happening, vaddr:0x50000008a000, casue:INSTRUCTION, map_flags:MappingFlags(READ | WRITE | EXECUTE | USER)[m
[m[37m[1733835001.365029 0:5 ruxos_posix_api::imp::mmap::trap:90] [36mmapping_flags: MappingFlags(READ | WRITE | EXECUTE | USER)[m
[m[37m[1733835001.365360 0:5 ruxhal::arch::aarch64::trap:102] [36missue=0xf, vaddr=0x50000008aeb8, cause=INSTRUCTION[m
[m[37m[1733835001.365645 0:5 ruxos_posix_api::imp::mmap::trap:61] [36mPage Fault Happening, vaddr:0x50000008a000, casue:INSTRUCTION, map_flags:MappingFlags(READ | WRITE | EXECUTE | USER)[m
[m[37m[1733835001.366063 0:5 ruxos_posix_api::imp::mmap::trap:90] [36mmapping_flags: MappingFlags(READ | WRITE | EXECUTE | USER)[m
[m[37m[1733835001.366357 0:5 ruxhal::arch::aarch64::trap:102] [36missue=0xf, vaddr=0x50000008aeb8, cause=INSTRUCTION[m
[m[37m[1733835001.366625 0:5 ruxos_posix_api::imp::mmap::trap:61] [36mPage Fault Happening, vaddr:0x50000008a000, casue:INSTRUCTION, map_flags:MappingFlags(READ | WRITE | EXECUTE | USER)[m
[m[37m[1733835001.367046 0:5 ruxos_posix_api::imp::mmap::trap:90] [36mmapping_flags: MappingFlags(READ | WRITE | EXECUTE | USER)[m
[m[37m[1733835001.367341 0:5 ruxhal::arch::aarch64::trap:102] [36missue=0xf, vaddr=0x50000008aeb8, cause=INSTRUCTION[m
[m[37m[1733835001.367609 0:5 ruxos_posix_api::imp::mmap::trap:61] [36mPage Fault Happening, vaddr:0x50000008a000, casue:INSTRUCTION, map_flags:MappingFlags(READ | WRITE | EXECUTE | USER)[m
[m[37m[1733835001.368028 0:5 ruxos_posix_api::imp::mmap::trap:90] [36mmapping_flags: MappingFlags(READ | WRITE | EXECUTE | USER)[m
[m[37m[1733835001.368323 0:5 ruxhal::arch::aarch64::trap:102] [36missue=0xf, vaddr=0x50000008aeb8, cause=INSTRUCTION[m
[m[37m[1733835001.368591 0:5 ruxos_posix_api::imp::mmap::trap:61] [36mPage Fault Happening, vaddr:0x50000008a000, casue:INSTRUCTION, map_flags:MappingFlags(READ | WRITE | EXECUTE | USER)[m
[m[37m[1733835001.369010 0:5 ruxos_posix_api::imp::mmap::trap:90] [36mmapping_flags: MappingFlags(READ | WRITE | EXECUTE | USER)[m
[m[37m[1733835001.369304 0:5 ruxhal::arch::aarch64::trap:102] [36missue=0xf, vaddr=0x50000008aeb8, cause=INSTRUCTION[m
[m[37m[1733835001.369572 0:5 ruxos_posix_api::imp::mmap::trap:61] [36mPage Fault Happening, vaddr:0x50000008a000, casue:INSTRUCTION, map_flags:MappingFlags(READ | WRITE | EXECUTE | USER)[m
[m[37m[1733835001.369992 0:5 ruxos_posix_api::imp::mmap::trap:90] [36mmapping_flags: MappingFlags(READ | WRITE | EXECUTE | USER)[m
[m[37m[1733835001.370286 0:5 ruxhal::arch::aarch64::trap:102] [36missue=0xf, vaddr=0x50000008aeb8, cause=INSTRUCTION[m
[m[37m[1733835001.370555 0:5 ruxos_posix_api::imp::mmap::trap:61] [36mPage Fault Happening, vaddr:0x50000008a000, casue:INSTRUCTION, map_flags:MappingFlags(READ | WRITE | EXECUTE | USER)[m
[m[37m[1733835001.370974 0:5 ruxos_posix_api::imp::mmap::trap:90] [36mmapping_flags: MappingFlags(READ | WRITE | EXECUTE | USER)[m
[m[37m[1733835001.371269 0:5 ruxhal::arch::aarch64::trap:102] [36missue=0xf, vaddr=0x50000008aeb8, cause=INSTRUCTION[m
[m[37m[1733835001.371537 0:5 ruxos_posix_api::imp::mmap::trap:61] [36mPage Fault Happening, vaddr:0x50000008a000, casue:INSTRUCTION, map_flags:MappingFlags(READ | WRITE | EXECUTE | USER)[m
[m[37m[1733835001.371955 0:5 ruxos_posix_api::imp::mmap::trap:90] [36mmapping_flags: MappingFlags(READ | WRITE | EXECUTE | USER)[m
[m[37m[1733835001.372252 0:5 ruxhal::arch::aarch64::trap:102] [36missue=0xf, vaddr=0x50000008aeb8, cause=INSTRUCTION[m
[m[37m[1733835001.372518 0:5 ruxos_posix_api::imp::mmap::trap:61] [36mPage Fault Happening, vaddr:0x50000008a000, casue:INSTRUCTION, map_flags:MappingFlags(READ | WRITE | EXECUTE | USER)[m
[m[37m[1733835001.372935 0:5 ruxos_posix_api::imp::mmap::trap:90] [36mmapping_flags: MappingFlags(READ | WRITE | EXECUTE | USER)[m
[m[37m[1733835001.373228 0:5 ruxhal::arch::aarch64::trap:102] [36missue=0xf, vaddr=0x50000008aeb8, cause=INSTRUCTION[m
[m[37m[1733835001.373498 0:5 ruxos_posix_api::imp::mmap::trap:61] [36mPage Fault Happening, vaddr:0x50000008a000, casue:INSTRUCTION, map_flags:MappingFlags(READ | WRITE | EXECUTE | USER)[m
[m[37m[1733835001.373916 0:5 ruxos_posix_api::imp::mmap::trap:90] [36mmapping_flags: MappingFlags(READ | WRITE | EXECUTE | USER)[m
[m[37m[1733835001.374211 0:5 ruxhal::arch::aarch64::trap:102] [36missue=0xf, vaddr=0x50000008aeb8, cause=INSTRUCTION[m
[m[37m[1733835001.374502 0:5 ruxos_posix_api::imp::mmap::trap:61] [36mPage Fault Happening, vaddr:0x50000008a000, casue:INSTRUCTION, map_flags:MappingFlags(READ | WRITE | EXECUTE | USER)[m
[m[37m[1733835001.374962 0:5 ruxos_posix_api::imp::mmap::trap:90] [36mmapping_flags: MappingFlags(READ | WRITE | EXECUTE | USER)[m
[m[37m[1733835001.375292 0:5 ruxhal::arch::aarch64::trap:102] [36missue=0xf, vaddr=0x50000008aeb8, cause=INSTRUCTION[m
[m[37m[1733835001.375578 0:5 ruxos_posix_api::imp::mmap::trap:61] [36mPage Fault Happening, vaddr:0x50000008a000, casue:INSTRUCTION, map_flags:MappingFlags(READ | WRITE | EXECUTE | USER)[m
[m[37m[1733835001.375997 0:5 ruxos_posix_api::imp::mmap::trap:90] [36mmapping_flags: MappingFlags(READ | WRITE | EXECUTE | USER)[m
[m[37m[1733835001.376292 0:5 ruxhal::arch::aarch64::trap:102] [36missue=0xf, vaddr=0x50000008aeb8, cause=INSTRUCTION[m
[m[37m[1733835001.376560 0:5 ruxos_posix_api::imp::mmap::trap:61] [36mPage Fault Happening, vaddr:0x50000008a000, casue:INSTRUCTION, map_flags:MappingFlags(READ | WRITE | EXECUTE | USER)[m
[m[37m[1733835001.376976 0:5 ruxos_posix_api::imp::mmap::trap:90] [36mmapping_flags: MappingFlags(READ | WRITE | EXECUTE | USER)[m
[m[37m[1733835001.377270 0:5 ruxhal::arch::aarch64::trap:102] [36missue=0xf, vaddr=0x50000008aeb8, cause=INSTRUCTION[m
[m[37m[1733835001.377537 0:5 ruxos_posix_api::imp::mmap::trap:61] [36mPage Fault Happening, vaddr:0x50000008a000, casue:INSTRUCTION, map_flags:MappingFlags(READ | WRITE | EXECUTE | USER)[m
[m[37m[1733835001.377955 0:5 ruxos_posix_api::imp::mmap::trap:90] [36mmapping_flags: MappingFlags(READ | WRITE | EXECUTE | USER)[m
[m[37m[1733835001.378249 0:5 ruxhal::arch::aarch64::trap:102] [36missue=0xf, vaddr=0x50000008aeb8, cause=INSTRUCTION[m
[m[37m[1733835001.378518 0:5 ruxos_posix_api::imp::mmap::trap:61] [36mPage Fault Happening, vaddr:0x50000008a000, casue:INSTRUCTION, map_flags:MappingFlags(READ | WRITE | EXECUTE | USER)[m
[m[37m[1733835001.378939 0:5 ruxos_posix_api::imp::mmap::trap:90] [36mmapping_flags: MappingFlags(READ | WRITE | EXECUTE | USER)[m
[m[37m[1733835001.379235 0:5 ruxhal::arch::aarch64::trap:102] [36missue=0xf, vaddr=0x50000008aeb8, cause=INSTRUCTION[m
[m[37m[1733835001.379503 0:5 ruxos_posix_api::imp::mmap::trap:61] [36mPage Fault Happening, vaddr:0x50000008a000, casue:INSTRUCTION, map_flags:MappingFlags(READ | WRITE | EXECUTE | USER)[m
[m[37m[1733835001.379921 0:5 ruxos_posix_api::imp::mmap::trap:90] [36mmapping_flags: MappingFlags(READ | WRITE | EXECUTE | USER)[m
[m[37m[1733835001.380218 0:5 ruxhal::arch::aarch64::trap:102] [36missue=0xf, vaddr=0x50000008aeb8, cause=INSTRUCTION[m
[m[37m[1733835001.380487 0:5 ruxos_posix_api::imp::mmap::trap:61] [36mPage Fault Happening, vaddr:0x50000008a000, casue:INSTRUCTION, map_flags:MappingFlags(READ | WRITE | EXECUTE | USER)[m
[m[37m[1733835001.380905 0:5 ruxos_posix_api::imp::mmap::trap:90] [36mmapping_flags: MappingFlags(READ | WRITE | EXECUTE | USER)[m
[m[37m[1733835001.381201 0:5 ruxhal::arch::aarch64::trap:102] [36missue=0xf, vaddr=0x50000008aeb8, cause=INSTRUCTION[m
[m[37m[1733835001.381470 0:5 ruxos_posix_api::imp::mmap::trap:61] [36mPage Fault Happening, vaddr:0x50000008a000, casue:INSTRUCTION, map_flags:MappingFlags(READ | WRITE | EXECUTE | USER)[m
[m[37m[1733835001.381889 0:5 ruxos_posix_api::imp::mmap::trap:90] [36mmapping_flags: MappingFlags(READ | WRITE | EXECUTE | USER)[m
[m[37m[1733835001.382198 0:5 ruxhal::arch::aarch64::trap:102] [36missue=0xf, vaddr=0x50000008aeb8, cause=INSTRUCTION[m
[m[37m[1733835001.382465 0:5 ruxos_posix_api::imp::mmap::trap:61] [36mPage Fault Happening, vaddr:0x50000008a000, casue:INSTRUCTION, map_flags:MappingFlags(READ | WRITE | EXECUTE | USER)[m
[m[37m[1733835001.382882 0:5 ruxos_posix_api::imp::mmap::trap:90] [36mmapping_flags: MappingFlags(READ | WRITE | EXECUTE | USER)[m
[m[37m[1733835001.383176 0:5 ruxhal::arch::aarch64::trap:102] [36missue=0xf, vaddr=0x50000008aeb8, cause=INSTRUCTION[m
[m[37m[1733835001.383444 0:5 ruxos_posix_api::imp::mmap::trap:61] [36mPage Fault Happening, vaddr:0x50000008a000, casue:INSTRUCTION, map_flags:MappingFlags(READ | WRITE | EXECUTE | USER)[m
[m[37m[1733835001.383880 0:5 ruxos_posix_api::imp::mmap::trap:90] [36mmapping_flags: MappingFlags(READ | WRITE | EXECUTE | USER)[m
[m[37m[1733835001.384177 0:5 ruxhal::arch::aarch64::trap:102] [36missue=0xf, vaddr=0x50000008aeb8, cause=INSTRUCTION[m
[m[37m[1733835001.384445 0:5 ruxos_posix_api::imp::mmap::trap:61] [36mPage Fault Happening, vaddr:0x50000008a000, casue:INSTRUCTION, map_flags:MappingFlags(READ | WRITE | EXECUTE | USER)[m
[m[37m[1733835001.384918 0:5 ruxos_posix_api::imp::mmap::trap:90] [36mmapping_flags: MappingFlags(READ | WRITE | EXECUTE | USER)[m
[m[37m[1733835001.385250 0:5 ruxhal::arch::aarch64::trap:102] [36missue=0xf, vaddr=0x50000008aeb8, cause=INSTRUCTION[m
[m[37m[1733835001.385528 0:5 ruxos_posix_api::imp::mmap::trap:61] [36mPage Fault Happening, vaddr:0x50000008a000, casue:INSTRUCTION, map_flags:MappingFlags(READ | WRITE | EXECUTE | USER)[m
[m[37m[1733835001.385944 0:5 ruxos_posix_api::imp::mmap::trap:90] [36mmapping_flags: MappingFlags(READ | WRITE | EXECUTE | USER)[m
[m[37m[1733835001.386240 0:5 ruxhal::arch::aarch64::trap:102] [36missue=0xf, vaddr=0x50000008aeb8, cause=INSTRUCTION[m
[m[37m[1733835001.386508 0:5 ruxos_posix_api::imp::mmap::trap:61] [36mPage Fault Happening, vaddr:0x50000008a000, casue:INSTRUCTION, map_flags:MappingFlags(READ | WRITE | EXECUTE | USER)[m
[m[37m[1733835001.386926 0:5 ruxos_posix_api::imp::mmap::trap:90] [36mmapping_flags: MappingFlags(READ | WRITE | EXECUTE | USER)[m
[m[37m[1733835001.387221 0:5 ruxhal::arch::aarch64::trap:102] [36missue=0xf, vaddr=0x50000008aeb8, cause=INSTRUCTION[m
[m[37m[1733835001.387489 0:5 ruxos_posix_api::imp::mmap::trap:61] [36mPage Fault Happening, vaddr:0x50000008a000, casue:INSTRUCTION, map_flags:MappingFlags(READ | WRITE | EXECUTE | USER)[m
[m[37m[1733835001.387907 0:5 ruxos_posix_api::imp::mmap::trap:90] [36mmapping_flags: MappingFlags(READ | WRITE | EXECUTE | USER)[m
[m[37m[1733835001.388202 0:5 ruxhal::arch::aarch64::trap:102] [36missue=0xf, vaddr=0x50000008aeb8, cause=INSTRUCTION[m
[m[37m[1733835001.388470 0:5 ruxos_posix_api::imp::mmap::trap:61] [36mPage Fault Happening, vaddr:0x50000008a000, casue:INSTRUCTION, map_flags:MappingFlags(READ | WRITE | EXECUTE | USER)[m
[m[37m[1733835001.388890 0:5 ruxos_posix_api::imp::mmap::trap:90] [36mmapping_flags: MappingFlags(READ | WRITE | EXECUTE | USER)[m
[m[37m[1733835001.389186 0:5 ruxhal::arch::aarch64::trap:102] [36missue=0xf, vaddr=0x50000008aeb8, cause=INSTRUCTION[m
[m[37m[1733835001.389455 0:5 ruxos_posix_api::imp::mmap::trap:61] [36mPage Fault Happening, vaddr:0x50000008a000, casue:INSTRUCTION, map_flags:MappingFlags(READ | WRITE | EXECUTE | USER)[m
[m[37m[1733835001.389873 0:5 ruxos_posix_api::imp::mmap::trap:90] [36mmapping_flags: MappingFlags(READ | WRITE | EXECUTE | USER)[m
[m[37m[1733835001.390168 0:5 ruxhal::arch::aarch64::trap:102] [36missue=0xf, vaddr=0x50000008aeb8, cause=INSTRUCTION[m
[m[37m[1733835001.390437 0:5 ruxos_posix_api::imp::mmap::trap:61] [36mPage Fault Happening, vaddr:0x50000008a000, casue:INSTRUCTION, map_flags:MappingFlags(READ | WRITE | EXECUTE | USER)[m
[m[37m[1733835001.390854 0:5 ruxos_posix_api::imp::mmap::trap:90] [36mmapping_flags: MappingFlags(READ | WRITE | EXECUTE | USER)[m
[m[37m[1733835001.391150 0:5 ruxhal::arch::aarch64::trap:102] [36missue=0xf, vaddr=0x50000008aeb8, cause=INSTRUCTION[m
[m[37m[1733835001.391419 0:5 ruxos_posix_api::imp::mmap::trap:61] [36mPage Fault Happening, vaddr:0x50000008a000, casue:INSTRUCTION, map_flags:MappingFlags(READ | WRITE | EXECUTE | USER)[m
[m[37m[1733835001.391838 0:5 ruxos_posix_api::imp::mmap::trap:90] [36mmapping_flags: MappingFlags(READ | WRITE | EXECUTE | USER)[m
[m[37m[1733835001.392135 0:5 ruxhal::arch::aarch64::trap:102] [36missue=0xf, vaddr=0x50000008aeb8, cause=INSTRUCTION[m
[m[37m[1733835001.392404 0:5 ruxos_posix_api::imp::mmap::trap:61] [36mPage Fault Happening, vaddr:0x50000008a000, casue:INSTRUCTION, map_flags:MappingFlags(READ | WRITE | EXECUTE | USER)[m
[m[37m[1733835001.392821 0:5 ruxos_posix_api::imp::mmap::trap:90] [36mmapping_flags: MappingFlags(READ | WRITE | EXECUTE | USER)[m
[m[37m[1733835001.393116 0:5 ruxhal::arch::aarch64::trap:102] [36missue=0xf, vaddr=0x50000008aeb8, cause=INSTRUCTION[m
[m[37m[1733835001.393384 0:5 ruxos_posix_api::imp::mmap::trap:61] [36mPage Fault Happening, vaddr:0x50000008a000, casue:INSTRUCTION, map_flags:MappingFlags(READ | WRITE | EXECUTE | USER)[m
[m[37m[1733835001.393801 0:5 ruxos_posix_api::imp::mmap::trap:90] [36mmapping_flags: MappingFlags(READ | WRITE | EXECUTE | USER)[m
[m[37m[1733835001.394095 0:5 ruxhal::arch::aarch64::trap:102] [36missue=0xf, vaddr=0x50000008aeb8, cause=INSTRUCTION[m
[m[37m[1733835001.394365 0:5 ruxos_posix_api::imp::mmap::trap:61] [36mPage Fault Happening, vaddr:0x50000008a000, casue:INSTRUCTION, map_flags:MappingFlags(READ | WRITE | EXECUTE | USER)[m
[m[37m[1733835001.394830 0:5 ruxos_posix_api::imp::mmap::trap:90] [36mmapping_flags: MappingFlags(READ | WRITE | EXECUTE | USER)[m
[m[37m[1733835001.395162 0:5 ruxhal::arch::aarch64::trap:102] [36missue=0xf, vaddr=0x50000008aeb8, cause=INSTRUCTION[m
[m[37m[1733835001.395444 0:5 ruxos_posix_api::imp::mmap::trap:61] [36mPage Fault Happening, vaddr:0x50000008a000, casue:INSTRUCTION, map_flags:MappingFlags(READ | WRITE | EXECUTE | USER)[m
[m[37m[1733835001.395866 0:5 ruxos_posix_api::imp::mmap::trap:90] [36mmapping_flags: MappingFlags(READ | WRITE | EXECUTE | USER)[m
[m[37m[1733835001.396161 0:5 ruxhal::arch::aarch64::trap:102] [36missue=0xf, vaddr=0x50000008aeb8, cause=INSTRUCTION[m
[m[37m[1733835001.396430 0:5 ruxos_posix_api::imp::mmap::trap:61] [36mPage Fault Happening, vaddr:0x50000008a000, casue:INSTRUCTION, map_flags:MappingFlags(READ | WRITE | EXECUTE | USER)[m
[m[37m[1733835001.396848 0:5 ruxos_posix_api::imp::mmap::trap:90] [36mmapping_flags: MappingFlags(READ | WRITE | EXECUTE | USER)[m
[m[37m[1733835001.397144 0:5 ruxhal::arch::aarch64::trap:102] [36missue=0xf, vaddr=0x50000008aeb8, cause=INSTRUCTION[m
[m[37m[1733835001.397412 0:5 ruxos_posix_api::imp::mmap::trap:61] [36mPage Fault Happening, vaddr:0x50000008a000, casue:INSTRUCTION, map_flags:MappingFlags(READ | WRITE | EXECUTE | USER)[m
[m[37m[1733835001.397830 0:5 ruxos_posix_api::imp::mmap::trap:90] [36mmapping_flags: MappingFlags(READ | WRITE | EXECUTE | USER)[m
[m[37m[1733835001.398126 0:5 ruxhal::arch::aarch64::trap:102] [36missue=0xf, vaddr=0x50000008aeb8, cause=INSTRUCTION[m
[m[37m[1733835001.398393 0:5 ruxos_posix_api::imp::mmap::trap:61] [36mPage Fault Happening, vaddr:0x50000008a000, casue:INSTRUCTION, map_flags:MappingFlags(READ | WRITE | EXECUTE | USER)[m
[m[37m[1733835001.398813 0:5 ruxos_posix_api::imp::mmap::trap:90] [36mmapping_flags: MappingFlags(READ | WRITE | EXECUTE | USER)[m
[m[37m[1733835001.399108 0:5 ruxhal::arch::aarch64::trap:102] [36missue=0xf, vaddr=0x50000008aeb8, cause=INSTRUCTION[m
[m[37m[1733835001.399376 0:5 ruxos_posix_api::imp::mmap::trap:61] [36mPage Fault Happening, vaddr:0x50000008a000, casue:INSTRUCTION, map_flags:MappingFlags(READ | WRITE | EXECUTE | USER)[m
[m[37m[1733835001.399792 0:5 ruxos_posix_api::imp::mmap::trap:90] [36mmapping_flags: MappingFlags(READ | WRITE | EXECUTE | USER)[m
[m[37m[1733835001.400087 0:5 ruxhal::arch::aarch64::trap:102] [36missue=0xf, vaddr=0x50000008aeb8, cause=INSTRUCTION[m
[m[37m[1733835001.400356 0:5 ruxos_posix_api::imp::mmap::trap:61] [36mPage Fault Happening, vaddr:0x50000008a000, casue:INSTRUCTION, map_flags:MappingFlags(READ | WRITE | EXECUTE | USER)[m
[m[37m[1733835001.400778 0:5 ruxos_posix_api::imp::mmap::trap:90] [36mmapping_flags: MappingFlags(READ | WRITE | EXECUTE | USER)[m
[m[37m[1733835001.401076 0:5 ruxhal::arch::aarch64::trap:102] [36missue=0xf, vaddr=0x50000008aeb8, cause=INSTRUCTION[m
[m[37m[1733835001.401344 0:5 ruxos_posix_api::imp::mmap::trap:61] [36mPage Fault Happening, vaddr:0x50000008a000, casue:INSTRUCTION, map_flags:MappingFlags(READ | WRITE | EXECUTE | USER)[m
[m[37m[1733835001.401760 0:5 ruxos_posix_api::imp::mmap::trap:90] [36mmapping_flags: MappingFlags(READ | WRITE | EXECUTE | USER)[m
[m[37m[1733835001.402055 0:5 ruxhal::arch::aarch64::trap:102] [36missue=0xf, vaddr=0x50000008aeb8, cause=INSTRUCTION[m
[m[37m[1733835001.402327 0:5 ruxos_posix_api::imp::mmap::trap:61] [36mPage Fault Happening, vaddr:0x50000008a000, casue:INSTRUCTION, map_flags:MappingFlags(READ | WRITE | EXECUTE | USER)[m
[m[37m[1733835001.402743 0:5 ruxos_posix_api::imp::mmap::trap:90] [36mmapping_flags: MappingFlags(READ | WRITE | EXECUTE | USER)[m
[m[37m[1733835001.403038 0:5 ruxhal::arch::aarch64::trap:102] [36missue=0xf, vaddr=0x50000008aeb8, cause=INSTRUCTION[m
[m[37m[1733835001.403306 0:5 ruxos_posix_api::imp::mmap::trap:61] [36mPage Fault Happening, vaddr:0x50000008a000, casue:INSTRUCTION, map_flags:MappingFlags(READ | WRITE | EXECUTE | USER)[m
[m[37m[1733835001.403722 0:5 ruxos_posix_api::imp::mmap::trap:90] [36mmapping_flags: MappingFlags(READ | WRITE | EXECUTE | USER)[m
[m[37m[1733835001.404017 0:5 ruxhal::arch::aarch64::trap:102] [36missue=0xf, vaddr=0x50000008aeb8, cause=INSTRUCTION[m
[m[37m[1733835001.404285 0:5 ruxos_posix_api::imp::mmap::trap:61] [36mPage Fault Happening, vaddr:0x50000008a000, casue:INSTRUCTION, map_flags:MappingFlags(READ | WRITE | EXECUTE | USER)[m
[m[37m[1733835001.404736 0:5 ruxos_posix_api::imp::mmap::trap:90] [36mmapping_flags: MappingFlags(READ | WRITE | EXECUTE | USER)[m
[m[37m[1733835001.405068 0:5 ruxhal::arch::aarch64::trap:102] [36missue=0xf, vaddr=0x50000008aeb8, cause=INSTRUCTION[m
[m[37m[1733835001.405353 0:5 ruxos_posix_api::imp::mmap::trap:61] [36mPage Fault Happening, vaddr:0x50000008a000, casue:INSTRUCTION, map_flags:MappingFlags(READ | WRITE | EXECUTE | USER)[m
[m[37m[1733835001.405773 0:5 ruxos_posix_api::imp::mmap::trap:90] [36mmapping_flags: MappingFlags(READ | WRITE | EXECUTE | USER)[m
[m[37m[1733835001.406069 0:5 ruxhal::arch::aarch64::trap:102] [36missue=0xf, vaddr=0x50000008aeb8, cause=INSTRUCTION[m
[m[37m[1733835001.406338 0:5 ruxos_posix_api::imp::mmap::trap:61] [36mPage Fault Happening, vaddr:0x50000008a000, casue:INSTRUCTION, map_flags:MappingFlags(READ | WRITE | EXECUTE | USER)[m
[m[37m[1733835001.406755 0:5 ruxos_posix_api::imp::mmap::trap:90] [36mmapping_flags: MappingFlags(READ | WRITE | EXECUTE | USER)[m
[m[37m[1733835001.407052 0:5 ruxhal::arch::aarch64::trap:102] [36missue=0xf, vaddr=0x50000008aeb8, cause=INSTRUCTION[m
[m[37m[1733835001.407319 0:5 ruxos_posix_api::imp::mmap::trap:61] [36mPage Fault Happening, vaddr:0x50000008a000, casue:INSTRUCTION, map_flags:MappingFlags(READ | WRITE | EXECUTE | USER)[m
[m[37m[1733835001.407736 0:5 ruxos_posix_api::imp::mmap::trap:90] [36mmapping_flags: MappingFlags(READ | WRITE | EXECUTE | USER)[m
[m[37m[1733835001.408031 0:5 ruxhal::arch::aarch64::trap:102] [36missue=0xf, vaddr=0x50000008aeb8, cause=INSTRUCTION[m
[m[37m[1733835001.408299 0:5 ruxos_posix_api::imp::mmap::trap:61] [36mPage Fault Happening, vaddr:0x50000008a000, casue:INSTRUCTION, map_flags:MappingFlags(READ | WRITE | EXECUTE | USER)[m
[m[37m[1733835001.408718 0:5 ruxos_posix_api::imp::mmap::trap:90] [36mmapping_flags: MappingFlags(READ | WRITE | EXECUTE | USER)[m
[m[37m[1733835001.409016 0:5 ruxhal::arch::aarch64::trap:102] [36missue=0xf, vaddr=0x50000008aeb8, cause=INSTRUCTION[m
[m[37m[1733835001.409283 0:5 ruxos_posix_api::imp::mmap::trap:61] [36mPage Fault Happening, vaddr:0x50000008a000, casue:INSTRUCTION, map_flags:MappingFlags(READ | WRITE | EXECUTE | USER)[m
[m[37m[1733835001.409701 0:5 ruxos_posix_api::imp::mmap::trap:90] [36mmapping_flags: MappingFlags(READ | WRITE | EXECUTE | USER)[m
[m[37m[1733835001.409995 0:5 ruxhal::arch::aarch64::trap:102] [36missue=0xf, vaddr=0x50000008aeb8, cause=INSTRUCTION[m
[m[37m[1733835001.410262 0:5 ruxos_posix_api::imp::mmap::trap:61] [36mPage Fault Happening, vaddr:0x50000008a000, casue:INSTRUCTION, map_flags:MappingFlags(READ | WRITE | EXECUTE | USER)[m
[m[37m[1733835001.410678 0:5 ruxos_posix_api::imp::mmap::trap:90] [36mmapping_flags: MappingFlags(READ | WRITE | EXECUTE | USER)[m
[m[37m[1733835001.410971 0:5 ruxhal::arch::aarch64::trap:102] [36missue=0xf, vaddr=0x50000008aeb8, cause=INSTRUCTION[m
[m[37m[1733835001.411239 0:5 ruxos_posix_api::imp::mmap::trap:61] [36mPage Fault Happening, vaddr:0x50000008a000, casue:INSTRUCTION, map_flags:MappingFlags(READ | WRITE | EXECUTE | USER)[m
[m[37m[1733835001.411655 0:5 ruxos_posix_api::imp::mmap::trap:90] [36mmapping_flags: MappingFlags(READ | WRITE | EXECUTE | USER)[m
[m[37m[1733835001.411951 0:5 ruxhal::arch::aarch64::trap:102] [36missue=0xf, vaddr=0x50000008aeb8, cause=INSTRUCTION[m
[m[37m[1733835001.412221 0:5 ruxos_posix_api::imp::mmap::trap:61] [36mPage Fault Happening, vaddr:0x50000008a000, casue:INSTRUCTION, map_flags:MappingFlags(READ | WRITE | EXECUTE | USER)[m
[m[37m[1733835001.412639 0:5 ruxos_posix_api::imp::mmap::trap:90] [36mmapping_flags: MappingFlags(READ | WRITE | EXECUTE | USER)[m
[m[37m[1733835001.412935 0:5 ruxhal::arch::aarch64::trap:102] [36missue=0xf, vaddr=0x50000008aeb8, cause=INSTRUCTION[m
[m[37m[1733835001.413205 0:5 ruxos_posix_api::imp::mmap::trap:61] [36mPage Fault Happening, vaddr:0x50000008a000, casue:INSTRUCTION, map_flags:MappingFlags(READ | WRITE | EXECUTE | USER)[m
[m[37m[1733835001.413622 0:5 ruxos_posix_api::imp::mmap::trap:90] [36mmapping_flags: MappingFlags(READ | WRITE | EXECUTE | USER)[m
[m[37m[1733835001.413916 0:5 ruxhal::arch::aarch64::trap:102] [36missue=0xf, vaddr=0x50000008aeb8, cause=INSTRUCTION[m
[m[37m[1733835001.414185 0:5 ruxos_posix_api::imp::mmap::trap:61] [36mPage Fault Happening, vaddr:0x50000008a000, casue:INSTRUCTION, map_flags:MappingFlags(READ | WRITE | EXECUTE | USER)[m
[m[37m[1733835001.414636 0:5 ruxos_posix_api::imp::mmap::trap:90] [36mmapping_flags: MappingFlags(READ | WRITE | EXECUTE | USER)[m
[m[37m[1733835001.414967 0:5 ruxhal::arch::aarch64::trap:102] [36missue=0xf, vaddr=0x50000008aeb8, cause=INSTRUCTION[m
[m[37m[1733835001.415255 0:5 ruxos_posix_api::imp::mmap::trap:61] [36mPage Fault Happening, vaddr:0x50000008a000, casue:INSTRUCTION, map_flags:MappingFlags(READ | WRITE | EXECUTE | USER)[m
[m[37m[1733835001.415674 0:5 ruxos_posix_api::imp::mmap::trap:90] [36mmapping_flags: MappingFlags(READ | WRITE | EXECUTE | USER)[m
[m[37m[1733835001.415970 0:5 ruxhal::arch::aarch64::trap:102] [36missue=0xf, vaddr=0x50000008aeb8, cause=INSTRUCTION[m
[m[37m[1733835001.416237 0:5 ruxos_posix_api::imp::mmap::trap:61] [36mPage Fault Happening, vaddr:0x50000008a000, casue:INSTRUCTION, map_flags:MappingFlags(READ | WRITE | EXECUTE | USER)[m
[m[37m[1733835001.416654 0:5 ruxos_posix_api::imp::mmap::trap:90] [36mmapping_flags: MappingFlags(READ | WRITE | EXECUTE | USER)[m
[m[37m[1733835001.416954 0:5 ruxhal::arch::aarch64::trap:102] [36missue=0xf, vaddr=0x50000008aeb8, cause=INSTRUCTION[m
[m[37m[1733835001.417224 0:5 ruxos_posix_api::imp::mmap::trap:61] [36mPage Fault Happening, vaddr:0x50000008a000, casue:INSTRUCTION, map_flags:MappingFlags(READ | WRITE | EXECUTE | USER)[m
[m[37m[1733835001.417641 0:5 ruxos_posix_api::imp::mmap::trap:90] [36mmapping_flags: MappingFlags(READ | WRITE | EXECUTE | USER)[m
[m[37m[1733835001.417938 0:5 ruxhal::arch::aarch64::trap:102] [36missue=0xf, vaddr=0x50000008aeb8, cause=INSTRUCTION[m
[m[37m[1733835001.418207 0:5 ruxos_posix_api::imp::mmap::trap:61] [36mPage Fault Happening, vaddr:0x50000008a000, casue:INSTRUCTION, map_flags:MappingFlags(READ | WRITE | EXECUTE | USER)[m
[m[37m[1733835001.418622 0:5 ruxos_posix_api::imp::mmap::trap:90] [36mmapping_flags: MappingFlags(READ | WRITE | EXECUTE | USER)[m
[m[37m[1733835001.418920 0:5 ruxhal::arch::aarch64::trap:102] [36missue=0xf, vaddr=0x50000008aeb8, cause=INSTRUCTION[m
[m[37m[1733835001.419186 0:5 ruxos_posix_api::imp::mmap::trap:61] [36mPage Fault Happening, vaddr:0x50000008a000, casue:INSTRUCTION, map_flags:MappingFlags(READ | WRITE | EXECUTE | USER)[m
[m[37m[1733835001.419602 0:5 ruxos_posix_api::imp::mmap::trap:90] [36mmapping_flags: MappingFlags(READ | WRITE | EXECUTE | USER)[m
[m[37m[1733835001.419896 0:5 ruxhal::arch::aarch64::trap:102] [36missue=0xf, vaddr=0x50000008aeb8, cause=INSTRUCTION[m
[m[37m[1733835001.420164 0:5 ruxos_posix_api::imp::mmap::trap:61] [36mPage Fault Happening, vaddr:0x50000008a000, casue:INSTRUCTION, map_flags:MappingFlags(READ | WRITE | EXECUTE | USER)[m
[m[37m[1733835001.420581 0:5 ruxos_posix_api::imp::mmap::trap:90] [36mmapping_flags: MappingFlags(READ | WRITE | EXECUTE | USER)[m
[m[37m[1733835001.420876 0:5 ruxhal::arch::aarch64::trap:102] [36missue=0xf, vaddr=0x50000008aeb8, cause=INSTRUCTION[m
[m[37m[1733835001.421144 0:5 ruxos_posix_api::imp::mmap::trap:61] [36mPage Fault Happening, vaddr:0x50000008a000, casue:INSTRUCTION, map_flags:MappingFlags(READ | WRITE | EXECUTE | USER)[m
[m[37m[1733835001.421560 0:5 ruxos_posix_api::imp::mmap::trap:90] [36mmapping_flags: MappingFlags(READ | WRITE | EXECUTE | USER)[m
[m[37m[1733835001.421855 0:5 ruxhal::arch::aarch64::trap:102] [36missue=0xf, vaddr=0x50000008aeb8, cause=INSTRUCTION[m
[m[37m[1733835001.422125 0:5 ruxos_posix_api::imp::mmap::trap:61] [36mPage Fault Happening, vaddr:0x50000008a000, casue:INSTRUCTION, map_flags:MappingFlags(READ | WRITE | EXECUTE | USER)[m
[m[37m[1733835001.422546 0:5 ruxos_posix_api::imp::mmap::trap:90] [36mmapping_flags: MappingFlags(READ | WRITE | EXECUTE | USER)[m
[m[37m[1733835001.422840 0:5 ruxhal::arch::aarch64::trap:102] [36missue=0xf, vaddr=0x50000008aeb8, cause=INSTRUCTION[m
[m[37m[1733835001.423110 0:5 ruxos_posix_api::imp::mmap::trap:61] [36mPage Fault Happening, vaddr:0x50000008a000, casue:INSTRUCTION, map_flags:MappingFlags(READ | WRITE | EXECUTE | USER)[m
[m[37m[1733835001.423526 0:5 ruxos_posix_api::imp::mmap::trap:90] [36mmapping_flags: MappingFlags(READ | WRITE | EXECUTE | USER)[m
[m[37m[1733835001.423821 0:5 ruxhal::arch::aarch64::trap:102] [36missue=0xf, vaddr=0x50000008aeb8, cause=INSTRUCTION[m
[m[37m[1733835001.424090 0:5 ruxos_posix_api::imp::mmap::trap:61] [36mPage Fault Happening, vaddr:0x50000008a000, casue:INSTRUCTION, map_flags:MappingFlags(READ | WRITE | EXECUTE | USER)[m
[m[37m[1733835001.424536 0:5 ruxos_posix_api::imp::mmap::trap:90] [36mmapping_flags: MappingFlags(READ | WRITE | EXECUTE | USER)[m
[m[37m[1733835001.424869 0:5 ruxhal::arch::aarch64::trap:102] [36missue=0xf, vaddr=0x50000008aeb8, cause=INSTRUCTION[m
[m[37m[1733835001.425153 0:5 ruxos_posix_api::imp::mmap::trap:61] [36mPage Fault Happening, vaddr:0x50000008a000, casue:INSTRUCTION, map_flags:MappingFlags(READ | WRITE | EXECUTE | USER)[m
[m[37m[1733835001.425573 0:5 ruxos_posix_api::imp::mmap::trap:90] [36mmapping_flags: MappingFlags(READ | WRITE | EXECUTE | USER)[m
[m[37m[1733835001.425868 0:5 ruxhal::arch::aarch64::trap:102] [36missue=0xf, vaddr=0x50000008aeb8, cause=INSTRUCTION[m
[m[37m[1733835001.426135 0:5 ruxos_posix_api::imp::mmap::trap:61] [36mPage Fault Happening, vaddr:0x50000008a000, casue:INSTRUCTION, map_flags:MappingFlags(READ | WRITE | EXECUTE | USER)[m
[m[37m[1733835001.426553 0:5 ruxos_posix_api::imp::mmap::trap:90] [36mmapping_flags: MappingFlags(READ | WRITE | EXECUTE | USER)[m
[m[37m[1733835001.426847 0:5 ruxhal::arch::aarch64::trap:102] [36missue=0xf, vaddr=0x50000008aeb8, cause=INSTRUCTION[m
[m[37m[1733835001.427115 0:5 ruxos_posix_api::imp::mmap::trap:61] [36mPage Fault Happening, vaddr:0x50000008a000, casue:INSTRUCTION, map_flags:MappingFlags(READ | WRITE | EXECUTE | USER)[m
[m[37m[1733835001.427530 0:5 ruxos_posix_api::imp::mmap::trap:90] [36mmapping_flags: MappingFlags(READ | WRITE | EXECUTE | USER)[m
[m[37m[1733835001.427825 0:5 ruxhal::arch::aarch64::trap:102] [36missue=0xf, vaddr=0x50000008aeb8, cause=INSTRUCTION[m
[m[37m[1733835001.428094 0:5 ruxos_posix_api::imp::mmap::trap:61] [36mPage Fault Happening, vaddr:0x50000008a000, casue:INSTRUCTION, map_flags:MappingFlags(READ | WRITE | EXECUTE | USER)[m
[m[37m[1733835001.428512 0:5 ruxos_posix_api::imp::mmap::trap:90] [36mmapping_flags: MappingFlags(READ | WRITE | EXECUTE | USER)[m
[m[37m[1733835001.428810 0:5 ruxhal::arch::aarch64::trap:102] [36missue=0xf, vaddr=0x50000008aeb8, cause=INSTRUCTION[m
[m[37m[1733835001.429077 0:5 ruxos_posix_api::imp::mmap::trap:61] [36mPage Fault Happening, vaddr:0x50000008a000, casue:INSTRUCTION, map_flags:MappingFlags(READ | WRITE | EXECUTE | USER)[m
[m[37m[1733835001.429494 0:5 ruxos_posix_api::imp::mmap::trap:90] [36mmapping_flags: MappingFlags(READ | WRITE | EXECUTE | USER)[m
[m[37m[1733835001.429789 0:5 ruxhal::arch::aarch64::trap:102] [36missue=0xf, vaddr=0x50000008aeb8, cause=INSTRUCTION[m
[m[37m[1733835001.430057 0:5 ruxos_posix_api::imp::mmap::trap:61] [36mPage Fault Happening, vaddr:0x50000008a000, casue:INSTRUCTION, map_flags:MappingFlags(READ | WRITE | EXECUTE | USER)[m
[m[37m[1733835001.430474 0:5 ruxos_posix_api::imp::mmap::trap:90] [36mmapping_flags: MappingFlags(READ | WRITE | EXECUTE | USER)[m
[m[37m[1733835001.430769 0:5 ruxhal::arch::aarch64::trap:102] [36missue=0xf, vaddr=0x50000008aeb8, cause=INSTRUCTION[m
[m[37m[1733835001.431037 0:5 ruxos_posix_api::imp::mmap::trap:61] [36mPage Fault Happening, vaddr:0x50000008a000, casue:INSTRUCTION, map_flags:MappingFlags(READ | WRITE | EXECUTE | USER)[m
[m[37m[1733835001.431455 0:5 ruxos_posix_api::imp::mmap::trap:90] [36mmapping_flags: MappingFlags(READ | WRITE | EXECUTE | USER)[m
[m[37m[1733835001.431750 0:5 ruxhal::arch::aarch64::trap:102] [36missue=0xf, vaddr=0x50000008aeb8, cause=INSTRUCTION[m
[m[37m[1733835001.432018 0:5 ruxos_posix_api::imp::mmap::trap:61] [36mPage Fault Happening, vaddr:0x50000008a000, casue:INSTRUCTION, map_flags:MappingFlags(READ | WRITE | EXECUTE | USER)[m
[m[37m[1733835001.432437 0:5 ruxos_posix_api::imp::mmap::trap:90] [36mmapping_flags: MappingFlags(READ | WRITE | EXECUTE | USER)[m
[m[37m[1733835001.432733 0:5 ruxhal::arch::aarch64::trap:102] [36missue=0xf, vaddr=0x50000008aeb8, cause=INSTRUCTION[m
[m[37m[1733835001.433002 0:5 ruxos_posix_api::imp::mmap::trap:61] [36mPage Fault Happening, vaddr:0x50000008a000, casue:INSTRUCTION, map_flags:MappingFlags(READ | WRITE | EXECUTE | USER)[m
[m[37m[1733835001.433422 0:5 ruxos_posix_api::imp::mmap::trap:90] [36mmapping_flags: MappingFlags(READ | WRITE | EXECUTE | USER)[m
[m[37m[1733835001.433720 0:5 ruxhal::arch::aarch64::trap:102] [36missue=0xf, vaddr=0x50000008aeb8, cause=INSTRUCTION[m
[m[37m[1733835001.433990 0:5 ruxos_posix_api::imp::mmap::trap:61] [36mPage Fault Happening, vaddr:0x50000008a000, casue:INSTRUCTION, map_flags:MappingFlags(READ | WRITE | EXECUTE | USER)[m
[m[37m[1733835001.434407 0:5 ruxos_posix_api::imp::mmap::trap:90] [36mmapping_flags: MappingFlags(READ | WRITE | EXECUTE | USER)[m
[m[37m[1733835001.434752 0:5 ruxhal::arch::aarch64::trap:102] [36missue=0xf, vaddr=0x50000008aeb8, cause=INSTRUCTION[m
[m[37m[1733835001.435019 0:5 ruxos_posix_api::imp::mmap::trap:61] [36mPage Fault Happening, vaddr:0x50000008a000, casue:INSTRUCTION, map_flags:MappingFlags(READ | WRITE | EXECUTE | USER)[m
[m[37m[1733835001.435435 0:5 ruxos_posix_api::imp::mmap::trap:90] [36mmapping_flags: MappingFlags(READ | WRITE | EXECUTE | USER)[m
[m[37m[1733835001.435732 0:5 ruxhal::arch::aarch64::trap:102] [36missue=0xf, vaddr=0x50000008aeb8, cause=INSTRUCTION[m
[m[37m[1733835001.436001 0:5 ruxos_posix_api::imp::mmap::trap:61] [36mPage Fault Happening, vaddr:0x50000008a000, casue:INSTRUCTION, map_flags:MappingFlags(READ | WRITE | EXECUTE | USER)[m
[m[37m[1733835001.436418 0:5 ruxos_posix_api::imp::mmap::trap:90] [36mmapping_flags: MappingFlags(READ | WRITE | EXECUTE | USER)[m
[m[37m[1733835001.436713 0:5 ruxhal::arch::aarch64::trap:102] [36missue=0xf, vaddr=0x50000008aeb8, cause=INSTRUCTION[m
[m[37m[1733835001.436981 0:5 ruxos_posix_api::imp::mmap::trap:61] [36mPage Fault Happening, vaddr:0x50000008a000, casue:INSTRUCTION, map_flags:MappingFlags(READ | WRITE | EXECUTE | USER)[m
[m[37m[1733835001.437399 0:5 ruxos_posix_api::imp::mmap::trap:90] [36mmapping_flags: MappingFlags(READ | WRITE | EXECUTE | USER)[m
[m[37m[1733835001.437693 0:5 ruxhal::arch::aarch64::trap:102] [36missue=0xf, vaddr=0x50000008aeb8, cause=INSTRUCTION[m
[m[37m[1733835001.437962 0:5 ruxos_posix_api::imp::mmap::trap:61] [36mPage Fault Happening, vaddr:0x50000008a000, casue:INSTRUCTION, map_flags:MappingFlags(READ | WRITE | EXECUTE | USER)[m
[m[37m[1733835001.438380 0:5 ruxos_posix_api::imp::mmap::trap:90] [36mmapping_flags: MappingFlags(READ | WRITE | EXECUTE | USER)[m
[m[37m[1733835001.438674 0:5 ruxhal::arch::aarch64::trap:102] [36missue=0xf, vaddr=0x50000008aeb8, cause=INSTRUCTION[m
[m[37m[1733835001.438945 0:5 ruxos_posix_api::imp::mmap::trap:61] [36mPage Fault Happening, vaddr:0x50000008a000, casue:INSTRUCTION, map_flags:MappingFlags(READ | WRITE | EXECUTE | USER)[m
[m[37m[1733835001.439363 0:5 ruxos_posix_api::imp::mmap::trap:90] [36mmapping_flags: MappingFlags(READ | WRITE | EXECUTE | USER)[m
[m[37m[1733835001.439659 0:5 ruxhal::arch::aarch64::trap:102] [36missue=0xf, vaddr=0x50000008aeb8, cause=INSTRUCTION[m
[m[37m[1733835001.439926 0:5 ruxos_posix_api::imp::mmap::trap:61] [36mPage Fault Happening, vaddr:0x50000008a000, casue:INSTRUCTION, map_flags:MappingFlags(READ | WRITE | EXECUTE | USER)[m
[m[37m[1733835001.440344 0:5 ruxos_posix_api::imp::mmap::trap:90] [36mmapping_flags: MappingFlags(READ | WRITE | EXECUTE | USER)[m
[m[37m[1733835001.440640 0:5 ruxhal::arch::aarch64::trap:102] [36missue=0xf, vaddr=0x50000008aeb8, cause=INSTRUCTION[m
[m[37m[1733835001.440908 0:5 ruxos_posix_api::imp::mmap::trap:61] [36mPage Fault Happening, vaddr:0x50000008a000, casue:INSTRUCTION, map_flags:MappingFlags(READ | WRITE | EXECUTE | USER)[m
[m[37m[1733835001.441324 0:5 ruxos_posix_api::imp::mmap::trap:90] [36mmapping_flags: MappingFlags(READ | WRITE | EXECUTE | USER)[m
[m[37m[1733835001.441619 0:5 ruxhal::arch::aarch64::trap:102] [36missue=0xf, vaddr=0x50000008aeb8, cause=INSTRUCTION[m
[m[37m[1733835001.441887 0:5 ruxos_posix_api::imp::mmap::trap:61] [36mPage Fault Happening, vaddr:0x50000008a000, casue:INSTRUCTION, map_flags:MappingFlags(READ | WRITE | EXECUTE | USER)[m
[m[37m[1733835001.442307 0:5 ruxos_posix_api::imp::mmap::trap:90] [36mmapping_flags: MappingFlags(READ | WRITE | EXECUTE | USER)[m
[m[37m[1733835001.442604 0:5 ruxhal::arch::aarch64::trap:102] [36missue=0xf, vaddr=0x50000008aeb8, cause=INSTRUCTION[m
[m[37m[1733835001.442872 0:5 ruxos_posix_api::imp::mmap::trap:61] [36mPage Fault Happening, vaddr:0x50000008a000, casue:INSTRUCTION, map_flags:MappingFlags(READ | WRITE | EXECUTE | USER)[m
[m[37m[1733835001.443289 0:5 ruxos_posix_api::imp::mmap::trap:90] [36mmapping_flags: MappingFlags(READ | WRITE | EXECUTE | USER)[m
[m[37m[1733835001.443585 0:5 ruxhal::arch::aarch64::trap:102] [36missue=0xf, vaddr=0x50000008aeb8, cause=INSTRUCTION[m
[m[37m[1733835001.443853 0:5 ruxos_posix_api::imp::mmap::trap:61] [36mPage Fault Happening, vaddr:0x50000008a000, casue:INSTRUCTION, map_flags:MappingFlags(READ | WRITE | EXECUTE | USER)[m
[m[37m[1733835001.444270 0:5 ruxos_posix_api::imp::mmap::trap:90] [36mmapping_flags: MappingFlags(READ | WRITE | EXECUTE | USER)[m
[m[37m[1733835001.444606 0:5 ruxhal::arch::aarch64::trap:102] [36missue=0xf, vaddr=0x50000008aeb8, cause=INSTRUCTION[m
[m[37m[1733835001.444875 0:5 ruxos_posix_api::imp::mmap::trap:61] [36mPage Fault Happening, vaddr:0x50000008a000, casue:INSTRUCTION, map_flags:MappingFlags(READ | WRITE | EXECUTE | USER)[m
[m[37m[1733835001.445292 0:5 ruxos_posix_api::imp::mmap::trap:90] [36mmapping_flags: MappingFlags(READ | WRITE | EXECUTE | USER)[m
[m[37m[1733835001.445589 0:5 ruxhal::arch::aarch64::trap:102] [36missue=0xf, vaddr=0x50000008aeb8, cause=INSTRUCTION[m
[m[37m[1733835001.445857 0:5 ruxos_posix_api::imp::mmap::trap:61] [36mPage Fault Happening, vaddr:0x50000008a000, casue:INSTRUCTION, map_flags:MappingFlags(READ | WRITE | EXECUTE | USER)[m
[m[37m[1733835001.446273 0:5 ruxos_posix_api::imp::mmap::trap:90] [36mmapping_flags: MappingFlags(READ | WRITE | EXECUTE | USER)[m
[m[37m[1733835001.446570 0:5 ruxhal::arch::aarch64::trap:102] [36missue=0xf, vaddr=0x50000008aeb8, cause=INSTRUCTION[m
[m[37m[1733835001.446838 0:5 ruxos_posix_api::imp::mmap::trap:61] [36mPage Fault Happening, vaddr:0x50000008a000, casue:INSTRUCTION, map_flags:MappingFlags(READ | WRITE | EXECUTE | USER)[m
[m[37m[1733835001.447254 0:5 ruxos_posix_api::imp::mmap::trap:90] [36mmapping_flags: MappingFlags(READ | WRITE | EXECUTE | USER)[m
[m[37m[1733835001.447549 0:5 ruxhal::arch::aarch64::trap:102] [36missue=0xf, vaddr=0x50000008aeb8, cause=INSTRUCTION[m
[m[37m[1733835001.447816 0:5 ruxos_posix_api::imp::mmap::trap:61] [36mPage Fault Happening, vaddr:0x50000008a000, casue:INSTRUCTION, map_flags:MappingFlags(READ | WRITE | EXECUTE | USER)[m
[m[37m[1733835001.448235 0:5 ruxos_posix_api::imp::mmap::trap:90] [36mmapping_flags: MappingFlags(READ | WRITE | EXECUTE | USER)[m
[m[37m[1733835001.448530 0:5 ruxhal::arch::aarch64::trap:102] [36missue=0xf, vaddr=0x50000008aeb8, cause=INSTRUCTION[m
[m[37m[1733835001.448801 0:5 ruxos_posix_api::imp::mmap::trap:61] [36mPage Fault Happening, vaddr:0x50000008a000, casue:INSTRUCTION, map_flags:MappingFlags(READ | WRITE | EXECUTE | USER)[m
[m[37m[1733835001.449217 0:5 ruxos_posix_api::imp::mmap::trap:90] [36mmapping_flags: MappingFlags(READ | WRITE | EXECUTE | USER)[m
[m[37m[1733835001.449511 0:5 ruxhal::arch::aarch64::trap:102] [36missue=0xf, vaddr=0x50000008aeb8, cause=INSTRUCTION[m
[m[37m[1733835001.449780 0:5 ruxos_posix_api::imp::mmap::trap:61] [36mPage Fault Happening, vaddr:0x50000008a000, casue:INSTRUCTION, map_flags:MappingFlags(READ | WRITE | EXECUTE | USER)[m
[m[37m[1733835001.450197 0:5 ruxos_posix_api::imp::mmap::trap:90] [36mmapping_flags: MappingFlags(READ | WRITE | EXECUTE | USER)[m
[m[37m[1733835001.450497 0:5 ruxhal::arch::aarch64::trap:102] [36missue=0xf, vaddr=0x50000008aeb8, cause=INSTRUCTION[m
[m[37m[1733835001.450768 0:5 ruxos_posix_api::imp::mmap::trap:61] [36mPage Fault Happening, vaddr:0x50000008a000, casue:INSTRUCTION, map_flags:MappingFlags(READ | WRITE | EXECUTE | USER)[m
[m[37m[1733835001.451188 0:5 ruxos_posix_api::imp::mmap::trap:90] [36mmapping_flags: MappingFlags(READ | WRITE | EXECUTE | USER)[m
[m[37m[1733835001.451485 0:5 ruxhal::arch::aarch64::trap:102] [36missue=0xf, vaddr=0x50000008aeb8, cause=INSTRUCTION[m
[m[37m[1733835001.451754 0:5 ruxos_posix_api::imp::mmap::trap:61] [36mPage Fault Happening, vaddr:0x50000008a000, casue:INSTRUCTION, map_flags:MappingFlags(READ | WRITE | EXECUTE | USER)[m
[m[37m[1733835001.452175 0:5 ruxos_posix_api::imp::mmap::trap:90] [36mmapping_flags: MappingFlags(READ | WRITE | EXECUTE | USER)[m
[m[37m[1733835001.452470 0:5 ruxhal::arch::aarch64::trap:102] [36missue=0xf, vaddr=0x50000008aeb8, cause=INSTRUCTION[m
[m[37m[1733835001.452738 0:5 ruxos_posix_api::imp::mmap::trap:61] [36mPage Fault Happening, vaddr:0x50000008a000, casue:INSTRUCTION, map_flags:MappingFlags(READ | WRITE | EXECUTE | USER)[m
[m[37m[1733835001.453154 0:5 ruxos_posix_api::imp::mmap::trap:90] [36mmapping_flags: MappingFlags(READ | WRITE | EXECUTE | USER)[m
[m[37m[1733835001.453449 0:5 ruxhal::arch::aarch64::trap:102] [36missue=0xf, vaddr=0x50000008aeb8, cause=INSTRUCTION[m
[m[37m[1733835001.453716 0:5 ruxos_posix_api::imp::mmap::trap:61] [36mPage Fault Happening, vaddr:0x50000008a000, casue:INSTRUCTION, map_flags:MappingFlags(READ | WRITE | EXECUTE | USER)[m
[m[37m[1733835001.454135 0:5 ruxos_posix_api::imp::mmap::trap:90] [36mmapping_flags: MappingFlags(READ | WRITE | EXECUTE | USER)[m
[m[37m[1733835001.454429 0:5 ruxhal::arch::aarch64::trap:102] [36missue=0xf, vaddr=0x50000008aeb8, cause=INSTRUCTION[m
[m[37m[1733835001.454725 0:5 ruxos_posix_api::imp::mmap::trap:61] [36mPage Fault Happening, vaddr:0x50000008a000, casue:INSTRUCTION, map_flags:MappingFlags(READ | WRITE | EXECUTE | USER)[m
[m[37m[1733835001.455185 0:5 ruxos_posix_api::imp::mmap::trap:90] [36mmapping_flags: MappingFlags(READ | WRITE | EXECUTE | USER)[m
[m[37m[1733835001.455523 0:5 ruxhal::arch::aarch64::trap:102] [36missue=0xf, vaddr=0x50000008aeb8, cause=INSTRUCTION[m
[m[37m[1733835001.455791 0:5 ruxos_posix_api::imp::mmap::trap:61] [36mPage Fault Happening, vaddr:0x50000008a000, casue:INSTRUCTION, map_flags:MappingFlags(READ | WRITE | EXECUTE | USER)[m
[m[37m[1733835001.456208 0:5 ruxos_posix_api::imp::mmap::trap:90] [36mmapping_flags: MappingFlags(READ | WRITE | EXECUTE | USER)[m
[m[37m[1733835001.456503 0:5 ruxhal::arch::aarch64::trap:102] [36missue=0xf, vaddr=0x50000008aeb8, cause=INSTRUCTION[m
[m[37m[1733835001.456771 0:5 ruxos_posix_api::imp::mmap::trap:61] [36mPage Fault Happening, vaddr:0x50000008a000, casue:INSTRUCTION, map_flags:MappingFlags(READ | WRITE | EXECUTE | USER)[m
[m[37m[1733835001.457188 0:5 ruxos_posix_api::imp::mmap::trap:90] [36mmapping_flags: MappingFlags(READ | WRITE | EXECUTE | USER)[m
[m[37m[1733835001.457482 0:5 ruxhal::arch::aarch64::trap:102] [36missue=0xf, vaddr=0x50000008aeb8, cause=INSTRUCTION[m
[m[37m[1733835001.457751 0:5 ruxos_posix_api::imp::mmap::trap:61] [36mPage Fault Happening, vaddr:0x50000008a000, casue:INSTRUCTION, map_flags:MappingFlags(READ | WRITE | EXECUTE | USER)[m
[m[37m[1733835001.458169 0:5 ruxos_posix_api::imp::mmap::trap:90] [36mmapping_flags: MappingFlags(READ | WRITE | EXECUTE | USER)[m
[m[37m[1733835001.458464 0:5 ruxhal::arch::aarch64::trap:102] [36missue=0xf, vaddr=0x50000008aeb8, cause=INSTRUCTION[m
[m[37m[1733835001.458732 0:5 ruxos_posix_api::imp::mmap::trap:61] [36mPage Fault Happening, vaddr:0x50000008a000, casue:INSTRUCTION, map_flags:MappingFlags(READ | WRITE | EXECUTE | USER)[m
[m[37m[1733835001.459152 0:5 ruxos_posix_api::imp::mmap::trap:90] [36mmapping_flags: MappingFlags(READ | WRITE | EXECUTE | USER)[m
[m[37m[1733835001.459447 0:5 ruxhal::arch::aarch64::trap:102] [36missue=0xf, vaddr=0x50000008aeb8, cause=INSTRUCTION[m
[m[37m[1733835001.459715 0:5 ruxos_posix_api::imp::mmap::trap:61] [36mPage Fault Happening, vaddr:0x50000008a000, casue:INSTRUCTION, map_flags:MappingFlags(READ | WRITE | EXECUTE | USER)[m
[m[37m[1733835001.460132 0:5 ruxos_posix_api::imp::mmap::trap:90] [36mmapping_flags: MappingFlags(READ | WRITE | EXECUTE | USER)[m
[m[37m[1733835001.460430 0:5 ruxhal::arch::aarch64::trap:102] [36missue=0xf, vaddr=0x50000008aeb8, cause=INSTRUCTION[m
[m[37m[1733835001.460698 0:5 ruxos_posix_api::imp::mmap::trap:61] [36mPage Fault Happening, vaddr:0x50000008a000, casue:INSTRUCTION, map_flags:MappingFlags(READ | WRITE | EXECUTE | USER)[m
[m[37m[1733835001.461115 0:5 ruxos_posix_api::imp::mmap::trap:90] [36mmapping_flags: MappingFlags(READ | WRITE | EXECUTE | USER)[m
[m[37m[1733835001.461409 0:5 ruxhal::arch::aarch64::trap:102] [36missue=0xf, vaddr=0x50000008aeb8, cause=INSTRUCTION[m
[m[37m[1733835001.461677 0:5 ruxos_posix_api::imp::mmap::trap:61] [36mPage Fault Happening, vaddr:0x50000008a000, casue:INSTRUCTION, map_flags:MappingFlags(READ | WRITE | EXECUTE | USER)[m
[m[37m[1733835001.462093 0:5 ruxos_posix_api::imp::mmap::trap:90] [36mmapping_flags: MappingFlags(READ | WRITE | EXECUTE | USER)[m
[m[37m[1733835001.462390 0:5 ruxhal::arch::aarch64::trap:102] [36missue=0xf, vaddr=0x50000008aeb8, cause=INSTRUCTION[m
[m[37m[1733835001.462659 0:5 ruxos_posix_api::imp::mmap::trap:61] [36mPage Fault Happening, vaddr:0x50000008a000, casue:INSTRUCTION, map_flags:MappingFlags(READ | WRITE | EXECUTE | USER)[m
[m[37m[1733835001.463076 0:5 ruxos_posix_api::imp::mmap::trap:90] [36mmapping_flags: MappingFlags(READ | WRITE | EXECUTE | USER)[m
[m[37m[1733835001.463370 0:5 ruxhal::arch::aarch64::trap:102] [36missue=0xf, vaddr=0x50000008aeb8, cause=INSTRUCTION[m
[m[37m[1733835001.463638 0:5 ruxos_posix_api::imp::mmap::trap:61] [36mPage Fault Happening, vaddr:0x50000008a000, casue:INSTRUCTION, map_flags:MappingFlags(READ | WRITE | EXECUTE | USER)[m
[m[37m[1733835001.464055 0:5 ruxos_posix_api::imp::mmap::trap:90] [36mmapping_flags: MappingFlags(READ | WRITE | EXECUTE | USER)[m
[m[37m[1733835001.464350 0:5 ruxhal::arch::aarch64::trap:102] [36missue=0xf, vaddr=0x50000008aeb8, cause=INSTRUCTION[m
[m[37m[1733835001.464643 0:5 ruxos_posix_api::imp::mmap::trap:61] [36mPage Fault Happening, vaddr:0x50000008a000, casue:INSTRUCTION, map_flags:MappingFlags(READ | WRITE | EXECUTE | USER)[m
[m[37m[1733835001.465103 0:5 ruxos_posix_api::imp::mmap::trap:90] [36mmapping_flags: MappingFlags(READ | WRITE | EXECUTE | USER)[m
[m[37m[1733835001.465433 0:5 ruxhal::arch::aarch64::trap:102] [36missue=0xf, vaddr=0x50000008aeb8, cause=INSTRUCTION[m
[m[37m[1733835001.465717 0:5 ruxos_posix_api::imp::mmap::trap:61] [36mPage Fault Happening, vaddr:0x50000008a000, casue:INSTRUCTION, map_flags:MappingFlags(READ | WRITE | EXECUTE | USER)[m
[m[37m[1733835001.466133 0:5 ruxos_posix_api::imp::mmap::trap:90] [36mmapping_flags: MappingFlags(READ | WRITE | EXECUTE | USER)[m
[m[37m[1733835001.466431 0:5 ruxhal::arch::aarch64::trap:102] [36missue=0xf, vaddr=0x50000008aeb8, cause=INSTRUCTION[m
[m[37m[1733835001.466699 0:5 ruxos_posix_api::imp::mmap::trap:61] [36mPage Fault Happening, vaddr:0x50000008a000, casue:INSTRUCTION, map_flags:MappingFlags(READ | WRITE | EXECUTE | USER)[m
[m[37m[1733835001.467120 0:5 ruxos_posix_api::imp::mmap::trap:90] [36mmapping_flags: MappingFlags(READ | WRITE | EXECUTE | USER)[m
[m[37m[1733835001.467417 0:5 ruxhal::arch::aarch64::trap:102] [36missue=0xf, vaddr=0x50000008aeb8, cause=INSTRUCTION[m
[m[37m[1733835001.467686 0:5 ruxos_posix_api::imp::mmap::trap:61] [36mPage Fault Happening, vaddr:0x50000008a000, casue:INSTRUCTION, map_flags:MappingFlags(READ | WRITE | EXECUTE | USER)[m
[m[37m[1733835001.468103 0:5 ruxos_posix_api::imp::mmap::trap:90] [36mmapping_flags: MappingFlags(READ | WRITE | EXECUTE | USER)[m
[m[37m[1733835001.468398 0:5 ruxhal::arch::aarch64::trap:102] [36missue=0xf, vaddr=0x50000008aeb8, cause=INSTRUCTION[m
[m[37m[1733835001.468666 0:5 ruxos_posix_api::imp::mmap::trap:61] [36mPage Fault Happening, vaddr:0x50000008a000, casue:INSTRUCTION, map_flags:MappingFlags(READ | WRITE | EXECUTE | USER)[m
[m[37m[1733835001.469087 0:5 ruxos_posix_api::imp::mmap::trap:90] [36mmapping_flags: MappingFlags(READ | WRITE | EXECUTE | USER)[m
[m[37m[1733835001.469384 0:5 ruxhal::arch::aarch64::trap:102] [36missue=0xf, vaddr=0x50000008aeb8, cause=INSTRUCTION[m
[m[37m[1733835001.469653 0:5 ruxos_posix_api::imp::mmap::trap:61] [36mPage Fault Happening, vaddr:0x50000008a000, casue:INSTRUCTION, map_flags:MappingFlags(READ | WRITE | EXECUTE | USER)[m
[m[37m[1733835001.470071 0:5 ruxos_posix_api::imp::mmap::trap:90] [36mmapping_flags: MappingFlags(READ | WRITE | EXECUTE | USER)[m
[m[37m[1733835001.470365 0:5 ruxhal::arch::aarch64::trap:102] [36missue=0xf, vaddr=0x50000008aeb8, cause=INSTRUCTION[m
[m[37m[1733835001.470635 0:5 ruxos_posix_api::imp::mmap::trap:61] [36mPage Fault Happening, vaddr:0x50000008a000, casue:INSTRUCTION, map_flags:MappingFlags(READ | WRITE | EXECUTE | USER)[m
[m[37m[1733835001.471051 0:5 ruxos_posix_api::imp::mmap::trap:90] [36mmapping_flags: MappingFlags(READ | WRITE | EXECUTE | USER)[m
[m[37m[1733835001.471346 0:5 ruxhal::arch::aarch64::trap:102] [36missue=0xf, vaddr=0x50000008aeb8, cause=INSTRUCTION[m
[m[37m[1733835001.471615 0:5 ruxos_posix_api::imp::mmap::trap:61] [36mPage Fault Happening, vaddr:0x50000008a000, casue:INSTRUCTION, map_flags:MappingFlags(READ | WRITE | EXECUTE | USER)[m
[m[37m[1733835001.472033 0:5 ruxos_posix_api::imp::mmap::trap:90] [36mmapping_flags: MappingFlags(READ | WRITE | EXECUTE | USER)[m
[m[37m[1733835001.472330 0:5 ruxhal::arch::aarch64::trap:102] [36missue=0xf, vaddr=0x50000008aeb8, cause=INSTRUCTION[m
[m[37m[1733835001.472598 0:5 ruxos_posix_api::imp::mmap::trap:61] [36mPage Fault Happening, vaddr:0x50000008a000, casue:INSTRUCTION, map_flags:MappingFlags(READ | WRITE | EXECUTE | USER)[m
[m[37m[1733835001.473016 0:5 ruxos_posix_api::imp::mmap::trap:90] [36mmapping_flags: MappingFlags(READ | WRITE | EXECUTE | USER)[m
[m[37m[1733835001.473310 0:5 ruxhal::arch::aarch64::trap:102] [36missue=0xf, vaddr=0x50000008aeb8, cause=INSTRUCTION[m
[m[37m[1733835001.473578 0:5 ruxos_posix_api::imp::mmap::trap:61] [36mPage Fault Happening, vaddr:0x50000008a000, casue:INSTRUCTION, map_flags:MappingFlags(READ | WRITE | EXECUTE | USER)[m
[m[37m[1733835001.473996 0:5 ruxos_posix_api::imp::mmap::trap:90] [36mmapping_flags: MappingFlags(READ | WRITE | EXECUTE | USER)[m
[m[37m[1733835001.474291 0:5 ruxhal::arch::aarch64::trap:102] [36missue=0xf, vaddr=0x50000008aeb8, cause=INSTRUCTION[m
[m[37m[1733835001.474584 0:5 ruxos_posix_api::imp::mmap::trap:61] [36mPage Fault Happening, vaddr:0x50000008a000, casue:INSTRUCTION, map_flags:MappingFlags(READ | WRITE | EXECUTE | USER)[m
[m[37m[1733835001.475044 0:5 ruxos_posix_api::imp::mmap::trap:90] [36mmapping_flags: MappingFlags(READ | WRITE | EXECUTE | USER)[m
[m[37m[1733835001.475374 0:5 ruxhal::arch::aarch64::trap:102] [36missue=0xf, vaddr=0x50000008aeb8, cause=INSTRUCTION[m
[m[37m[1733835001.475663 0:5 ruxos_posix_api::imp::mmap::trap:61] [36mPage Fault Happening, vaddr:0x50000008a000, casue:INSTRUCTION, map_flags:MappingFlags(READ | WRITE | EXECUTE | USER)[m
[m[37m[1733835001.476080 0:5 ruxos_posix_api::imp::mmap::trap:90] [36mmapping_flags: MappingFlags(READ | WRITE | EXECUTE | USER)[m
[m[37m[1733835001.476375 0:5 ruxhal::arch::aarch64::trap:102] [36missue=0xf, vaddr=0x50000008aeb8, cause=INSTRUCTION[m
[m[37m[1733835001.476644 0:5 ruxos_posix_api::imp::mmap::trap:61] [36mPage Fault Happening, vaddr:0x50000008a000, casue:INSTRUCTION, map_flags:MappingFlags(READ | WRITE | EXECUTE | USER)[m
[m[37m[1733835001.477063 0:5 ruxos_posix_api::imp::mmap::trap:90] [36mmapping_flags: MappingFlags(READ | WRITE | EXECUTE | USER)[m
[m[37m[1733835001.477358 0:5 ruxhal::arch::aarch64::trap:102] [36missue=0xf, vaddr=0x50000008aeb8, cause=INSTRUCTION[m
[m[37m[1733835001.477626 0:5 ruxos_posix_api::imp::mmap::trap:61] [36mPage Fault Happening, vaddr:0x50000008a000, casue:INSTRUCTION, map_flags:MappingFlags(READ | WRITE | EXECUTE | USER)[m
[m[37m[1733835001.478043 0:5 ruxos_posix_api::imp::mmap::trap:90] [36mmapping_flags: MappingFlags(READ | WRITE | EXECUTE | USER)[m
[m[37m[1733835001.478338 0:5 ruxhal::arch::aarch64::trap:102] [36missue=0xf, vaddr=0x50000008aeb8, cause=INSTRUCTION[m
[m[37m[1733835001.478607 0:5 ruxos_posix_api::imp::mmap::trap:61] [36mPage Fault Happening, vaddr:0x50000008a000, casue:INSTRUCTION, map_flags:MappingFlags(READ | WRITE | EXECUTE | USER)[m
[m[37m[1733835001.479025 0:5 ruxos_posix_api::imp::mmap::trap:90] [36mmapping_flags: MappingFlags(READ | WRITE | EXECUTE | USER)[m
[m[37m[1733835001.479319 0:5 ruxhal::arch::aarch64::trap:102] [36missue=0xf, vaddr=0x50000008aeb8, cause=INSTRUCTION[m
[m[37m[1733835001.479587 0:5 ruxos_posix_api::imp::mmap::trap:61] [36mPage Fault Happening, vaddr:0x50000008a000, casue:INSTRUCTION, map_flags:MappingFlags(READ | WRITE | EXECUTE | USER)[m
[m[37m[1733835001.480005 0:5 ruxos_posix_api::imp::mmap::trap:90] [36mmapping_flags: MappingFlags(READ | WRITE | EXECUTE | USER)[m
[m[37m[1733835001.480300 0:5 ruxhal::arch::aarch64::trap:102] [36missue=0xf, vaddr=0x50000008aeb8, cause=INSTRUCTION[m
[m[37m[1733835001.480567 0:5 ruxos_posix_api::imp::mmap::trap:61] [36mPage Fault Happening, vaddr:0x50000008a000, casue:INSTRUCTION, map_flags:MappingFlags(READ | WRITE | EXECUTE | USER)[m
[m[37m[1733835001.480984 0:5 ruxos_posix_api::imp::mmap::trap:90] [36mmapping_flags: MappingFlags(READ | WRITE | EXECUTE | USER)[m
[m[37m[1733835001.481278 0:5 ruxhal::arch::aarch64::trap:102] [36missue=0xf, vaddr=0x50000008aeb8, cause=INSTRUCTION[m
[m[37m[1733835001.481546 0:5 ruxos_posix_api::imp::mmap::trap:61] [36mPage Fault Happening, vaddr:0x50000008a000, casue:INSTRUCTION, map_flags:MappingFlags(READ | WRITE | EXECUTE | USER)[m
[m[37m[1733835001.481963 0:5 ruxos_posix_api::imp::mmap::trap:90] [36mmapping_flags: MappingFlags(READ | WRITE | EXECUTE | USER)[m
[m[37m[1733835001.482259 0:5 ruxhal::arch::aarch64::trap:102] [36missue=0xf, vaddr=0x50000008aeb8, cause=INSTRUCTION[m
[m[37m[1733835001.482526 0:5 ruxos_posix_api::imp::mmap::trap:61] [36mPage Fault Happening, vaddr:0x50000008a000, casue:INSTRUCTION, map_flags:MappingFlags(READ | WRITE | EXECUTE | USER)[m
[m[37m[1733835001.482942 0:5 ruxos_posix_api::imp::mmap::trap:90] [36mmapping_flags: MappingFlags(READ | WRITE | EXECUTE | USER)[m
[m[37m[1733835001.483242 0:5 ruxhal::arch::aarch64::trap:102] [36missue=0xf, vaddr=0x50000008aeb8, cause=INSTRUCTION[m
[m[37m[1733835001.483510 0:5 ruxos_posix_api::imp::mmap::trap:61] [36mPage Fault Happening, vaddr:0x50000008a000, casue:INSTRUCTION, map_flags:MappingFlags(READ | WRITE | EXECUTE | USER)[m
[m[37m[1733835001.483930 0:5 ruxos_posix_api::imp::mmap::trap:90] [36mmapping_flags: MappingFlags(READ | WRITE | EXECUTE | USER)[m
[m[37m[1733835001.484224 0:5 ruxhal::arch::aarch64::trap:102] [36missue=0xf, vaddr=0x50000008aeb8, cause=INSTRUCTION[m
[m[37m[1733835001.484513 0:5 ruxos_posix_api::imp::mmap::trap:61] [36mPage Fault Happening, vaddr:0x50000008a000, casue:INSTRUCTION, map_flags:MappingFlags(READ | WRITE | EXECUTE | USER)[m
[m[37m[1733835001.484971 0:5 ruxos_posix_api::imp::mmap::trap:90] [36mmapping_flags: MappingFlags(READ | WRITE | EXECUTE | USER)[m
[m[37m[1733835001.485304 0:5 ruxhal::arch::aarch64::trap:102] [36missue=0xf, vaddr=0x50000008aeb8, cause=INSTRUCTION[m
[m[37m[1733835001.485592 0:5 ruxos_posix_api::imp::mmap::trap:61] [36mPage Fault Happening, vaddr:0x50000008a000, casue:INSTRUCTION, map_flags:MappingFlags(READ | WRITE | EXECUTE | USER)[m
[m[37m[1733835001.486010 0:5 ruxos_posix_api::imp::mmap::trap:90] [36mmapping_flags: MappingFlags(READ | WRITE | EXECUTE | USER)[m
[m[37m[1733835001.486305 0:5 ruxhal::arch::aarch64::trap:102] [36missue=0xf, vaddr=0x50000008aeb8, cause=INSTRUCTION[m
[m[37m[1733835001.486573 0:5 ruxos_posix_api::imp::mmap::trap:61] [36mPage Fault Happening, vaddr:0x50000008a000, casue:INSTRUCTION, map_flags:MappingFlags(READ | WRITE | EXECUTE | USER)[m
[m[37m[1733835001.486991 0:5 ruxos_posix_api::imp::mmap::trap:90] [36mmapping_flags: MappingFlags(READ | WRITE | EXECUTE | USER)[m
[m[37m[1733835001.487291 0:5 ruxhal::arch::aarch64::trap:102] [36missue=0xf, vaddr=0x50000008aeb8, cause=INSTRUCTION[m
[m[37m[1733835001.487560 0:5 ruxos_posix_api::imp::mmap::trap:61] [36mPage Fault Happening, vaddr:0x50000008a000, casue:INSTRUCTION, map_flags:MappingFlags(READ | WRITE | EXECUTE | USER)[m
[m[37m[1733835001.487977 0:5 ruxos_posix_api::imp::mmap::trap:90] [36mmapping_flags: MappingFlags(READ | WRITE | EXECUTE | USER)[m
[m[37m[1733835001.488271 0:5 ruxhal::arch::aarch64::trap:102] [36missue=0xf, vaddr=0x50000008aeb8, cause=INSTRUCTION[m
[m[37m[1733835001.488538 0:5 ruxos_posix_api::imp::mmap::trap:61] [36mPage Fault Happening, vaddr:0x50000008a000, casue:INSTRUCTION, map_flags:MappingFlags(READ | WRITE | EXECUTE | USER)[m
[m[37m[1733835001.488959 0:5 ruxos_posix_api::imp::mmap::trap:90] [36mmapping_flags: MappingFlags(READ | WRITE | EXECUTE | USER)[m
[m[37m[1733835001.489253 0:5 ruxhal::arch::aarch64::trap:102] [36missue=0xf, vaddr=0x50000008aeb8, cause=INSTRUCTION[m
[m[37m[1733835001.489521 0:5 ruxos_posix_api::imp::mmap::trap:61] [36mPage Fault Happening, vaddr:0x50000008a000, casue:INSTRUCTION, map_flags:MappingFlags(READ | WRITE | EXECUTE | USER)[m
[m[37m[1733835001.489937 0:5 ruxos_posix_api::imp::mmap::trap:90] [36mmapping_flags: MappingFlags(READ | WRITE | EXECUTE | USER)[m
[m[37m[1733835001.490231 0:5 ruxhal::arch::aarch64::trap:102] [36missue=0xf, vaddr=0x50000008aeb8, cause=INSTRUCTION[m
[m[37m[1733835001.490499 0:5 ruxos_posix_api::imp::mmap::trap:61] [36mPage Fault Happening, vaddr:0x50000008a000, casue:INSTRUCTION, map_flags:MappingFlags(READ | WRITE | EXECUTE | USER)[m
[m[37m[1733835001.490917 0:5 ruxos_posix_api::imp::mmap::trap:90] [36mmapping_flags: MappingFlags(READ | WRITE | EXECUTE | USER)[m
[m[37m[1733835001.491211 0:5 ruxhal::arch::aarch64::trap:102] [36missue=0xf, vaddr=0x50000008aeb8, cause=INSTRUCTION[m
[m[37m[1733835001.491479 0:5 ruxos_posix_api::imp::mmap::trap:61] [36mPage Fault Happening, vaddr:0x50000008a000, casue:INSTRUCTION, map_flags:MappingFlags(READ | WRITE | EXECUTE | USER)[m
[m[37m[1733835001.491896 0:5 ruxos_posix_api::imp::mmap::trap:90] [36mmapping_flags: MappingFlags(READ | WRITE | EXECUTE | USER)[m
[m[37m[1733835001.492192 0:5 ruxhal::arch::aarch64::trap:102] [36missue=0xf, vaddr=0x50000008aeb8, cause=INSTRUCTION[m
[m[37m[1733835001.492460 0:5 ruxos_posix_api::imp::mmap::trap:61] [36mPage Fault Happening, vaddr:0x50000008a000, casue:INSTRUCTION, map_flags:MappingFlags(READ | WRITE | EXECUTE | USER)[m
[m[37m[1733835001.492878 0:5 ruxos_posix_api::imp::mmap::trap:90] [36mmapping_flags: MappingFlags(READ | WRITE | EXECUTE | USER)[m
[m[37m[1733835001.493173 0:5 ruxhal::arch::aarch64::trap:102] [36missue=0xf, vaddr=0x50000008aeb8, cause=INSTRUCTION[m
[m[37m[1733835001.493441 0:5 ruxos_posix_api::imp::mmap::trap:61] [36mPage Fault Happening, vaddr:0x50000008a000, casue:INSTRUCTION, map_flags:MappingFlags(READ | WRITE | EXECUTE | USER)[m
[m[37m[1733835001.493859 0:5 ruxos_posix_api::imp::mmap::trap:90] [36mmapping_flags: MappingFlags(READ | WRITE | EXECUTE | USER)[m
[m[37m[1733835001.494154 0:5 ruxhal::arch::aarch64::trap:102] [36missue=0xf, vaddr=0x50000008aeb8, cause=INSTRUCTION[m
[m[37m[1733835001.494422 0:5 ruxos_posix_api::imp::mmap::trap:61] [36mPage Fault Happening, vaddr:0x50000008a000, casue:INSTRUCTION, map_flags:MappingFlags(READ | WRITE | EXECUTE | USER)[m
[m[37m[1733835001.494892 0:5 ruxos_posix_api::imp::mmap::trap:90] [36mmapping_flags: MappingFlags(READ | WRITE | EXECUTE | USER)[m
[m[37m[1733835001.495223 0:5 ruxhal::arch::aarch64::trap:102] [36missue=0xf, vaddr=0x50000008aeb8, cause=INSTRUCTION[m
[m[37m[1733835001.495508 0:5 ruxos_posix_api::imp::mmap::trap:61] [36mPage Fault Happening, vaddr:0x50000008a000, casue:INSTRUCTION, map_flags:MappingFlags(READ | WRITE | EXECUTE | USER)[m
[m[37m[1733835001.495924 0:5 ruxos_posix_api::imp::mmap::trap:90] [36mmapping_flags: MappingFlags(READ | WRITE | EXECUTE | USER)[m
[m[37m[1733835001.496220 0:5 ruxhal::arch::aarch64::trap:102] [36missue=0xf, vaddr=0x50000008aeb8, cause=INSTRUCTION[m
[m[37m[1733835001.496489 0:5 ruxos_posix_api::imp::mmap::trap:61] [36mPage Fault Happening, vaddr:0x50000008a000, casue:INSTRUCTION, map_flags:MappingFlags(READ | WRITE | EXECUTE | USER)[m
[m[37m[1733835001.496906 0:5 ruxos_posix_api::imp::mmap::trap:90] [36mmapping_flags: MappingFlags(READ | WRITE | EXECUTE | USER)[m
[m[37m[1733835001.497201 0:5 ruxhal::arch::aarch64::trap:102] [36missue=0xf, vaddr=0x50000008aeb8, cause=INSTRUCTION[m
[m[37m[1733835001.497469 0:5 ruxos_posix_api::imp::mmap::trap:61] [36mPage Fault Happening, vaddr:0x50000008a000, casue:INSTRUCTION, map_flags:MappingFlags(READ | WRITE | EXECUTE | USER)[m
[m[37m[1733835001.497887 0:5 ruxos_posix_api::imp::mmap::trap:90] [36mmapping_flags: MappingFlags(READ | WRITE | EXECUTE | USER)[m
[m[37m[1733835001.498181 0:5 ruxhal::arch::aarch64::trap:102] [36missue=0xf, vaddr=0x50000008aeb8, cause=INSTRUCTION[m
[m[37m[1733835001.498449 0:5 ruxos_posix_api::imp::mmap::trap:61] [36mPage Fault Happening, vaddr:0x50000008a000, casue:INSTRUCTION, map_flags:MappingFlags(READ | WRITE | EXECUTE | USER)[m
[m[37m[1733835001.498867 0:5 ruxos_posix_api::imp::mmap::trap:90] [36mmapping_flags: MappingFlags(READ | WRITE | EXECUTE | USER)[m
[m[37m[1733835001.499160 0:5 ruxhal::arch::aarch64::trap:102] [36missue=0xf, vaddr=0x50000008aeb8, cause=INSTRUCTION[m
[m[37m[1733835001.499429 0:5 ruxos_posix_api::imp::mmap::trap:61] [36mPage Fault Happening, vaddr:0x50000008a000, casue:INSTRUCTION, map_flags:MappingFlags(READ | WRITE | EXECUTE | USER)[m
[m[37m[1733835001.499846 0:5 ruxos_posix_api::imp::mmap::trap:90] [36mmapping_flags: MappingFlags(READ | WRITE | EXECUTE | USER)[m
[m[37m[1733835001.500140 0:5 ruxhal::arch::aarch64::trap:102] [36missue=0xf, vaddr=0x50000008aeb8, cause=INSTRUCTION[m
[m[37m[1733835001.500408 0:5 ruxos_posix_api::imp::mmap::trap:61] [36mPage Fault Happening, vaddr:0x50000008a000, casue:INSTRUCTION, map_flags:MappingFlags(READ | WRITE | EXECUTE | USER)[m
[m[37m[1733835001.500828 0:5 ruxos_posix_api::imp::mmap::trap:90] [36mmapping_flags: MappingFlags(READ | WRITE | EXECUTE | USER)[m
[m[37m[1733835001.501125 0:5 ruxhal::arch::aarch64::trap:102] [36missue=0xf, vaddr=0x50000008aeb8, cause=INSTRUCTION[m
[m[37m[1733835001.501395 0:5 ruxos_posix_api::imp::mmap::trap:61] [36mPage Fault Happening, vaddr:0x50000008a000, casue:INSTRUCTION, map_flags:MappingFlags(READ | WRITE | EXECUTE | USER)[m
[m[37m[1733835001.501811 0:5 ruxos_posix_api::imp::mmap::trap:90] [36mmapping_flags: MappingFlags(READ | WRITE | EXECUTE | USER)[m
[m[37m[1733835001.502106 0:5 ruxhal::arch::aarch64::trap:102] [36missue=0xf, vaddr=0x50000008aeb8, cause=INSTRUCTION[m
[m[37m[1733835001.502375 0:5 ruxos_posix_api::imp::mmap::trap:61] [36mPage Fault Happening, vaddr:0x50000008a000, casue:INSTRUCTION, map_flags:MappingFlags(READ | WRITE | EXECUTE | USER)[m
[m[37m[1733835001.502791 0:5 ruxos_posix_api::imp::mmap::trap:90] [36mmapping_flags: MappingFlags(READ | WRITE | EXECUTE | USER)[m
[m[37m[1733835001.503086 0:5 ruxhal::arch::aarch64::trap:102] [36missue=0xf, vaddr=0x50000008aeb8, cause=INSTRUCTION[m
[m[37m[1733835001.503355 0:5 ruxos_posix_api::imp::mmap::trap:61] [36mPage Fault Happening, vaddr:0x50000008a000, casue:INSTRUCTION, map_flags:MappingFlags(READ | WRITE | EXECUTE | USER)[m
[m[37m[1733835001.503774 0:5 ruxos_posix_api::imp::mmap::trap:90] [36mmapping_flags: MappingFlags(READ | WRITE | EXECUTE | USER)[m
[m[37m[1733835001.504068 0:5 ruxhal::arch::aarch64::trap:102] [36missue=0xf, vaddr=0x50000008aeb8, cause=INSTRUCTION[m
[m[37m[1733835001.504335 0:5 ruxos_posix_api::imp::mmap::trap:61] [36mPage Fault Happening, vaddr:0x50000008a000, casue:INSTRUCTION, map_flags:MappingFlags(READ | WRITE | EXECUTE | USER)[m
[m[37m[1733835001.504799 0:5 ruxos_posix_api::imp::mmap::trap:90] [36mmapping_flags: MappingFlags(READ | WRITE | EXECUTE | USER)[m
[m[37m[1733835001.505130 0:5 ruxhal::arch::aarch64::trap:102] [36missue=0xf, vaddr=0x50000008aeb8, cause=INSTRUCTION[m
[m[37m[1733835001.505413 0:5 ruxos_posix_api::imp::mmap::trap:61] [36mPage Fault Happening, vaddr:0x50000008a000, casue:INSTRUCTION, map_flags:MappingFlags(READ | WRITE | EXECUTE | USER)[m
[m[37m[1733835001.505831 0:5 ruxos_posix_api::imp::mmap::trap:90] [36mmapping_flags: MappingFlags(READ | WRITE | EXECUTE | USER)[m
[m[37m[1733835001.506126 0:5 ruxhal::arch::aarch64::trap:102] [36missue=0xf, vaddr=0x50000008aeb8, cause=INSTRUCTION[m
[m[37m[1733835001.506395 0:5 ruxos_posix_api::imp::mmap::trap:61] [36mPage Fault Happening, vaddr:0x50000008a000, casue:INSTRUCTION, map_flags:MappingFlags(READ | WRITE | EXECUTE | USER)[m
[m[37m[1733835001.506813 0:5 ruxos_posix_api::imp::mmap::trap:90] [36mmapping_flags: MappingFlags(READ | WRITE | EXECUTE | USER)[m
[m[37m[1733835001.507107 0:5 ruxhal::arch::aarch64::trap:102] [36missue=0xf, vaddr=0x50000008aeb8, cause=INSTRUCTION[m
[m[37m[1733835001.507375 0:5 ruxos_posix_api::imp::mmap::trap:61] [36mPage Fault Happening, vaddr:0x50000008a000, casue:INSTRUCTION, map_flags:MappingFlags(READ | WRITE | EXECUTE | USER)[m
[m[37m[1733835001.507792 0:5 ruxos_posix_api::imp::mmap::trap:90] [36mmapping_flags: MappingFlags(READ | WRITE | EXECUTE | USER)[m
[m[37m[1733835001.508087 0:5 ruxhal::arch::aarch64::trap:102] [36missue=0xf, vaddr=0x50000008aeb8, cause=INSTRUCTION[m
[m[37m[1733835001.508355 0:5 ruxos_posix_api::imp::mmap::trap:61] [36mPage Fault Happening, vaddr:0x50000008a000, casue:INSTRUCTION, map_flags:MappingFlags(READ | WRITE | EXECUTE | USER)[m
[m[37m[1733835001.508773 0:5 ruxos_posix_api::imp::mmap::trap:90] [36mmapping_flags: MappingFlags(READ | WRITE | EXECUTE | USER)[m
[m[37m[1733835001.509073 0:5 ruxhal::arch::aarch64::trap:102] [36missue=0xf, vaddr=0x50000008aeb8, cause=INSTRUCTION[m
[m[37m[1733835001.509340 0:5 ruxos_posix_api::imp::mmap::trap:61] [36mPage Fault Happening, vaddr:0x50000008a000, casue:INSTRUCTION, map_flags:MappingFlags(READ | WRITE | EXECUTE | USER)[m
[m[37m[1733835001.509758 0:5 ruxos_posix_api::imp::mmap::trap:90] [36mmapping_flags: MappingFlags(READ | WRITE | EXECUTE | USER)[m
[m[37m[1733835001.510054 0:5 ruxhal::arch::aarch64::trap:102] [36missue=0xf, vaddr=0x50000008aeb8, cause=INSTRUCTION[m
[m[37m[1733835001.510324 0:5 ruxos_posix_api::imp::mmap::trap:61] [36mPage Fault Happening, vaddr:0x50000008a000, casue:INSTRUCTION, map_flags:MappingFlags(READ | WRITE | EXECUTE | USER)[m
[m[37m[1733835001.510742 0:5 ruxos_posix_api::imp::mmap::trap:90] [36mmapping_flags: MappingFlags(READ | WRITE | EXECUTE | USER)[m
[m[37m[1733835001.511035 0:5 ruxhal::arch::aarch64::trap:102] [36missue=0xf, vaddr=0x50000008aeb8, cause=INSTRUCTION[m
[m[37m[1733835001.511304 0:5 ruxos_posix_api::imp::mmap::trap:61] [36mPage Fault Happening, vaddr:0x50000008a000, casue:INSTRUCTION, map_flags:MappingFlags(READ | WRITE | EXECUTE | USER)[m
[m[37m[1733835001.511721 0:5 ruxos_posix_api::imp::mmap::trap:90] [36mmapping_flags: MappingFlags(READ | WRITE | EXECUTE | USER)[m
[m[37m[1733835001.512016 0:5 ruxhal::arch::aarch64::trap:102] [36missue=0xf, vaddr=0x50000008aeb8, cause=INSTRUCTION[m
[m[37m[1733835001.512287 0:5 ruxos_posix_api::imp::mmap::trap:61] [36mPage Fault Happening, vaddr:0x50000008a000, casue:INSTRUCTION, map_flags:MappingFlags(READ | WRITE | EXECUTE | USER)[m
[m[37m[1733835001.512704 0:5 ruxos_posix_api::imp::mmap::trap:90] [36mmapping_flags: MappingFlags(READ | WRITE | EXECUTE | USER)[m
[m[37m[1733835001.512998 0:5 ruxhal::arch::aarch64::trap:102] [36missue=0xf, vaddr=0x50000008aeb8, cause=INSTRUCTION[m
[m[37m[1733835001.513267 0:5 ruxos_posix_api::imp::mmap::trap:61] [36mPage Fault Happening, vaddr:0x50000008a000, casue:INSTRUCTION, map_flags:MappingFlags(READ | WRITE | EXECUTE | USER)[m
[m[37m[1733835001.513686 0:5 ruxos_posix_api::imp::mmap::trap:90] [36mmapping_flags: MappingFlags(READ | WRITE | EXECUTE | USER)[m
[m[37m[1733835001.513981 0:5 ruxhal::arch::aarch64::trap:102] [36missue=0xf, vaddr=0x50000008aeb8, cause=INSTRUCTION[m
[m[37m[1733835001.514250 0:5 ruxos_posix_api::imp::mmap::trap:61] [36mPage Fault Happening, vaddr:0x50000008a000, casue:INSTRUCTION, map_flags:MappingFlags(READ | WRITE | EXECUTE | USER)[m
[m[37m[1733835001.514702 0:5 ruxos_posix_api::imp::mmap::trap:90] [36mmapping_flags: MappingFlags(READ | WRITE | EXECUTE | USER)[m
[m[37m[1733835001.515032 0:5 ruxhal::arch::aarch64::trap:102] [36missue=0xf, vaddr=0x50000008aeb8, cause=INSTRUCTION[m
[m[37m[1733835001.515314 0:5 ruxos_posix_api::imp::mmap::trap:61] [36mPage Fault Happening, vaddr:0x50000008a000, casue:INSTRUCTION, map_flags:MappingFlags(READ | WRITE | EXECUTE | USER)[m
[m[37m[1733835001.515733 0:5 ruxos_posix_api::imp::mmap::trap:90] [36mmapping_flags: MappingFlags(READ | WRITE | EXECUTE | USER)[m
[m[37m[1733835001.516028 0:5 ruxhal::arch::aarch64::trap:102] [36missue=0xf, vaddr=0x50000008aeb8, cause=INSTRUCTION[m
[m[37m[1733835001.516296 0:5 ruxos_posix_api::imp::mmap::trap:61] [36mPage Fault Happening, vaddr:0x50000008a000, casue:INSTRUCTION, map_flags:MappingFlags(READ | WRITE | EXECUTE | USER)[m
[m[37m[1733835001.516713 0:5 ruxos_posix_api::imp::mmap::trap:90] [36mmapping_flags: MappingFlags(READ | WRITE | EXECUTE | USER)[m
[m[37m[1733835001.517007 0:5 ruxhal::arch::aarch64::trap:102] [36missue=0xf, vaddr=0x50000008aeb8, cause=INSTRUCTION[m
[m[37m[1733835001.517275 0:5 ruxos_posix_api::imp::mmap::trap:61] [36mPage Fault Happening, vaddr:0x50000008a000, casue:INSTRUCTION, map_flags:MappingFlags(READ | WRITE | EXECUTE | USER)[m
[m[37m[1733835001.517691 0:5 ruxos_posix_api::imp::mmap::trap:90] [36mmapping_flags: MappingFlags(READ | WRITE | EXECUTE | USER)[m
[m[37m[1733835001.517987 0:5 ruxhal::arch::aarch64::trap:102] [36missue=0xf, vaddr=0x50000008aeb8, cause=INSTRUCTION[m
[m[37m[1733835001.518257 0:5 ruxos_posix_api::imp::mmap::trap:61] [36mPage Fault Happening, vaddr:0x50000008a000, casue:INSTRUCTION, map_flags:MappingFlags(READ | WRITE | EXECUTE | USER)[m
[m[37m[1733835001.518677 0:5 ruxos_posix_api::imp::mmap::trap:90] [36mmapping_flags: MappingFlags(READ | WRITE | EXECUTE | USER)[m
[m[37m[1733835001.518975 0:5 ruxhal::arch::aarch64::trap:102] [36missue=0xf, vaddr=0x50000008aeb8, cause=INSTRUCTION[m
[m[37m[1733835001.519243 0:5 ruxos_posix_api::imp::mmap::trap:61] [36mPage Fault Happening, vaddr:0x50000008a000, casue:INSTRUCTION, map_flags:MappingFlags(READ | WRITE | EXECUTE | USER)[m
[m[37m[1733835001.519661 0:5 ruxos_posix_api::imp::mmap::trap:90] [36mmapping_flags: MappingFlags(READ | WRITE | EXECUTE | USER)[m
[m[37m[1733835001.519955 0:5 ruxhal::arch::aarch64::trap:102] [36missue=0xf, vaddr=0x50000008aeb8, cause=INSTRUCTION[m
[m[37m[1733835001.520223 0:5 ruxos_posix_api::imp::mmap::trap:61] [36mPage Fault Happening, vaddr:0x50000008a000, casue:INSTRUCTION, map_flags:MappingFlags(READ | WRITE | EXECUTE | USER)[m
[m[37m[1733835001.520641 0:5 ruxos_posix_api::imp::mmap::trap:90] [36mmapping_flags: MappingFlags(READ | WRITE | EXECUTE | USER)[m
[m[37m[1733835001.520935 0:5 ruxhal::arch::aarch64::trap:102] [36missue=0xf, vaddr=0x50000008aeb8, cause=INSTRUCTION[m
[m[37m[1733835001.521203 0:5 ruxos_posix_api::imp::mmap::trap:61] [36mPage Fault Happening, vaddr:0x50000008a000, casue:INSTRUCTION, map_flags:MappingFlags(READ | WRITE | EXECUTE | USER)[m
[m[37m[1733835001.521620 0:5 ruxos_posix_api::imp::mmap::trap:90] [36mmapping_flags: MappingFlags(READ | WRITE | EXECUTE | USER)[m
[m[37m[1733835001.521914 0:5 ruxhal::arch::aarch64::trap:102] [36missue=0xf, vaddr=0x50000008aeb8, cause=INSTRUCTION[m
[m[37m[1733835001.522185 0:5 ruxos_posix_api::imp::mmap::trap:61] [36mPage Fault Happening, vaddr:0x50000008a000, casue:INSTRUCTION, map_flags:MappingFlags(READ | WRITE | EXECUTE | USER)[m
[m[37m[1733835001.522601 0:5 ruxos_posix_api::imp::mmap::trap:90] [36mmapping_flags: MappingFlags(READ | WRITE | EXECUTE | USER)[m
[m[37m[1733835001.522895 0:5 ruxhal::arch::aarch64::trap:102] [36missue=0xf, vaddr=0x50000008aeb8, cause=INSTRUCTION[m
[m[37m[1733835001.523165 0:5 ruxos_posix_api::imp::mmap::trap:61] [36mPage Fault Happening, vaddr:0x50000008a000, casue:INSTRUCTION, map_flags:MappingFlags(READ | WRITE | EXECUTE | USER)[m
[m[37m[1733835001.523583 0:5 ruxos_posix_api::imp::mmap::trap:90] [36mmapping_flags: MappingFlags(READ | WRITE | EXECUTE | USER)[m
[m[37m[1733835001.523878 0:5 ruxhal::arch::aarch64::trap:102] [36missue=0xf, vaddr=0x50000008aeb8, cause=INSTRUCTION[m
[m[37m[1733835001.524146 0:5 ruxos_posix_api::imp::mmap::trap:61] [36mPage Fault Happening, vaddr:0x50000008a000, casue:INSTRUCTION, map_flags:MappingFlags(READ | WRITE | EXECUTE | USER)[m
[m[37m[1733835001.524585 0:5 ruxos_posix_api::imp::mmap::trap:90] [36mmapping_flags: MappingFlags(READ | WRITE | EXECUTE | USER)[m
[m[37m[1733835001.524918 0:5 ruxhal::arch::aarch64::trap:102] [36missue=0xf, vaddr=0x50000008aeb8, cause=INSTRUCTION[m
[m[37m[1733835001.525206 0:5 ruxos_posix_api::imp::mmap::trap:61] [36mPage Fault Happening, vaddr:0x50000008a000, casue:INSTRUCTION, map_flags:MappingFlags(READ | WRITE | EXECUTE | USER)[m
[m[37m[1733835001.525626 0:5 ruxos_posix_api::imp::mmap::trap:90] [36mmapping_flags: MappingFlags(READ | WRITE | EXECUTE | USER)[m
[m[37m[1733835001.525921 0:5 ruxhal::arch::aarch64::trap:102] [36missue=0xf, vaddr=0x50000008aeb8, cause=INSTRUCTION[m
[m[37m[1733835001.526191 0:5 ruxos_posix_api::imp::mmap::trap:61] [36mPage Fault Happening, vaddr:0x50000008a000, casue:INSTRUCTION, map_flags:MappingFlags(READ | WRITE | EXECUTE | USER)[m
[m[37m[1733835001.526608 0:5 ruxos_posix_api::imp::mmap::trap:90] [36mmapping_flags: MappingFlags(READ | WRITE | EXECUTE | USER)[m
[m[37m[1733835001.526903 0:5 ruxhal::arch::aarch64::trap:102] [36missue=0xf, vaddr=0x50000008aeb8, cause=INSTRUCTION[m
[m[37m[1733835001.527171 0:5 ruxos_posix_api::imp::mmap::trap:61] [36mPage Fault Happening, vaddr:0x50000008a000, casue:INSTRUCTION, map_flags:MappingFlags(READ | WRITE | EXECUTE | USER)[m
[m[37m[1733835001.527586 0:5 ruxos_posix_api::imp::mmap::trap:90] [36mmapping_flags: MappingFlags(READ | WRITE | EXECUTE | USER)[m
[m[37m[1733835001.527880 0:5 ruxhal::arch::aarch64::trap:102] [36missue=0xf, vaddr=0x50000008aeb8, cause=INSTRUCTION[m
[m[37m[1733835001.528148 0:5 ruxos_posix_api::imp::mmap::trap:61] [36mPage Fault Happening, vaddr:0x50000008a000, casue:INSTRUCTION, map_flags:MappingFlags(READ | WRITE | EXECUTE | USER)[m
[m[37m[1733835001.528565 0:5 ruxos_posix_api::imp::mmap::trap:90] [36mmapping_flags: MappingFlags(READ | WRITE | EXECUTE | USER)[m
[m[37m[1733835001.528862 0:5 ruxhal::arch::aarch64::trap:102] [36missue=0xf, vaddr=0x50000008aeb8, cause=INSTRUCTION[m
[m[37m[1733835001.529129 0:5 ruxos_posix_api::imp::mmap::trap:61] [36mPage Fault Happening, vaddr:0x50000008a000, casue:INSTRUCTION, map_flags:MappingFlags(READ | WRITE | EXECUTE | USER)[m
[m[37m[1733835001.529545 0:5 ruxos_posix_api::imp::mmap::trap:90] [36mmapping_flags: MappingFlags(READ | WRITE | EXECUTE | USER)[m
[m[37m[1733835001.529840 0:5 ruxhal::arch::aarch64::trap:102] [36missue=0xf, vaddr=0x50000008aeb8, cause=INSTRUCTION[m
[m[37m[1733835001.530108 0:5 ruxos_posix_api::imp::mmap::trap:61] [36mPage Fault Happening, vaddr:0x50000008a000, casue:INSTRUCTION, map_flags:MappingFlags(READ | WRITE | EXECUTE | USER)[m
[m[37m[1733835001.530525 0:5 ruxos_posix_api::imp::mmap::trap:90] [36mmapping_flags: MappingFlags(READ | WRITE | EXECUTE | USER)[m
[m[37m[1733835001.530820 0:5 ruxhal::arch::aarch64::trap:102] [36missue=0xf, vaddr=0x50000008aeb8, cause=INSTRUCTION[m
[m[37m[1733835001.531088 0:5 ruxos_posix_api::imp::mmap::trap:61] [36mPage Fault Happening, vaddr:0x50000008a000, casue:INSTRUCTION, map_flags:MappingFlags(READ | WRITE | EXECUTE | USER)[m
[m[37m[1733835001.531506 0:5 ruxos_posix_api::imp::mmap::trap:90] [36mmapping_flags: MappingFlags(READ | WRITE | EXECUTE | USER)[m
[m[37m[1733835001.531802 0:5 ruxhal::arch::aarch64::trap:102] [36missue=0xf, vaddr=0x50000008aeb8, cause=INSTRUCTION[m
[m[37m[1733835001.532071 0:5 ruxos_posix_api::imp::mmap::trap:61] [36mPage Fault Happening, vaddr:0x50000008a000, casue:INSTRUCTION, map_flags:MappingFlags(READ | WRITE | EXECUTE | USER)[m
[m[37m[1733835001.532490 0:5 ruxos_posix_api::imp::mmap::trap:90] [36mmapping_flags: MappingFlags(READ | WRITE | EXECUTE | USER)[m
[m[37m[1733835001.532784 0:5 ruxhal::arch::aarch64::trap:102] [36missue=0xf, vaddr=0x50000008aeb8, cause=INSTRUCTION[m
[m[37m[1733835001.533052 0:5 ruxos_posix_api::imp::mmap::trap:61] [36mPage Fault Happening, vaddr:0x50000008a000, casue:INSTRUCTION, map_flags:MappingFlags(READ | WRITE | EXECUTE | USER)[m
[m[37m[1733835001.533470 0:5 ruxos_posix_api::imp::mmap::trap:90] [36mmapping_flags: MappingFlags(READ | WRITE | EXECUTE | USER)[m
[m[37m[1733835001.533765 0:5 ruxhal::arch::aarch64::trap:102] [36missue=0xf, vaddr=0x50000008aeb8, cause=INSTRUCTION[m
[m[37m[1733835001.534033 0:5 ruxos_posix_api::imp::mmap::trap:61] [36mPage Fault Happening, vaddr:0x50000008a000, casue:INSTRUCTION, map_flags:MappingFlags(READ | WRITE | EXECUTE | USER)[m
[m[37m[1733835001.534452 0:5 ruxos_posix_api::imp::mmap::trap:90] [36mmapping_flags: MappingFlags(READ | WRITE | EXECUTE | USER)[m
[m[37m[1733835001.534797 0:5 ruxhal::arch::aarch64::trap:102] [36missue=0xf, vaddr=0x50000008aeb8, cause=INSTRUCTION[m
[m[37m[1733835001.535064 0:5 ruxos_posix_api::imp::mmap::trap:61] [36mPage Fault Happening, vaddr:0x50000008a000, casue:INSTRUCTION, map_flags:MappingFlags(READ | WRITE | EXECUTE | USER)[m
[m[37m[1733835001.535484 0:5 ruxos_posix_api::imp::mmap::trap:90] [36mmapping_flags: MappingFlags(READ | WRITE | EXECUTE | USER)[m
[m[37m[1733835001.535778 0:5 ruxhal::arch::aarch64::trap:102] [36missue=0xf, vaddr=0x50000008aeb8, cause=INSTRUCTION[m
[m[37m[1733835001.536045 0:5 ruxos_posix_api::imp::mmap::trap:61] [36mPage Fault Happening, vaddr:0x50000008a000, casue:INSTRUCTION, map_flags:MappingFlags(READ | WRITE | EXECUTE | USER)[m
[m[37m[1733835001.536462 0:5 ruxos_posix_api::imp::mmap::trap:90] [36mmapping_flags: MappingFlags(READ | WRITE | EXECUTE | USER)[m
[m[37m[1733835001.536755 0:5 ruxhal::arch::aarch64::trap:102] [36missue=0xf, vaddr=0x50000008aeb8, cause=INSTRUCTION[m
[m[37m[1733835001.537042 0:5 ruxos_posix_api::imp::mmap::trap:61] [36mPage Fault Happening, vaddr:0x50000008a000, casue:INSTRUCTION, map_flags:MappingFlags(READ | WRITE | EXECUTE | USER)[m
[m[37m[1733835001.537490 0:5 ruxos_posix_api::imp::mmap::trap:90] [36mmapping_flags: MappingFlags(READ | WRITE | EXECUTE | USER)[m
[m[37m[1733835001.537787 0:5 ruxhal::arch::aarch64::trap:102] [36missue=0xf, vaddr=0x50000008aeb8, cause=INSTRUCTION[m
[m[37m[1733835001.538055 0:5 ruxos_posix_api::imp::mmap::trap:61] [36mPage Fault Happening, vaddr:0x50000008a000, casue:INSTRUCTION, map_flags:MappingFlags(READ | WRITE | EXECUTE | USER)[m
[m[37m[1733835001.538479 0:5 ruxos_posix_api::imp::mmap::trap:90] [36mmapping_flags: MappingFlags(READ | WRITE | EXECUTE | USER)[m
[m[37m[1733835001.538780 0:5 ruxhal::arch::aarch64::trap:102] [36missue=0xf, vaddr=0x50000008aeb8, cause=INSTRUCTION[m
[m[37m[1733835001.539055 0:5 ruxos_posix_api::imp::mmap::trap:61] [36mPage Fault Happening, vaddr:0x50000008a000, casue:INSTRUCTION, map_flags:MappingFlags(READ | WRITE | EXECUTE | USER)[m
[m[37m[1733835001.539472 0:5 ruxos_posix_api::imp::mmap::trap:90] [36mmapping_flags: MappingFlags(READ | WRITE | EXECUTE | USER)[m
[m[37m[1733835001.539767 0:5 ruxhal::arch::aarch64::trap:102] [36missue=0xf, vaddr=0x50000008aeb8, cause=INSTRUCTION[m
[m[37m[1733835001.540035 0:5 ruxos_posix_api::imp::mmap::trap:61] [36mPage Fault Happening, vaddr:0x50000008a000, casue:INSTRUCTION, map_flags:MappingFlags(READ | WRITE | EXECUTE | USER)[m
[m[37m[1733835001.540452 0:5 ruxos_posix_api::imp::mmap::trap:90] [36mmapping_flags: MappingFlags(READ | WRITE | EXECUTE | USER)[m
[m[37m[1733835001.540747 0:5 ruxhal::arch::aarch64::trap:102] [36missue=0xf, vaddr=0x50000008aeb8, cause=INSTRUCTION[m
[m[37m[1733835001.541018 0:5 ruxos_posix_api::imp::mmap::trap:61] [36mPage Fault Happening, vaddr:0x50000008a000, casue:INSTRUCTION, map_flags:MappingFlags(READ | WRITE | EXECUTE | USER)[m
[m[37m[1733835001.541435 0:5 ruxos_posix_api::imp::mmap::trap:90] [36mmapping_flags: MappingFlags(READ | WRITE | EXECUTE | USER)[m
[m[37m[1733835001.541729 0:5 ruxhal::arch::aarch64::trap:102] [36missue=0xf, vaddr=0x50000008aeb8, cause=INSTRUCTION[m
[m[37m[1733835001.541997 0:5 ruxos_posix_api::imp::mmap::trap:61] [36mPage Fault Happening, vaddr:0x50000008a000, casue:INSTRUCTION, map_flags:MappingFlags(READ | WRITE | EXECUTE | USER)[m
[m[37m[1733835001.542416 0:5 ruxos_posix_api::imp::mmap::trap:90] [36mmapping_flags: MappingFlags(READ | WRITE | EXECUTE | USER)[m
[m[37m[1733835001.542710 0:5 ruxhal::arch::aarch64::trap:102] [36missue=0xf, vaddr=0x50000008aeb8, cause=INSTRUCTION[m
[m[37m[1733835001.542978 0:5 ruxos_posix_api::imp::mmap::trap:61] [36mPage Fault Happening, vaddr:0x50000008a000, casue:INSTRUCTION, map_flags:MappingFlags(READ | WRITE | EXECUTE | USER)[m
[m[37m[1733835001.543396 0:5 ruxos_posix_api::imp::mmap::trap:90] [36mmapping_flags: MappingFlags(READ | WRITE | EXECUTE | USER)[m
[m[37m[1733835001.543690 0:5 ruxhal::arch::aarch64::trap:102] [36missue=0xf, vaddr=0x50000008aeb8, cause=INSTRUCTION[m
[m[37m[1733835001.543958 0:5 ruxos_posix_api::imp::mmap::trap:61] [36mPage Fault Happening, vaddr:0x50000008a000, casue:INSTRUCTION, map_flags:MappingFlags(READ | WRITE | EXECUTE | USER)[m
[m[37m[1733835001.544376 0:5 ruxos_posix_api::imp::mmap::trap:90] [36mmapping_flags: MappingFlags(READ | WRITE | EXECUTE | USER)[m
[m[37m[1733835001.544720 0:5 ruxhal::arch::aarch64::trap:102] [36missue=0xf, vaddr=0x50000008aeb8, cause=INSTRUCTION[m
[m[37m[1733835001.544989 0:5 ruxos_posix_api::imp::mmap::trap:61] [36mPage Fault Happening, vaddr:0x50000008a000, casue:INSTRUCTION, map_flags:MappingFlags(READ | WRITE | EXECUTE | USER)[m
[m[37m[1733835001.545405 0:5 ruxos_posix_api::imp::mmap::trap:90] [36mmapping_flags: MappingFlags(READ | WRITE | EXECUTE | USER)[m
[m[37m[1733835001.545702 0:5 ruxhal::arch::aarch64::trap:102] [36missue=0xf, vaddr=0x50000008aeb8, cause=INSTRUCTION[m
[m[37m[1733835001.545971 0:5 ruxos_posix_api::imp::mmap::trap:61] [36mPage Fault Happening, vaddr:0x50000008a000, casue:INSTRUCTION, map_flags:MappingFlags(READ | WRITE | EXECUTE | USER)[m
[m[37m[1733835001.546388 0:5 ruxos_posix_api::imp::mmap::trap:90] [36mmapping_flags: MappingFlags(READ | WRITE | EXECUTE | USER)[m
[m[37m[1733835001.546683 0:5 ruxhal::arch::aarch64::trap:102] [36missue=0xf, vaddr=0x50000008aeb8, cause=INSTRUCTION[m
[m[37m[1733835001.546950 0:5 ruxos_posix_api::imp::mmap::trap:61] [36mPage Fault Happening, vaddr:0x50000008a000, casue:INSTRUCTION, map_flags:MappingFlags(READ | WRITE | EXECUTE | USER)[m
[m[37m[1733835001.547366 0:5 ruxos_posix_api::imp::mmap::trap:90] [36mmapping_flags: MappingFlags(READ | WRITE | EXECUTE | USER)[m
[m[37m[1733835001.547661 0:5 ruxhal::arch::aarch64::trap:102] [36missue=0xf, vaddr=0x50000008aeb8, cause=INSTRUCTION[m
[m[37m[1733835001.547928 0:5 ruxos_posix_api::imp::mmap::trap:61] [36mPage Fault Happening, vaddr:0x50000008a000, casue:INSTRUCTION, map_flags:MappingFlags(READ | WRITE | EXECUTE | USER)[m
[m[37m[1733835001.548345 0:5 ruxos_posix_api::imp::mmap::trap:90] [36mmapping_flags: MappingFlags(READ | WRITE | EXECUTE | USER)[m
[m[37m[1733835001.548640 0:5 ruxhal::arch::aarch64::trap:102] [36missue=0xf, vaddr=0x50000008aeb8, cause=INSTRUCTION[m
[m[37m[1733835001.548910 0:5 ruxos_posix_api::imp::mmap::trap:61] [36mPage Fault Happening, vaddr:0x50000008a000, casue:INSTRUCTION, map_flags:MappingFlags(READ | WRITE | EXECUTE | USER)[m
[m[37m[1733835001.549328 0:5 ruxos_posix_api::imp::mmap::trap:90] [36mmapping_flags: MappingFlags(READ | WRITE | EXECUTE | USER)[m
[m[37m[1733835001.549622 0:5 ruxhal::arch::aarch64::trap:102] [36missue=0xf, vaddr=0x50000008aeb8, cause=INSTRUCTION[m
[m[37m[1733835001.549892 0:5 ruxos_posix_api::imp::mmap::trap:61] [36mPage Fault Happening, vaddr:0x50000008a000, casue:INSTRUCTION, map_flags:MappingFlags(READ | WRITE | EXECUTE | USER)[m
[m[37m[1733835001.550311 0:5 ruxos_posix_api::imp::mmap::trap:90] [36mmapping_flags: MappingFlags(READ | WRITE | EXECUTE | USER)[m
[m[37m[1733835001.550610 0:5 ruxhal::arch::aarch64::trap:102] [36missue=0xf, vaddr=0x50000008aeb8, cause=INSTRUCTION[m
[m[37m[1733835001.550879 0:5 ruxos_posix_api::imp::mmap::trap:61] [36mPage Fault Happening, vaddr:0x50000008a000, casue:INSTRUCTION, map_flags:MappingFlags(READ | WRITE | EXECUTE | USER)[m
[m[37m[1733835001.551297 0:5 ruxos_posix_api::imp::mmap::trap:90] [36mmapping_flags: MappingFlags(READ | WRITE | EXECUTE | USER)[m
[m[37m[1733835001.551592 0:5 ruxhal::arch::aarch64::trap:102] [36missue=0xf, vaddr=0x50000008aeb8, cause=INSTRUCTION[m
[m[37m[1733835001.551862 0:5 ruxos_posix_api::imp::mmap::trap:61] [36mPage Fault Happening, vaddr:0x50000008a000, casue:INSTRUCTION, map_flags:MappingFlags(READ | WRITE | EXECUTE | USER)[m
[m[37m[1733835001.552284 0:5 ruxos_posix_api::imp::mmap::trap:90] [36mmapping_flags: MappingFlags(READ | WRITE | EXECUTE | USER)[m
[m[37m[1733835001.552580 0:5 ruxhal::arch::aarch64::trap:102] [36missue=0xf, vaddr=0x50000008aeb8, cause=INSTRUCTION[m
[m[37m[1733835001.552848 0:5 ruxos_posix_api::imp::mmap::trap:61] [36mPage Fault Happening, vaddr:0x50000008a000, casue:INSTRUCTION, map_flags:MappingFlags(READ | WRITE | EXECUTE | USER)[m
[m[37m[1733835001.553267 0:5 ruxos_posix_api::imp::mmap::trap:90] [36mmapping_flags: MappingFlags(READ | WRITE | EXECUTE | USER)[m
[m[37m[1733835001.553563 0:5 ruxhal::arch::aarch64::trap:102] [36missue=0xf, vaddr=0x50000008aeb8, cause=INSTRUCTION[m
[m[37m[1733835001.553832 0:5 ruxos_posix_api::imp::mmap::trap:61] [36mPage Fault Happening, vaddr:0x50000008a000, casue:INSTRUCTION, map_flags:MappingFlags(READ | WRITE | EXECUTE | USER)[m
[m[37m[1733835001.554250 0:5 ruxos_posix_api::imp::mmap::trap:90] [36mmapping_flags: MappingFlags(READ | WRITE | EXECUTE | USER)[m
[m[37m[1733835001.554578 0:5 ruxhal::arch::aarch64::trap:102] [36missue=0xf, vaddr=0x50000008aeb8, cause=INSTRUCTION[m
[m[37m[1733835001.554846 0:5 ruxos_posix_api::imp::mmap::trap:61] [36mPage Fault Happening, vaddr:0x50000008a000, casue:INSTRUCTION, map_flags:MappingFlags(READ | WRITE | EXECUTE | USER)[m
[m[37m[1733835001.555265 0:5 ruxos_posix_api::imp::mmap::trap:90] [36mmapping_flags: MappingFlags(READ | WRITE | EXECUTE | USER)[m
[m[37m[1733835001.555563 0:5 ruxhal::arch::aarch64::trap:102] [36missue=0xf, vaddr=0x50000008aeb8, cause=INSTRUCTION[m
[m[37m[1733835001.555830 0:5 ruxos_posix_api::imp::mmap::trap:61] [36mPage Fault Happening, vaddr:0x50000008a000, casue:INSTRUCTION, map_flags:MappingFlags(READ | WRITE | EXECUTE | USER)[m
[m[37m[1733835001.556248 0:5 ruxos_posix_api::imp::mmap::trap:90] [36mmapping_flags: MappingFlags(READ | WRITE | EXECUTE | USER)[m
[m[37m[1733835001.556542 0:5 ruxhal::arch::aarch64::trap:102] [36missue=0xf, vaddr=0x50000008aeb8, cause=INSTRUCTION[m
[m[37m[1733835001.556811 0:5 ruxos_posix_api::imp::mmap::trap:61] [36mPage Fault Happening, vaddr:0x50000008a000, casue:INSTRUCTION, map_flags:MappingFlags(READ | WRITE | EXECUTE | USER)[m
[m[37m[1733835001.557228 0:5 ruxos_posix_api::imp::mmap::trap:90] [36mmapping_flags: MappingFlags(READ | WRITE | EXECUTE | USER)[m
[m[37m[1733835001.557522 0:5 ruxhal::arch::aarch64::trap:102] [36missue=0xf, vaddr=0x50000008aeb8, cause=INSTRUCTION[m
[m[37m[1733835001.557791 0:5 ruxos_posix_api::imp::mmap::trap:61] [36mPage Fault Happening, vaddr:0x50000008a000, casue:INSTRUCTION, map_flags:MappingFlags(READ | WRITE | EXECUTE | USER)[m
[m[37m[1733835001.558210 0:5 ruxos_posix_api::imp::mmap::trap:90] [36mmapping_flags: MappingFlags(READ | WRITE | EXECUTE | USER)[m
[m[37m[1733835001.558505 0:5 ruxhal::arch::aarch64::trap:102] [36missue=0xf, vaddr=0x50000008aeb8, cause=INSTRUCTION[m
[m[37m[1733835001.558774 0:5 ruxos_posix_api::imp::mmap::trap:61] [36mPage Fault Happening, vaddr:0x50000008a000, casue:INSTRUCTION, map_flags:MappingFlags(READ | WRITE | EXECUTE | USER)[m
[m[37m[1733835001.559195 0:5 ruxos_posix_api::imp::mmap::trap:90] [36mmapping_flags: MappingFlags(READ | WRITE | EXECUTE | USER)[m
[m[37m[1733835001.559491 0:5 ruxhal::arch::aarch64::trap:102] [36missue=0xf, vaddr=0x50000008aeb8, cause=INSTRUCTION[m
[m[37m[1733835001.559759 0:5 ruxos_posix_api::imp::mmap::trap:61] [36mPage Fault Happening, vaddr:0x50000008a000, casue:INSTRUCTION, map_flags:MappingFlags(READ | WRITE | EXECUTE | USER)[m
[m[37m[1733835001.560176 0:5 ruxos_posix_api::imp::mmap::trap:90] [36mmapping_flags: MappingFlags(READ | WRITE | EXECUTE | USER)[m
[m[37m[1733835001.560470 0:5 ruxhal::arch::aarch64::trap:102] [36missue=0xf, vaddr=0x50000008aeb8, cause=INSTRUCTION[m
[m[37m[1733835001.560739 0:5 ruxos_posix_api::imp::mmap::trap:61] [36mPage Fault Happening, vaddr:0x50000008a000, casue:INSTRUCTION, map_flags:MappingFlags(READ | WRITE | EXECUTE | USER)[m
[m[37m[1733835001.561156 0:5 ruxos_posix_api::imp::mmap::trap:90] [36mmapping_flags: MappingFlags(READ | WRITE | EXECUTE | USER)[m
[m[37m[1733835001.561451 0:5 ruxhal::arch::aarch64::trap:102] [36missue=0xf, vaddr=0x50000008aeb8, cause=INSTRUCTION[m
[m[37m[1733835001.561720 0:5 ruxos_posix_api::imp::mmap::trap:61] [36mPage Fault Happening, vaddr:0x50000008a000, casue:INSTRUCTION, map_flags:MappingFlags(READ | WRITE | EXECUTE | USER)[m
[m[37m[1733835001.562139 0:5 ruxos_posix_api::imp::mmap::trap:90] [36mmapping_flags: MappingFlags(READ | WRITE | EXECUTE | USER)[m
[m[37m[1733835001.562434 0:5 ruxhal::arch::aarch64::trap:102] [36missue=0xf, vaddr=0x50000008aeb8, cause=INSTRUCTION[m
[m[37m[1733835001.562702 0:5 ruxos_posix_api::imp::mmap::trap:61] [36mPage Fault Happening, vaddr:0x50000008a000, casue:INSTRUCTION, map_flags:MappingFlags(READ | WRITE | EXECUTE | USER)[m
[m[37m[1733835001.563121 0:5 ruxos_posix_api::imp::mmap::trap:90] [36mmapping_flags: MappingFlags(READ | WRITE | EXECUTE | USER)[m
[m[37m[1733835001.563417 0:5 ruxhal::arch::aarch64::trap:102] [36missue=0xf, vaddr=0x50000008aeb8, cause=INSTRUCTION[m
[m[37m[1733835001.563686 0:5 ruxos_posix_api::imp::mmap::trap:61] [36mPage Fault Happening, vaddr:0x50000008a000, casue:INSTRUCTION, map_flags:MappingFlags(READ | WRITE | EXECUTE | USER)[m
[m[37m[1733835001.564103 0:5 ruxos_posix_api::imp::mmap::trap:90] [36mmapping_flags: MappingFlags(READ | WRITE | EXECUTE | USER)[m
[m[37m[1733835001.564398 0:5 ruxhal::arch::aarch64::trap:102] [36missue=0xf, vaddr=0x50000008aeb8, cause=INSTRUCTION[m
[m[37m[1733835001.564703 0:5 ruxos_posix_api::imp::mmap::trap:61] [36mPage Fault Happening, vaddr:0x50000008a000, casue:INSTRUCTION, map_flags:MappingFlags(READ | WRITE | EXECUTE | USER)[m
[m[37m[1733835001.565162 0:5 ruxos_posix_api::imp::mmap::trap:90] [36mmapping_flags: MappingFlags(READ | WRITE | EXECUTE | USER)[m
[m[37m[1733835001.565496 0:5 ruxhal::arch::aarch64::trap:102] [36missue=0xf, vaddr=0x50000008aeb8, cause=INSTRUCTION[m
[m[37m[1733835001.565777 0:5 ruxos_posix_api::imp::mmap::trap:61] [36mPage Fault Happening, vaddr:0x50000008a000, casue:INSTRUCTION, map_flags:MappingFlags(READ | WRITE | EXECUTE | USER)[m
[m[37m[1733835001.566194 0:5 ruxos_posix_api::imp::mmap::trap:90] [36mmapping_flags: MappingFlags(READ | WRITE | EXECUTE | USER)[m
[m[37m[1733835001.566491 0:5 ruxhal::arch::aarch64::trap:102] [36missue=0xf, vaddr=0x50000008aeb8, cause=INSTRUCTION[m
[m[37m[1733835001.566758 0:5 ruxos_posix_api::imp::mmap::trap:61] [36mPage Fault Happening, vaddr:0x50000008a000, casue:INSTRUCTION, map_flags:MappingFlags(READ | WRITE | EXECUTE | USER)[m
[m[37m[1733835001.567175 0:5 ruxos_posix_api::imp::mmap::trap:90] [36mmapping_flags: MappingFlags(READ | WRITE | EXECUTE | USER)[m
[m[37m[1733835001.567471 0:5 ruxhal::arch::aarch64::trap:102] [36missue=0xf, vaddr=0x50000008aeb8, cause=INSTRUCTION[m
[m[37m[1733835001.567743 0:5 ruxos_posix_api::imp::mmap::trap:61] [36mPage Fault Happening, vaddr:0x50000008a000, casue:INSTRUCTION, map_flags:MappingFlags(READ | WRITE | EXECUTE | USER)[m
[m[37m[1733835001.568161 0:5 ruxos_posix_api::imp::mmap::trap:90] [36mmapping_flags: MappingFlags(READ | WRITE | EXECUTE | USER)[m
[m[37m[1733835001.568455 0:5 ruxhal::arch::aarch64::trap:102] [36missue=0xf, vaddr=0x50000008aeb8, cause=INSTRUCTION[m
[m[37m[1733835001.568723 0:5 ruxos_posix_api::imp::mmap::trap:61] [36mPage Fault Happening, vaddr:0x50000008a000, casue:INSTRUCTION, map_flags:MappingFlags(READ | WRITE | EXECUTE | USER)[m
[m[37m[1733835001.569141 0:5 ruxos_posix_api::imp::mmap::trap:90] [36mmapping_flags: MappingFlags(READ | WRITE | EXECUTE | USER)[m
[m[37m[1733835001.569435 0:5 ruxhal::arch::aarch64::trap:102] [36missue=0xf, vaddr=0x50000008aeb8, cause=INSTRUCTION[m
[m[37m[1733835001.569702 0:5 ruxos_posix_api::imp::mmap::trap:61] [36mPage Fault Happening, vaddr:0x50000008a000, casue:INSTRUCTION, map_flags:MappingFlags(READ | WRITE | EXECUTE | USER)[m
[m[37m[1733835001.570119 0:5 ruxos_posix_api::imp::mmap::trap:90] [36mmapping_flags: MappingFlags(READ | WRITE | EXECUTE | USER)[m
[m[37m[1733835001.570414 0:5 ruxhal::arch::aarch64::trap:102] [36missue=0xf, vaddr=0x50000008aeb8, cause=INSTRUCTION[m
[m[37m[1733835001.570682 0:5 ruxos_posix_api::imp::mmap::trap:61] [36mPage Fault Happening, vaddr:0x50000008a000, casue:INSTRUCTION, map_flags:MappingFlags(READ | WRITE | EXECUTE | USER)[m
[m[37m[1733835001.571099 0:5 ruxos_posix_api::imp::mmap::trap:90] [36mmapping_flags: MappingFlags(READ | WRITE | EXECUTE | USER)[m
[m[37m[1733835001.571397 0:5 ruxhal::arch::aarch64::trap:102] [36missue=0xf, vaddr=0x50000008aeb8, cause=INSTRUCTION[m
[m[37m[1733835001.571665 0:5 ruxos_posix_api::imp::mmap::trap:61] [36mPage Fault Happening, vaddr:0x50000008a000, casue:INSTRUCTION, map_flags:MappingFlags(READ | WRITE | EXECUTE | USER)[m
[m[37m[1733835001.572083 0:5 ruxos_posix_api::imp::mmap::trap:90] [36mmapping_flags: MappingFlags(READ | WRITE | EXECUTE | USER)[m
[m[37m[1733835001.572379 0:5 ruxhal::arch::aarch64::trap:102] [36missue=0xf, vaddr=0x50000008aeb8, cause=INSTRUCTION[m
[m[37m[1733835001.572647 0:5 ruxos_posix_api::imp::mmap::trap:61] [36mPage Fault Happening, vaddr:0x50000008a000, casue:INSTRUCTION, map_flags:MappingFlags(READ | WRITE | EXECUTE | USER)[m
[m[37m[1733835001.573064 0:5 ruxos_posix_api::imp::mmap::trap:90] [36mmapping_flags: MappingFlags(READ | WRITE | EXECUTE | USER)[m
[m[37m[1733835001.573359 0:5 ruxhal::arch::aarch64::trap:102] [36missue=0xf, vaddr=0x50000008aeb8, cause=INSTRUCTION[m
[m[37m[1733835001.573627 0:5 ruxos_posix_api::imp::mmap::trap:61] [36mPage Fault Happening, vaddr:0x50000008a000, casue:INSTRUCTION, map_flags:MappingFlags(READ | WRITE | EXECUTE | USER)[m
[m[37m[1733835001.574046 0:5 ruxos_posix_api::imp::mmap::trap:90] [36mmapping_flags: MappingFlags(READ | WRITE | EXECUTE | USER)[m
[m[37m[1733835001.574341 0:5 ruxhal::arch::aarch64::trap:102] [36missue=0xf, vaddr=0x50000008aeb8, cause=INSTRUCTION[m
[m[37m[1733835001.574640 0:5 ruxos_posix_api::imp::mmap::trap:61] [36mPage Fault Happening, vaddr:0x50000008a000, casue:INSTRUCTION, map_flags:MappingFlags(READ | WRITE | EXECUTE | USER)[m
[m[37m[1733835001.575100 0:5 ruxos_posix_api::imp::mmap::trap:90] [36mmapping_flags: MappingFlags(READ | WRITE | EXECUTE | USER)[m
[m[37m[1733835001.575432 0:5 ruxhal::arch::aarch64::trap:102] [36missue=0xf, vaddr=0x50000008aeb8, cause=INSTRUCTION[m
[m[37m[1733835001.575717 0:5 ruxos_posix_api::imp::mmap::trap:61] [36mPage Fault Happening, vaddr:0x50000008a000, casue:INSTRUCTION, map_flags:MappingFlags(READ | WRITE | EXECUTE | USER)[m
[m[37m[1733835001.576135 0:5 ruxos_posix_api::imp::mmap::trap:90] [36mmapping_flags: MappingFlags(READ | WRITE | EXECUTE | USER)[m
[m[37m[1733835001.576430 0:5 ruxhal::arch::aarch64::trap:102] [36missue=0xf, vaddr=0x50000008aeb8, cause=INSTRUCTION[m
[m[37m[1733835001.576700 0:5 ruxos_posix_api::imp::mmap::trap:61] [36mPage Fault Happening, vaddr:0x50000008a000, casue:INSTRUCTION, map_flags:MappingFlags(READ | WRITE | EXECUTE | USER)[m
[m[37m[1733835001.577117 0:5 ruxos_posix_api::imp::mmap::trap:90] [36mmapping_flags: MappingFlags(READ | WRITE | EXECUTE | USER)[m
[m[37m[1733835001.577412 0:5 ruxhal::arch::aarch64::trap:102] [36missue=0xf, vaddr=0x50000008aeb8, cause=INSTRUCTION[m
[m[37m[1733835001.577680 0:5 ruxos_posix_api::imp::mmap::trap:61] [36mPage Fault Happening, vaddr:0x50000008a000, casue:INSTRUCTION, map_flags:MappingFlags(READ | WRITE | EXECUTE | USER)[m
[m[37m[1733835001.578097 0:5 ruxos_posix_api::imp::mmap::trap:90] [36mmapping_flags: MappingFlags(READ | WRITE | EXECUTE | USER)[m
[m[37m[1733835001.578392 0:5 ruxhal::arch::aarch64::trap:102] [36missue=0xf, vaddr=0x50000008aeb8, cause=INSTRUCTION[m
[m[37m[1733835001.578661 0:5 ruxos_posix_api::imp::mmap::trap:61] [36mPage Fault Happening, vaddr:0x50000008a000, casue:INSTRUCTION, map_flags:MappingFlags(READ | WRITE | EXECUTE | USER)[m
[m[37m[1733835001.579079 0:5 ruxos_posix_api::imp::mmap::trap:90] [36mmapping_flags: MappingFlags(READ | WRITE | EXECUTE | USER)[m
[m[37m[1733835001.579373 0:5 ruxhal::arch::aarch64::trap:102] [36missue=0xf, vaddr=0x50000008aeb8, cause=INSTRUCTION[m
[m[37m[1733835001.579641 0:5 ruxos_posix_api::imp::mmap::trap:61] [36mPage Fault Happening, vaddr:0x50000008a000, casue:INSTRUCTION, map_flags:MappingFlags(READ | WRITE | EXECUTE | USER)[m
[m[37m[1733835001.580059 0:5 ruxos_posix_api::imp::mmap::trap:90] [36mmapping_flags: MappingFlags(READ | WRITE | EXECUTE | USER)[m
[m[37m[1733835001.580354 0:5 ruxhal::arch::aarch64::trap:102] [36missue=0xf, vaddr=0x50000008aeb8, cause=INSTRUCTION[m
[m[37m[1733835001.580623 0:5 ruxos_posix_api::imp::mmap::trap:61] [36mPage Fault Happening, vaddr:0x50000008a000, casue:INSTRUCTION, map_flags:MappingFlags(READ | WRITE | EXECUTE | USER)[m
[m[37m[1733835001.581039 0:5 ruxos_posix_api::imp::mmap::trap:90] [36mmapping_flags: MappingFlags(READ | WRITE | EXECUTE | USER)[m
[m[37m[1733835001.581333 0:5 ruxhal::arch::aarch64::trap:102] [36missue=0xf, vaddr=0x50000008aeb8, cause=INSTRUCTION[m
[m[37m[1733835001.581602 0:5 ruxos_posix_api::imp::mmap::trap:61] [36mPage Fault Happening, vaddr:0x50000008a000, casue:INSTRUCTION, map_flags:MappingFlags(READ | WRITE | EXECUTE | USER)[m
[m[37m[1733835001.582019 0:5 ruxos_posix_api::imp::mmap::trap:90] [36mmapping_flags: MappingFlags(READ | WRITE | EXECUTE | USER)[m
[m[37m[1733835001.582316 0:5 ruxhal::arch::aarch64::trap:102] [36missue=0xf, vaddr=0x50000008aeb8, cause=INSTRUCTION[m
[m[37m[1733835001.582584 0:5 ruxos_posix_api::imp::mmap::trap:61] [36mPage Fault Happening, vaddr:0x50000008a000, casue:INSTRUCTION, map_flags:MappingFlags(READ | WRITE | EXECUTE | USER)[m
[m[37m[1733835001.583002 0:5 ruxos_posix_api::imp::mmap::trap:90] [36mmapping_flags: MappingFlags(READ | WRITE | EXECUTE | USER)[m
[m[37m[1733835001.583296 0:5 ruxhal::arch::aarch64::trap:102] [36missue=0xf, vaddr=0x50000008aeb8, cause=INSTRUCTION[m
[m[37m[1733835001.583568 0:5 ruxos_posix_api::imp::mmap::trap:61] [36mPage Fault Happening, vaddr:0x50000008a000, casue:INSTRUCTION, map_flags:MappingFlags(READ | WRITE | EXECUTE | USER)[m
[m[37m[1733835001.583993 0:5 ruxos_posix_api::imp::mmap::trap:90] [36mmapping_flags: MappingFlags(READ | WRITE | EXECUTE | USER)[m
[m[37m[1733835001.584289 0:5 ruxhal::arch::aarch64::trap:102] [36missue=0xf, vaddr=0x50000008aeb8, cause=INSTRUCTION[m
[m[37m[1733835001.584578 0:5 ruxos_posix_api::imp::mmap::trap:61] [36mPage Fault Happening, vaddr:0x50000008a000, casue:INSTRUCTION, map_flags:MappingFlags(READ | WRITE | EXECUTE | USER)[m
[m[37m[1733835001.585038 0:5 ruxos_posix_api::imp::mmap::trap:90] [36mmapping_flags: MappingFlags(READ | WRITE | EXECUTE | USER)[m
[m[37m[1733835001.585369 0:5 ruxhal::arch::aarch64::trap:102] [36missue=0xf, vaddr=0x50000008aeb8, cause=INSTRUCTION[m
[m[37m[1733835001.585661 0:5 ruxos_posix_api::imp::mmap::trap:61] [36mPage Fault Happening, vaddr:0x50000008a000, casue:INSTRUCTION, map_flags:MappingFlags(READ | WRITE | EXECUTE | USER)[m
[m[37m[1733835001.586079 0:5 ruxos_posix_api::imp::mmap::trap:90] [36mmapping_flags: MappingFlags(READ | WRITE | EXECUTE | USER)[m
[m[37m[1733835001.586373 0:5 ruxhal::arch::aarch64::trap:102] [36missue=0xf, vaddr=0x50000008aeb8, cause=INSTRUCTION[m
[m[37m[1733835001.586642 0:5 ruxos_posix_api::imp::mmap::trap:61] [36mPage Fault Happening, vaddr:0x50000008a000, casue:INSTRUCTION, map_flags:MappingFlags(READ | WRITE | EXECUTE | USER)[m
[m[37m[1733835001.587060 0:5 ruxos_posix_api::imp::mmap::trap:90] [36mmapping_flags: MappingFlags(READ | WRITE | EXECUTE | USER)[m
[m[37m[1733835001.587353 0:5 ruxhal::arch::aarch64::trap:102] [36missue=0xf, vaddr=0x50000008aeb8, cause=INSTRUCTION[m
[m[37m[1733835001.587621 0:5 ruxos_posix_api::imp::mmap::trap:61] [36mPage Fault Happening, vaddr:0x50000008a000, casue:INSTRUCTION, map_flags:MappingFlags(READ | WRITE | EXECUTE | USER)[m
[m[37m[1733835001.588038 0:5 ruxos_posix_api::imp::mmap::trap:90] [36mmapping_flags: MappingFlags(READ | WRITE | EXECUTE | USER)[m
[m[37m[1733835001.588333 0:5 ruxhal::arch::aarch64::trap:102] [36missue=0xf, vaddr=0x50000008aeb8, cause=INSTRUCTION[m
[m[37m[1733835001.588603 0:5 ruxos_posix_api::imp::mmap::trap:61] [36mPage Fault Happening, vaddr:0x50000008a000, casue:INSTRUCTION, map_flags:MappingFlags(READ | WRITE | EXECUTE | USER)[m
[m[37m[1733835001.589022 0:5 ruxos_posix_api::imp::mmap::trap:90] [36mmapping_flags: MappingFlags(READ | WRITE | EXECUTE | USER)[m
[m[37m[1733835001.589317 0:5 ruxhal::arch::aarch64::trap:102] [36missue=0xf, vaddr=0x50000008aeb8, cause=INSTRUCTION[m
[m[37m[1733835001.589585 0:5 ruxos_posix_api::imp::mmap::trap:61] [36mPage Fault Happening, vaddr:0x50000008a000, casue:INSTRUCTION, map_flags:MappingFlags(READ | WRITE | EXECUTE | USER)[m
[m[37m[1733835001.589999 0:5 ruxos_posix_api::imp::mmap::trap:90] [36mmapping_flags: MappingFlags(READ | WRITE | EXECUTE | USER)[m
[m[37m[1733835001.590294 0:5 ruxhal::arch::aarch64::trap:102] [36missue=0xf, vaddr=0x50000008aeb8, cause=INSTRUCTION[m
[m[37m[1733835001.590562 0:5 ruxos_posix_api::imp::mmap::trap:61] [36mPage Fault Happening, vaddr:0x50000008a000, casue:INSTRUCTION, map_flags:MappingFlags(READ | WRITE | EXECUTE | USER)[m
[m[37m[1733835001.590979 0:5 ruxos_posix_api::imp::mmap::trap:90] [36mmapping_flags: MappingFlags(READ | WRITE | EXECUTE | USER)[m
[m[37m[1733835001.591273 0:5 ruxhal::arch::aarch64::trap:102] [36missue=0xf, vaddr=0x50000008aeb8, cause=INSTRUCTION[m
[m[37m[1733835001.591542 0:5 ruxos_posix_api::imp::mmap::trap:61] [36mPage Fault Happening, vaddr:0x50000008a000, casue:INSTRUCTION, map_flags:MappingFlags(READ | WRITE | EXECUTE | USER)[m
[m[37m[1733835001.591960 0:5 ruxos_posix_api::imp::mmap::trap:90] [36mmapping_flags: MappingFlags(READ | WRITE | EXECUTE | USER)[m
[m[37m[1733835001.592256 0:5 ruxhal::arch::aarch64::trap:102] [36missue=0xf, vaddr=0x50000008aeb8, cause=INSTRUCTION[m
[m[37m[1733835001.592524 0:5 ruxos_posix_api::imp::mmap::trap:61] [36mPage Fault Happening, vaddr:0x50000008a000, casue:INSTRUCTION, map_flags:MappingFlags(READ | WRITE | EXECUTE | USER)[m
[m[37m[1733835001.592940 0:5 ruxos_posix_api::imp::mmap::trap:90] [36mmapping_flags: MappingFlags(READ | WRITE | EXECUTE | USER)[m
[m[37m[1733835001.593234 0:5 ruxhal::arch::aarch64::trap:102] [36missue=0xf, vaddr=0x50000008aeb8, cause=INSTRUCTION[m
[m[37m[1733835001.593503 0:5 ruxos_posix_api::imp::mmap::trap:61] [36mPage Fault Happening, vaddr:0x50000008a000, casue:INSTRUCTION, map_flags:MappingFlags(READ | WRITE | EXECUTE | USER)[m
[m[37m[1733835001.593919 0:5 ruxos_posix_api::imp::mmap::trap:90] [36mmapping_flags: MappingFlags(READ | WRITE | EXECUTE | USER)[m
[m[37m[1733835001.594213 0:5 ruxhal::arch::aarch64::trap:102] [36missue=0xf, vaddr=0x50000008aeb8, cause=INSTRUCTION[m
[m[37m[1733835001.594493 0:5 ruxos_posix_api::imp::mmap::trap:61] [36mPage Fault Happening, vaddr:0x50000008a000, casue:INSTRUCTION, map_flags:MappingFlags(READ | WRITE | EXECUTE | USER)[m
[m[37m[1733835001.594951 0:5 ruxos_posix_api::imp::mmap::trap:90] [36mmapping_flags: MappingFlags(READ | WRITE | EXECUTE | USER)[m
[m[37m[1733835001.595282 0:5 ruxhal::arch::aarch64::trap:102] [36missue=0xf, vaddr=0x50000008aeb8, cause=INSTRUCTION[m
[m[37m[1733835001.595570 0:5 ruxos_posix_api::imp::mmap::trap:61] [36mPage Fault Happening, vaddr:0x50000008a000, casue:INSTRUCTION, map_flags:MappingFlags(READ | WRITE | EXECUTE | USER)[m
[m[37m[1733835001.595990 0:5 ruxos_posix_api::imp::mmap::trap:90] [36mmapping_flags: MappingFlags(READ | WRITE | EXECUTE | USER)[m
[m[37m[1733835001.596286 0:5 ruxhal::arch::aarch64::trap:102] [36missue=0xf, vaddr=0x50000008aeb8, cause=INSTRUCTION[m
[m[37m[1733835001.596555 0:5 ruxos_posix_api::imp::mmap::trap:61] [36mPage Fault Happening, vaddr:0x50000008a000, casue:INSTRUCTION, map_flags:MappingFlags(READ | WRITE | EXECUTE | USER)[m
[m[37m[1733835001.596973 0:5 ruxos_posix_api::imp::mmap::trap:90] [36mmapping_flags: MappingFlags(READ | WRITE | EXECUTE | USER)[m
[m[37m[1733835001.597269 0:5 ruxhal::arch::aarch64::trap:102] [36missue=0xf, vaddr=0x50000008aeb8, cause=INSTRUCTION[m
[m[37m[1733835001.597539 0:5 ruxos_posix_api::imp::mmap::trap:61] [36mPage Fault Happening, vaddr:0x50000008a000, casue:INSTRUCTION, map_flags:MappingFlags(READ | WRITE | EXECUTE | USER)[m
[m[37m[1733835001.597955 0:5 ruxos_posix_api::imp::mmap::trap:90] [36mmapping_flags: MappingFlags(READ | WRITE | EXECUTE | USER)[m
[m[37m[1733835001.598250 0:5 ruxhal::arch::aarch64::trap:102] [36missue=0xf, vaddr=0x50000008aeb8, cause=INSTRUCTION[m
[m[37m[1733835001.598520 0:5 ruxos_posix_api::imp::mmap::trap:61] [36mPage Fault Happening, vaddr:0x50000008a000, casue:INSTRUCTION, map_flags:MappingFlags(READ | WRITE | EXECUTE | USER)[m
[m[37m[1733835001.598941 0:5 ruxos_posix_api::imp::mmap::trap:90] [36mmapping_flags: MappingFlags(READ | WRITE | EXECUTE | USER)[m
[m[37m[1733835001.599236 0:5 ruxhal::arch::aarch64::trap:102] [36missue=0xf, vaddr=0x50000008aeb8, cause=INSTRUCTION[m
[m[37m[1733835001.599504 0:5 ruxos_posix_api::imp::mmap::trap:61] [36mPage Fault Happening, vaddr:0x50000008a000, casue:INSTRUCTION, map_flags:MappingFlags(READ | WRITE | EXECUTE | USER)[m
[m[37m[1733835001.599923 0:5 ruxos_posix_api::imp::mmap::trap:90] [36mmapping_flags: MappingFlags(READ | WRITE | EXECUTE | USER)[m
[m[37m[1733835001.600219 0:5 ruxhal::arch::aarch64::trap:102] [36missue=0xf, vaddr=0x50000008aeb8, cause=INSTRUCTION[m
[m[37m[1733835001.600490 0:5 ruxos_posix_api::imp::mmap::trap:61] [36mPage Fault Happening, vaddr:0x50000008a000, casue:INSTRUCTION, map_flags:MappingFlags(READ | WRITE | EXECUTE | USER)[m
[m[37m[1733835001.600910 0:5 ruxos_posix_api::imp::mmap::trap:90] [36mmapping_flags: MappingFlags(READ | WRITE | EXECUTE | USER)[m
[m[37m[1733835001.601205 0:5 ruxhal::arch::aarch64::trap:102] [36missue=0xf, vaddr=0x50000008aeb8, cause=INSTRUCTION[m
[m[37m[1733835001.601473 0:5 ruxos_posix_api::imp::mmap::trap:61] [36mPage Fault Happening, vaddr:0x50000008a000, casue:INSTRUCTION, map_flags:MappingFlags(READ | WRITE | EXECUTE | USER)[m
[m[37m[1733835001.601892 0:5 ruxos_posix_api::imp::mmap::trap:90] [36mmapping_flags: MappingFlags(READ | WRITE | EXECUTE | USER)[m
[m[37m[1733835001.602189 0:5 ruxhal::arch::aarch64::trap:102] [36missue=0xf, vaddr=0x50000008aeb8, cause=INSTRUCTION[m
[m[37m[1733835001.602457 0:5 ruxos_posix_api::imp::mmap::trap:61] [36mPage Fault Happening, vaddr:0x50000008a000, casue:INSTRUCTION, map_flags:MappingFlags(READ | WRITE | EXECUTE | USER)[m
[m[37m[1733835001.602875 0:5 ruxos_posix_api::imp::mmap::trap:90] [36mmapping_flags: MappingFlags(READ | WRITE | EXECUTE | USER)[m
[m[37m[1733835001.603170 0:5 ruxhal::arch::aarch64::trap:102] [36missue=0xf, vaddr=0x50000008aeb8, cause=INSTRUCTION[m
[m[37m[1733835001.603440 0:5 ruxos_posix_api::imp::mmap::trap:61] [36mPage Fault Happening, vaddr:0x50000008a000, casue:INSTRUCTION, map_flags:MappingFlags(READ | WRITE | EXECUTE | USER)[m
[m[37m[1733835001.603859 0:5 ruxos_posix_api::imp::mmap::trap:90] [36mmapping_flags: MappingFlags(READ | WRITE | EXECUTE | USER)[m
[m[37m[1733835001.604153 0:5 ruxhal::arch::aarch64::trap:102] [36missue=0xf, vaddr=0x50000008aeb8, cause=INSTRUCTION[m
[m[37m[1733835001.604422 0:5 ruxos_posix_api::imp::mmap::trap:61] [36mPage Fault Happening, vaddr:0x50000008a000, casue:INSTRUCTION, map_flags:MappingFlags(READ | WRITE | EXECUTE | USER)[m
[m[37m[1733835001.604884 0:5 ruxos_posix_api::imp::mmap::trap:90] [36mmapping_flags: MappingFlags(READ | WRITE | EXECUTE | USER)[m
[m[37m[1733835001.605215 0:5 ruxhal::arch::aarch64::trap:102] [36missue=0xf, vaddr=0x50000008aeb8, cause=INSTRUCTION[m
[m[37m[1733835001.605501 0:5 ruxos_posix_api::imp::mmap::trap:61] [36mPage Fault Happening, vaddr:0x50000008a000, casue:INSTRUCTION, map_flags:MappingFlags(READ | WRITE | EXECUTE | USER)[m
[m[37m[1733835001.605917 0:5 ruxos_posix_api::imp::mmap::trap:90] [36mmapping_flags: MappingFlags(READ | WRITE | EXECUTE | USER)[m
[m[37m[1733835001.606212 0:5 ruxhal::arch::aarch64::trap:102] [36missue=0xf, vaddr=0x50000008aeb8, cause=INSTRUCTION[m
[m[37m[1733835001.606480 0:5 ruxos_posix_api::imp::mmap::trap:61] [36mPage Fault Happening, vaddr:0x50000008a000, casue:INSTRUCTION, map_flags:MappingFlags(READ | WRITE | EXECUTE | USER)[m
[m[37m[1733835001.606896 0:5 ruxos_posix_api::imp::mmap::trap:90] [36mmapping_flags: MappingFlags(READ | WRITE | EXECUTE | USER)[m
[m[37m[1733835001.607191 0:5 ruxhal::arch::aarch64::trap:102] [36missue=0xf, vaddr=0x50000008aeb8, cause=INSTRUCTION[m
[m[37m[1733835001.607460 0:5 ruxos_posix_api::imp::mmap::trap:61] [36mPage Fault Happening, vaddr:0x50000008a000, casue:INSTRUCTION, map_flags:MappingFlags(READ | WRITE | EXECUTE | USER)[m
[m[37m[1733835001.607877 0:5 ruxos_posix_api::imp::mmap::trap:90] [36mmapping_flags: MappingFlags(READ | WRITE | EXECUTE | USER)[m
[m[37m[1733835001.608171 0:5 ruxhal::arch::aarch64::trap:102] [36missue=0xf, vaddr=0x50000008aeb8, cause=INSTRUCTION[m
[m[37m[1733835001.608439 0:5 ruxos_posix_api::imp::mmap::trap:61] [36mPage Fault Happening, vaddr:0x50000008a000, casue:INSTRUCTION, map_flags:MappingFlags(READ | WRITE | EXECUTE | USER)[m
[m[37m[1733835001.608860 0:5 ruxos_posix_api::imp::mmap::trap:90] [36mmapping_flags: MappingFlags(READ | WRITE | EXECUTE | USER)[m
[m[37m[1733835001.609154 0:5 ruxhal::arch::aarch64::trap:102] [36missue=0xf, vaddr=0x50000008aeb8, cause=INSTRUCTION[m
[m[37m[1733835001.609422 0:5 ruxos_posix_api::imp::mmap::trap:61] [36mPage Fault Happening, vaddr:0x50000008a000, casue:INSTRUCTION, map_flags:MappingFlags(READ | WRITE | EXECUTE | USER)[m
[m[37m[1733835001.609837 0:5 ruxos_posix_api::imp::mmap::trap:90] [36mmapping_flags: MappingFlags(READ | WRITE | EXECUTE | USER)[m
[m[37m[1733835001.610130 0:5 ruxhal::arch::aarch64::trap:102] [36missue=0xf, vaddr=0x50000008aeb8, cause=INSTRUCTION[m
[m[37m[1733835001.610399 0:5 ruxos_posix_api::imp::mmap::trap:61] [36mPage Fault Happening, vaddr:0x50000008a000, casue:INSTRUCTION, map_flags:MappingFlags(READ | WRITE | EXECUTE | USER)[m
[m[37m[1733835001.610816 0:5 ruxos_posix_api::imp::mmap::trap:90] [36mmapping_flags: MappingFlags(READ | WRITE | EXECUTE | USER)[m
[m[37m[1733835001.611110 0:5 ruxhal::arch::aarch64::trap:102] [36missue=0xf, vaddr=0x50000008aeb8, cause=INSTRUCTION[m
[m[37m[1733835001.611378 0:5 ruxos_posix_api::imp::mmap::trap:61] [36mPage Fault Happening, vaddr:0x50000008a000, casue:INSTRUCTION, map_flags:MappingFlags(READ | WRITE | EXECUTE | USER)[m
[m[37m[1733835001.611795 0:5 ruxos_posix_api::imp::mmap::trap:90] [36mmapping_flags: MappingFlags(READ | WRITE | EXECUTE | USER)[m
[m[37m[1733835001.612090 0:5 ruxhal::arch::aarch64::trap:102] [36missue=0xf, vaddr=0x50000008aeb8, cause=INSTRUCTION[m
[m[37m[1733835001.612360 0:5 ruxos_posix_api::imp::mmap::trap:61] [36mPage Fault Happening, vaddr:0x50000008a000, casue:INSTRUCTION, map_flags:MappingFlags(READ | WRITE | EXECUTE | USER)[m
[m[37m[1733835001.612780 0:5 ruxos_posix_api::imp::mmap::trap:90] [36mmapping_flags: MappingFlags(READ | WRITE | EXECUTE | USER)[m
[m[37m[1733835001.613075 0:5 ruxhal::arch::aarch64::trap:102] [36missue=0xf, vaddr=0x50000008aeb8, cause=INSTRUCTION[m
[m[37m[1733835001.613341 0:5 ruxos_posix_api::imp::mmap::trap:61] [36mPage Fault Happening, vaddr:0x50000008a000, casue:INSTRUCTION, map_flags:MappingFlags(READ | WRITE | EXECUTE | USER)[m
[m[37m[1733835001.613760 0:5 ruxos_posix_api::imp::mmap::trap:90] [36mmapping_flags: MappingFlags(READ | WRITE | EXECUTE | USER)[m
[m[37m[1733835001.614055 0:5 ruxhal::arch::aarch64::trap:102] [36missue=0xf, vaddr=0x50000008aeb8, cause=INSTRUCTION[m
[m[37m[1733835001.614322 0:5 ruxos_posix_api::imp::mmap::trap:61] [36mPage Fault Happening, vaddr:0x50000008a000, casue:INSTRUCTION, map_flags:MappingFlags(READ | WRITE | EXECUTE | USER)[m
[m[37m[1733835001.614779 0:5 ruxos_posix_api::imp::mmap::trap:90] [36mmapping_flags: MappingFlags(READ | WRITE | EXECUTE | USER)[m
[m[37m[1733835001.615110 0:5 ruxhal::arch::aarch64::trap:102] [36missue=0xf, vaddr=0x50000008aeb8, cause=INSTRUCTION[m
[m[37m[1733835001.615392 0:5 ruxos_posix_api::imp::mmap::trap:61] [36mPage Fault Happening, vaddr:0x50000008a000, casue:INSTRUCTION, map_flags:MappingFlags(READ | WRITE | EXECUTE | USER)[m
[m[37m[1733835001.615811 0:5 ruxos_posix_api::imp::mmap::trap:90] [36mmapping_flags: MappingFlags(READ | WRITE | EXECUTE | USER)[m
[m[37m[1733835001.616105 0:5 ruxhal::arch::aarch64::trap:102] [36missue=0xf, vaddr=0x50000008aeb8, cause=INSTRUCTION[m
[m[37m[1733835001.616372 0:5 ruxos_posix_api::imp::mmap::trap:61] [36mPage Fault Happening, vaddr:0x50000008a000, casue:INSTRUCTION, map_flags:MappingFlags(READ | WRITE | EXECUTE | USER)[m
[m[37m[1733835001.616791 0:5 ruxos_posix_api::imp::mmap::trap:90] [36mmapping_flags: MappingFlags(READ | WRITE | EXECUTE | USER)[m
[m[37m[1733835001.617087 0:5 ruxhal::arch::aarch64::trap:102] [36missue=0xf, vaddr=0x50000008aeb8, cause=INSTRUCTION[m
[m[37m[1733835001.617357 0:5 ruxos_posix_api::imp::mmap::trap:61] [36mPage Fault Happening, vaddr:0x50000008a000, casue:INSTRUCTION, map_flags:MappingFlags(READ | WRITE | EXECUTE | USER)[m
[m[37m[1733835001.617780 0:5 ruxos_posix_api::imp::mmap::trap:90] [36mmapping_flags: MappingFlags(READ | WRITE | EXECUTE | USER)[m
[m[37m[1733835001.618074 0:5 ruxhal::arch::aarch64::trap:102] [36missue=0xf, vaddr=0x50000008aeb8, cause=INSTRUCTION[m
[m[37m[1733835001.618343 0:5 ruxos_posix_api::imp::mmap::trap:61] [36mPage Fault Happening, vaddr:0x50000008a000, casue:INSTRUCTION, map_flags:MappingFlags(READ | WRITE | EXECUTE | USER)[m
[m[37m[1733835001.618759 0:5 ruxos_posix_api::imp::mmap::trap:90] [36mmapping_flags: MappingFlags(READ | WRITE | EXECUTE | USER)[m
[m[37m[1733835001.619057 0:5 ruxhal::arch::aarch64::trap:102] [36missue=0xf, vaddr=0x50000008aeb8, cause=INSTRUCTION[m
[m[37m[1733835001.619325 0:5 ruxos_posix_api::imp::mmap::trap:61] [36mPage Fault Happening, vaddr:0x50000008a000, casue:INSTRUCTION, map_flags:MappingFlags(READ | WRITE | EXECUTE | USER)[m
[m[37m[1733835001.619741 0:5 ruxos_posix_api::imp::mmap::trap:90] [36mmapping_flags: MappingFlags(READ | WRITE | EXECUTE | USER)[m
[m[37m[1733835001.620035 0:5 ruxhal::arch::aarch64::trap:102] [36missue=0xf, vaddr=0x50000008aeb8, cause=INSTRUCTION[m
[m[37m[1733835001.620303 0:5 ruxos_posix_api::imp::mmap::trap:61] [36mPage Fault Happening, vaddr:0x50000008a000, casue:INSTRUCTION, map_flags:MappingFlags(READ | WRITE | EXECUTE | USER)[m
[m[37m[1733835001.620720 0:5 ruxos_posix_api::imp::mmap::trap:90] [36mmapping_flags: MappingFlags(READ | WRITE | EXECUTE | USER)[m
[m[37m[1733835001.621014 0:5 ruxhal::arch::aarch64::trap:102] [36missue=0xf, vaddr=0x50000008aeb8, cause=INSTRUCTION[m
[m[37m[1733835001.621283 0:5 ruxos_posix_api::imp::mmap::trap:61] [36mPage Fault Happening, vaddr:0x50000008a000, casue:INSTRUCTION, map_flags:MappingFlags(READ | WRITE | EXECUTE | USER)[m
[m[37m[1733835001.621702 0:5 ruxos_posix_api::imp::mmap::trap:90] [36mmapping_flags: MappingFlags(READ | WRITE | EXECUTE | USER)[m
[m[37m[1733835001.621997 0:5 ruxhal::arch::aarch64::trap:102] [36missue=0xf, vaddr=0x50000008aeb8, cause=INSTRUCTION[m
[m[37m[1733835001.622267 0:5 ruxos_posix_api::imp::mmap::trap:61] [36mPage Fault Happening, vaddr:0x50000008a000, casue:INSTRUCTION, map_flags:MappingFlags(READ | WRITE | EXECUTE | USER)[m
[m[37m[1733835001.622683 0:5 ruxos_posix_api::imp::mmap::trap:90] [36mmapping_flags: MappingFlags(READ | WRITE | EXECUTE | USER)[m
[m[37m[1733835001.622977 0:5 ruxhal::arch::aarch64::trap:102] [36missue=0xf, vaddr=0x50000008aeb8, cause=INSTRUCTION[m
[m[37m[1733835001.623246 0:5 ruxos_posix_api::imp::mmap::trap:61] [36mPage Fault Happening, vaddr:0x50000008a000, casue:INSTRUCTION, map_flags:MappingFlags(READ | WRITE | EXECUTE | USER)[m
[m[37m[1733835001.623663 0:5 ruxos_posix_api::imp::mmap::trap:90] [36mmapping_flags: MappingFlags(READ | WRITE | EXECUTE | USER)[m
[m[37m[1733835001.623957 0:5 ruxhal::arch::aarch64::trap:102] [36missue=0xf, vaddr=0x50000008aeb8, cause=INSTRUCTION[m
[m[37m[1733835001.624226 0:5 ruxos_posix_api::imp::mmap::trap:61] [36mPage Fault Happening, vaddr:0x50000008a000, casue:INSTRUCTION, map_flags:MappingFlags(READ | WRITE | EXECUTE | USER)[m
[m[37m[1733835001.624671 0:5 ruxos_posix_api::imp::mmap::trap:90] [36mmapping_flags: MappingFlags(READ | WRITE | EXECUTE | USER)[m
[m[37m[1733835001.625002 0:5 ruxhal::arch::aarch64::trap:102] [36missue=0xf, vaddr=0x50000008aeb8, cause=INSTRUCTION[m
[m[37m[1733835001.625279 0:5 ruxos_posix_api::imp::mmap::trap:61] [36mPage Fault Happening, vaddr:0x50000008a000, casue:INSTRUCTION, map_flags:MappingFlags(READ | WRITE | EXECUTE | USER)[m
[m[37m[1733835001.625698 0:5 ruxos_posix_api::imp::mmap::trap:90] [36mmapping_flags: MappingFlags(READ | WRITE | EXECUTE | USER)[m
[m[37m[1733835001.625993 0:5 ruxhal::arch::aarch64::trap:102] [36missue=0xf, vaddr=0x50000008aeb8, cause=INSTRUCTION[m
[m[37m[1733835001.626261 0:5 ruxos_posix_api::imp::mmap::trap:61] [36mPage Fault Happening, vaddr:0x50000008a000, casue:INSTRUCTION, map_flags:MappingFlags(READ | WRITE | EXECUTE | USER)[m
[m[37m[1733835001.626676 0:5 ruxos_posix_api::imp::mmap::trap:90] [36mmapping_flags: MappingFlags(READ | WRITE | EXECUTE | USER)[m
[m[37m[1733835001.626971 0:5 ruxhal::arch::aarch64::trap:102] [36missue=0xf, vaddr=0x50000008aeb8, cause=INSTRUCTION[m
[m[37m[1733835001.627239 0:5 ruxos_posix_api::imp::mmap::trap:61] [36mPage Fault Happening, vaddr:0x50000008a000, casue:INSTRUCTION, map_flags:MappingFlags(READ | WRITE | EXECUTE | USER)[m
[m[37m[1733835001.627656 0:5 ruxos_posix_api::imp::mmap::trap:90] [36mmapping_flags: MappingFlags(READ | WRITE | EXECUTE | USER)[m
[m[37m[1733835001.627950 0:5 ruxhal::arch::aarch64::trap:102] [36missue=0xf, vaddr=0x50000008aeb8, cause=INSTRUCTION[m
[m[37m[1733835001.628218 0:5 ruxos_posix_api::imp::mmap::trap:61] [36mPage Fault Happening, vaddr:0x50000008a000, casue:INSTRUCTION, map_flags:MappingFlags(READ | WRITE | EXECUTE | USER)[m
[m[37m[1733835001.628634 0:5 ruxos_posix_api::imp::mmap::trap:90] [36mmapping_flags: MappingFlags(READ | WRITE | EXECUTE | USER)[m
[m[37m[1733835001.628930 0:5 ruxhal::arch::aarch64::trap:102] [36missue=0xf, vaddr=0x50000008aeb8, cause=INSTRUCTION[m
[m[37m[1733835001.629198 0:5 ruxos_posix_api::imp::mmap::trap:61] [36mPage Fault Happening, vaddr:0x50000008a000, casue:INSTRUCTION, map_flags:MappingFlags(READ | WRITE | EXECUTE | USER)[m
[m[37m[1733835001.629614 0:5 ruxos_posix_api::imp::mmap::trap:90] [36mmapping_flags: MappingFlags(READ | WRITE | EXECUTE | USER)[m
[m[37m[1733835001.629910 0:5 ruxhal::arch::aarch64::trap:102] [36missue=0xf, vaddr=0x50000008aeb8, cause=INSTRUCTION[m
[m[37m[1733835001.630179 0:5 ruxos_posix_api::imp::mmap::trap:61] [36mPage Fault Happening, vaddr:0x50000008a000, casue:INSTRUCTION, map_flags:MappingFlags(READ | WRITE | EXECUTE | USER)[m
[m[37m[1733835001.630597 0:5 ruxos_posix_api::imp::mmap::trap:90] [36mmapping_flags: MappingFlags(READ | WRITE | EXECUTE | USER)[m
[m[37m[1733835001.630891 0:5 ruxhal::arch::aarch64::trap:102] [36missue=0xf, vaddr=0x50000008aeb8, cause=INSTRUCTION[m
[m[37m[1733835001.631159 0:5 ruxos_posix_api::imp::mmap::trap:61] [36mPage Fault Happening, vaddr:0x50000008a000, casue:INSTRUCTION, map_flags:MappingFlags(READ | WRITE | EXECUTE | USER)[m
[m[37m[1733835001.631575 0:5 ruxos_posix_api::imp::mmap::trap:90] [36mmapping_flags: MappingFlags(READ | WRITE | EXECUTE | USER)[m
[m[37m[1733835001.631869 0:5 ruxhal::arch::aarch64::trap:102] [36missue=0xf, vaddr=0x50000008aeb8, cause=INSTRUCTION[m
[m[37m[1733835001.632138 0:5 ruxos_posix_api::imp::mmap::trap:61] [36mPage Fault Happening, vaddr:0x50000008a000, casue:INSTRUCTION, map_flags:MappingFlags(READ | WRITE | EXECUTE | USER)[m
[m[37m[1733835001.632554 0:5 ruxos_posix_api::imp::mmap::trap:90] [36mmapping_flags: MappingFlags(READ | WRITE | EXECUTE | USER)[m
[m[37m[1733835001.632848 0:5 ruxhal::arch::aarch64::trap:102] [36missue=0xf, vaddr=0x50000008aeb8, cause=INSTRUCTION[m
[m[37m[1733835001.633117 0:5 ruxos_posix_api::imp::mmap::trap:61] [36mPage Fault Happening, vaddr:0x50000008a000, casue:INSTRUCTION, map_flags:MappingFlags(READ | WRITE | EXECUTE | USER)[m
[m[37m[1733835001.633534 0:5 ruxos_posix_api::imp::mmap::trap:90] [36mmapping_flags: MappingFlags(READ | WRITE | EXECUTE | USER)[m
[m[37m[1733835001.633828 0:5 ruxhal::arch::aarch64::trap:102] [36missue=0xf, vaddr=0x50000008aeb8, cause=INSTRUCTION[m
[m[37m[1733835001.634098 0:5 ruxos_posix_api::imp::mmap::trap:61] [36mPage Fault Happening, vaddr:0x50000008a000, casue:INSTRUCTION, map_flags:MappingFlags(READ | WRITE | EXECUTE | USER)[m
[m[37m[1733835001.634543 0:5 ruxos_posix_api::imp::mmap::trap:90] [36mmapping_flags: MappingFlags(READ | WRITE | EXECUTE | USER)[m
[m[37m[1733835001.634876 0:5 ruxhal::arch::aarch64::trap:102] [36missue=0xf, vaddr=0x50000008aeb8, cause=INSTRUCTION[m
[m[37m[1733835001.635160 0:5 ruxos_posix_api::imp::mmap::trap:61] [36mPage Fault Happening, vaddr:0x50000008a000, casue:INSTRUCTION, map_flags:MappingFlags(READ | WRITE | EXECUTE | USER)[m
[m[37m[1733835001.635580 0:5 ruxos_posix_api::imp::mmap::trap:90] [36mmapping_flags: MappingFlags(READ | WRITE | EXECUTE | USER)[m
[m[37m[1733835001.635875 0:5 ruxhal::arch::aarch64::trap:102] [36missue=0xf, vaddr=0x50000008aeb8, cause=INSTRUCTION[m
[m[37m[1733835001.636143 0:5 ruxos_posix_api::imp::mmap::trap:61] [36mPage Fault Happening, vaddr:0x50000008a000, casue:INSTRUCTION, map_flags:MappingFlags(READ | WRITE | EXECUTE | USER)[m
[m[37m[1733835001.636560 0:5 ruxos_posix_api::imp::mmap::trap:90] [36mmapping_flags: MappingFlags(READ | WRITE | EXECUTE | USER)[m
[m[37m[1733835001.636856 0:5 ruxhal::arch::aarch64::trap:102] [36missue=0xf, vaddr=0x50000008aeb8, cause=INSTRUCTION[m
[m[37m[1733835001.637124 0:5 ruxos_posix_api::imp::mmap::trap:61] [36mPage Fault Happening, vaddr:0x50000008a000, casue:INSTRUCTION, map_flags:MappingFlags(READ | WRITE | EXECUTE | USER)[m
[m[37m[1733835001.637541 0:5 ruxos_posix_api::imp::mmap::trap:90] [36mmapping_flags: MappingFlags(READ | WRITE | EXECUTE | USER)[m
[m[37m[1733835001.637835 0:5 ruxhal::arch::aarch64::trap:102] [36missue=0xf, vaddr=0x50000008aeb8, cause=INSTRUCTION[m
[m[37m[1733835001.638103 0:5 ruxos_posix_api::imp::mmap::trap:61] [36mPage Fault Happening, vaddr:0x50000008a000, casue:INSTRUCTION, map_flags:MappingFlags(READ | WRITE | EXECUTE | USER)[m
[m[37m[1733835001.638520 0:5 ruxos_posix_api::imp::mmap::trap:90] [36mmapping_flags: MappingFlags(READ | WRITE | EXECUTE | USER)[m
[m[37m[1733835001.638816 0:5 ruxhal::arch::aarch64::trap:102] [36missue=0xf, vaddr=0x50000008aeb8, cause=INSTRUCTION[m
[m[37m[1733835001.639084 0:5 ruxos_posix_api::imp::mmap::trap:61] [36mPage Fault Happening, vaddr:0x50000008a000, casue:INSTRUCTION, map_flags:MappingFlags(READ | WRITE | EXECUTE | USER)[m
[m[37m[1733835001.639504 0:5 ruxos_posix_api::imp::mmap::trap:90] [36mmapping_flags: MappingFlags(READ | WRITE | EXECUTE | USER)[m
[m[37m[1733835001.639799 0:5 ruxhal::arch::aarch64::trap:102] [36missue=0xf, vaddr=0x50000008aeb8, cause=INSTRUCTION[m
[m[37m[1733835001.640068 0:5 ruxos_posix_api::imp::mmap::trap:61] [36mPage Fault Happening, vaddr:0x50000008a000, casue:INSTRUCTION, map_flags:MappingFlags(READ | WRITE | EXECUTE | USER)[m
[m[37m[1733835001.640486 0:5 ruxos_posix_api::imp::mmap::trap:90] [36mmapping_flags: MappingFlags(READ | WRITE | EXECUTE | USER)[m
[m[37m[1733835001.640780 0:5 ruxhal::arch::aarch64::trap:102] [36missue=0xf, vaddr=0x50000008aeb8, cause=INSTRUCTION[m
[m[37m[1733835001.641048 0:5 ruxos_posix_api::imp::mmap::trap:61] [36mPage Fault Happening, vaddr:0x50000008a000, casue:INSTRUCTION, map_flags:MappingFlags(READ | WRITE | EXECUTE | USER)[m
[m[37m[1733835001.641465 0:5 ruxos_posix_api::imp::mmap::trap:90] [36mmapping_flags: MappingFlags(READ | WRITE | EXECUTE | USER)[m
[m[37m[1733835001.641760 0:5 ruxhal::arch::aarch64::trap:102] [36missue=0xf, vaddr=0x50000008aeb8, cause=INSTRUCTION[m
[m[37m[1733835001.642028 0:5 ruxos_posix_api::imp::mmap::trap:61] [36mPage Fault Happening, vaddr:0x50000008a000, casue:INSTRUCTION, map_flags:MappingFlags(READ | WRITE | EXECUTE | USER)[m
[m[37m[1733835001.642446 0:5 ruxos_posix_api::imp::mmap::trap:90] [36mmapping_flags: MappingFlags(READ | WRITE | EXECUTE | USER)[m
[m[37m[1733835001.642741 0:5 ruxhal::arch::aarch64::trap:102] [36missue=0xf, vaddr=0x50000008aeb8, cause=INSTRUCTION[m
[m[37m[1733835001.643009 0:5 ruxos_posix_api::imp::mmap::trap:61] [36mPage Fault Happening, vaddr:0x50000008a000, casue:INSTRUCTION, map_flags:MappingFlags(READ | WRITE | EXECUTE | USER)[m
[m[37m[1733835001.643426 0:5 ruxos_posix_api::imp::mmap::trap:90] [36mmapping_flags: MappingFlags(READ | WRITE | EXECUTE | USER)[m
[m[37m[1733835001.643720 0:5 ruxhal::arch::aarch64::trap:102] [36missue=0xf, vaddr=0x50000008aeb8, cause=INSTRUCTION[m
[m[37m[1733835001.643988 0:5 ruxos_posix_api::imp::mmap::trap:61] [36mPage Fault Happening, vaddr:0x50000008a000, casue:INSTRUCTION, map_flags:MappingFlags(READ | WRITE | EXECUTE | USER)[m
[m[37m[1733835001.644405 0:5 ruxos_posix_api::imp::mmap::trap:90] [36mmapping_flags: MappingFlags(READ | WRITE | EXECUTE | USER)[m
[m[37m[1733835001.644747 0:5 ruxhal::arch::aarch64::trap:102] [36missue=0xf, vaddr=0x50000008aeb8, cause=INSTRUCTION[m
[m[37m[1733835001.645014 0:5 ruxos_posix_api::imp::mmap::trap:61] [36mPage Fault Happening, vaddr:0x50000008a000, casue:INSTRUCTION, map_flags:MappingFlags(READ | WRITE | EXECUTE | USER)[m
[m[37m[1733835001.645430 0:5 ruxos_posix_api::imp::mmap::trap:90] [36mmapping_flags: MappingFlags(READ | WRITE | EXECUTE | USER)[m
[m[37m[1733835001.645726 0:5 ruxhal::arch::aarch64::trap:102] [36missue=0xf, vaddr=0x50000008aeb8, cause=INSTRUCTION[m
[m[37m[1733835001.645994 0:5 ruxos_posix_api::imp::mmap::trap:61] [36mPage Fault Happening, vaddr:0x50000008a000, casue:INSTRUCTION, map_flags:MappingFlags(READ | WRITE | EXECUTE | USER)[m
[m[37m[1733835001.646410 0:5 ruxos_posix_api::imp::mmap::trap:90] [36mmapping_flags: MappingFlags(READ | WRITE | EXECUTE | USER)[m
[m[37m[1733835001.646704 0:5 ruxhal::arch::aarch64::trap:102] [36missue=0xf, vaddr=0x50000008aeb8, cause=INSTRUCTION[m
[m[37m[1733835001.646970 0:5 ruxos_posix_api::imp::mmap::trap:61] [36mPage Fault Happening, vaddr:0x50000008a000, casue:INSTRUCTION, map_flags:MappingFlags(READ | WRITE | EXECUTE | USER)[m
[m[37m[1733835001.647387 0:5 ruxos_posix_api::imp::mmap::trap:90] [36mmapping_flags: MappingFlags(READ | WRITE | EXECUTE | USER)[m
[m[37m[1733835001.647680 0:5 ruxhal::arch::aarch64::trap:102] [36missue=0xf, vaddr=0x50000008aeb8, cause=INSTRUCTION[m
[m[37m[1733835001.647948 0:5 ruxos_posix_api::imp::mmap::trap:61] [36mPage Fault Happening, vaddr:0x50000008a000, casue:INSTRUCTION, map_flags:MappingFlags(READ | WRITE | EXECUTE | USER)[m
[m[37m[1733835001.648366 0:5 ruxos_posix_api::imp::mmap::trap:90] [36mmapping_flags: MappingFlags(READ | WRITE | EXECUTE | USER)[m
[m[37m[1733835001.648660 0:5 ruxhal::arch::aarch64::trap:102] [36missue=0xf, vaddr=0x50000008aeb8, cause=INSTRUCTION[m
[m[37m[1733835001.648943 0:5 ruxos_posix_api::imp::mmap::trap:61] [36mPage Fault Happening, vaddr:0x50000008a000, casue:INSTRUCTION, map_flags:MappingFlags(READ | WRITE | EXECUTE | USER)[m
[m[37m[1733835001.649359 0:5 ruxos_posix_api::imp::mmap::trap:90] [36mmapping_flags: MappingFlags(READ | WRITE | EXECUTE | USER)[m
[m[37m[1733835001.649652 0:5 ruxhal::arch::aarch64::trap:102] [36missue=0xf, vaddr=0x50000008aeb8, cause=INSTRUCTION[m
[m[37m[1733835001.649919 0:5 ruxos_posix_api::imp::mmap::trap:61] [36mPage Fault Happening, vaddr:0x50000008a000, casue:INSTRUCTION, map_flags:MappingFlags(READ | WRITE | EXECUTE | USER)[m
[m[37m[1733835001.650335 0:5 ruxos_posix_api::imp::mmap::trap:90] [36mmapping_flags: MappingFlags(READ | WRITE | EXECUTE | USER)[m
[m[37m[1733835001.650631 0:5 ruxhal::arch::aarch64::trap:102] [36missue=0xf, vaddr=0x50000008aeb8, cause=INSTRUCTION[m
[m[37m[1733835001.650898 0:5 ruxos_posix_api::imp::mmap::trap:61] [36mPage Fault Happening, vaddr:0x50000008a000, casue:INSTRUCTION, map_flags:MappingFlags(READ | WRITE | EXECUTE | USER)[m
[m[37m[1733835001.651316 0:5 ruxos_posix_api::imp::mmap::trap:90] [36mmapping_flags: MappingFlags(READ | WRITE | EXECUTE | USER)[m
[m[37m[1733835001.651611 0:5 ruxhal::arch::aarch64::trap:102] [36missue=0xf, vaddr=0x50000008aeb8, cause=INSTRUCTION[m
[m[37m[1733835001.651880 0:5 ruxos_posix_api::imp::mmap::trap:61] [36mPage Fault Happening, vaddr:0x50000008a000, casue:INSTRUCTION, map_flags:MappingFlags(READ | WRITE | EXECUTE | USER)[m
[m[37m[1733835001.652300 0:5 ruxos_posix_api::imp::mmap::trap:90] [36mmapping_flags: MappingFlags(READ | WRITE | EXECUTE | USER)[m
[m[37m[1733835001.652595 0:5 ruxhal::arch::aarch64::trap:102] [36missue=0xf, vaddr=0x50000008aeb8, cause=INSTRUCTION[m
[m[37m[1733835001.652864 0:5 ruxos_posix_api::imp::mmap::trap:61] [36mPage Fault Happening, vaddr:0x50000008a000, casue:INSTRUCTION, map_flags:MappingFlags(READ | WRITE | EXECUTE | USER)[m
[m[37m[1733835001.653282 0:5 ruxos_posix_api::imp::mmap::trap:90] [36mmapping_flags: MappingFlags(READ | WRITE | EXECUTE | USER)[m
[m[37m[1733835001.653575 0:5 ruxhal::arch::aarch64::trap:102] [36missue=0xf, vaddr=0x50000008aeb8, cause=INSTRUCTION[m
[m[37m[1733835001.653843 0:5 ruxos_posix_api::imp::mmap::trap:61] [36mPage Fault Happening, vaddr:0x50000008a000, casue:INSTRUCTION, map_flags:MappingFlags(READ | WRITE | EXECUTE | USER)[m
[m[37m[1733835001.654260 0:5 ruxos_posix_api::imp::mmap::trap:90] [36mmapping_flags: MappingFlags(READ | WRITE | EXECUTE | USER)[m
[m[37m[1733835001.654597 0:5 ruxhal::arch::aarch64::trap:102] [36missue=0xf, vaddr=0x50000008aeb8, cause=INSTRUCTION[m
[m[37m[1733835001.654866 0:5 ruxos_posix_api::imp::mmap::trap:61] [36mPage Fault Happening, vaddr:0x50000008a000, casue:INSTRUCTION, map_flags:MappingFlags(READ | WRITE | EXECUTE | USER)[m
[m[37m[1733835001.655284 0:5 ruxos_posix_api::imp::mmap::trap:90] [36mmapping_flags: MappingFlags(READ | WRITE | EXECUTE | USER)[m
[m[37m[1733835001.655582 0:5 ruxhal::arch::aarch64::trap:102] [36missue=0xf, vaddr=0x50000008aeb8, cause=INSTRUCTION[m
[m[37m[1733835001.655850 0:5 ruxos_posix_api::imp::mmap::trap:61] [36mPage Fault Happening, vaddr:0x50000008a000, casue:INSTRUCTION, map_flags:MappingFlags(READ | WRITE | EXECUTE | USER)[m
[m[37m[1733835001.656267 0:5 ruxos_posix_api::imp::mmap::trap:90] [36mmapping_flags: MappingFlags(READ | WRITE | EXECUTE | USER)[m
[m[37m[1733835001.656562 0:5 ruxhal::arch::aarch64::trap:102] [36missue=0xf, vaddr=0x50000008aeb8, cause=INSTRUCTION[m
[m[37m[1733835001.656830 0:5 ruxos_posix_api::imp::mmap::trap:61] [36mPage Fault Happening, vaddr:0x50000008a000, casue:INSTRUCTION, map_flags:MappingFlags(READ | WRITE | EXECUTE | USER)[m
[m[37m[1733835001.657249 0:5 ruxos_posix_api::imp::mmap::trap:90] [36mmapping_flags: MappingFlags(READ | WRITE | EXECUTE | USER)[m
[m[37m[1733835001.657544 0:5 ruxhal::arch::aarch64::trap:102] [36missue=0xf, vaddr=0x50000008aeb8, cause=INSTRUCTION[m
[m[37m[1733835001.657812 0:5 ruxos_posix_api::imp::mmap::trap:61] [36mPage Fault Happening, vaddr:0x50000008a000, casue:INSTRUCTION, map_flags:MappingFlags(READ | WRITE | EXECUTE | USER)[m
[m[37m[1733835001.658230 0:5 ruxos_posix_api::imp::mmap::trap:90] [36mmapping_flags: MappingFlags(READ | WRITE | EXECUTE | USER)[m
[m[37m[1733835001.658525 0:5 ruxhal::arch::aarch64::trap:102] [36missue=0xf, vaddr=0x50000008aeb8, cause=INSTRUCTION[m
[m[37m[1733835001.658793 0:5 ruxos_posix_api::imp::mmap::trap:61] [36mPage Fault Happening, vaddr:0x50000008a000, casue:INSTRUCTION, map_flags:MappingFlags(READ | WRITE | EXECUTE | USER)[m
[m[37m[1733835001.659212 0:5 ruxos_posix_api::imp::mmap::trap:90] [36mmapping_flags: MappingFlags(READ | WRITE | EXECUTE | USER)[m
[m[37m[1733835001.659506 0:5 ruxhal::arch::aarch64::trap:102] [36missue=0xf, vaddr=0x50000008aeb8, cause=INSTRUCTION[m
[m[37m[1733835001.659774 0:5 ruxos_posix_api::imp::mmap::trap:61] [36mPage Fault Happening, vaddr:0x50000008a000, casue:INSTRUCTION, map_flags:MappingFlags(READ | WRITE | EXECUTE | USER)[m
[m[37m[1733835001.660190 0:5 ruxos_posix_api::imp::mmap::trap:90] [36mmapping_flags: MappingFlags(READ | WRITE | EXECUTE | USER)[m
[m[37m[1733835001.660483 0:5 ruxhal::arch::aarch64::trap:102] [36missue=0xf, vaddr=0x50000008aeb8, cause=INSTRUCTION[m
[m[37m[1733835001.660751 0:5 ruxos_posix_api::imp::mmap::trap:61] [36mPage Fault Happening, vaddr:0x50000008a000, casue:INSTRUCTION, map_flags:MappingFlags(READ | WRITE | EXECUTE | USER)[m
[m[37m[1733835001.661168 0:5 ruxos_posix_api::imp::mmap::trap:90] [36mmapping_flags: MappingFlags(READ | WRITE | EXECUTE | USER)[m
[m[37m[1733835001.661463 0:5 ruxhal::arch::aarch64::trap:102] [36missue=0xf, vaddr=0x50000008aeb8, cause=INSTRUCTION[m
[m[37m[1733835001.661731 0:5 ruxos_posix_api::imp::mmap::trap:61] [36mPage Fault Happening, vaddr:0x50000008a000, casue:INSTRUCTION, map_flags:MappingFlags(READ | WRITE | EXECUTE | USER)[m
[m[37m[1733835001.662149 0:5 ruxos_posix_api::imp::mmap::trap:90] [36mmapping_flags: MappingFlags(READ | WRITE | EXECUTE | USER)[m
[m[37m[1733835001.662442 0:5 ruxhal::arch::aarch64::trap:102] [36missue=0xf, vaddr=0x50000008aeb8, cause=INSTRUCTION[m
[m[37m[1733835001.662711 0:5 ruxos_posix_api::imp::mmap::trap:61] [36mPage Fault Happening, vaddr:0x50000008a000, casue:INSTRUCTION, map_flags:MappingFlags(READ | WRITE | EXECUTE | USER)[m
[m[37m[1733835001.663128 0:5 ruxos_posix_api::imp::mmap::trap:90] [36mmapping_flags: MappingFlags(READ | WRITE | EXECUTE | USER)[m
[m[37m[1733835001.663421 0:5 ruxhal::arch::aarch64::trap:102] [36missue=0xf, vaddr=0x50000008aeb8, cause=INSTRUCTION[m
[m[37m[1733835001.663689 0:5 ruxos_posix_api::imp::mmap::trap:61] [36mPage Fault Happening, vaddr:0x50000008a000, casue:INSTRUCTION, map_flags:MappingFlags(READ | WRITE | EXECUTE | USER)[m
[m[37m[1733835001.664106 0:5 ruxos_posix_api::imp::mmap::trap:90] [36mmapping_flags: MappingFlags(READ | WRITE | EXECUTE | USER)[m
[m[37m[1733835001.664402 0:5 ruxhal::arch::aarch64::trap:102] [36missue=0xf, vaddr=0x50000008aeb8, cause=INSTRUCTION[m
[m[37m[1733835001.664707 0:5 ruxos_posix_api::imp::mmap::trap:61] [36mPage Fault Happening, vaddr:0x50000008a000, casue:INSTRUCTION, map_flags:MappingFlags(READ | WRITE | EXECUTE | USER)[m
[m[37m[1733835001.665166 0:5 ruxos_posix_api::imp::mmap::trap:90] [36mmapping_flags: MappingFlags(READ | WRITE | EXECUTE | USER)[m
[m[37m[1733835001.665499 0:5 ruxhal::arch::aarch64::trap:102] [36missue=0xf, vaddr=0x50000008aeb8, cause=INSTRUCTION[m
[m[37m[1733835001.665780 0:5 ruxos_posix_api::imp::mmap::trap:61] [36mPage Fault Happening, vaddr:0x50000008a000, casue:INSTRUCTION, map_flags:MappingFlags(READ | WRITE | EXECUTE | USER)[m
[m[37m[1733835001.666200 0:5 ruxos_posix_api::imp::mmap::trap:90] [36mmapping_flags: MappingFlags(READ | WRITE | EXECUTE | USER)[m
[m[37m[1733835001.666495 0:5 ruxhal::arch::aarch64::trap:102] [36missue=0xf, vaddr=0x50000008aeb8, cause=INSTRUCTION[m
[m[37m[1733835001.666762 0:5 ruxos_posix_api::imp::mmap::trap:61] [36mPage Fault Happening, vaddr:0x50000008a000, casue:INSTRUCTION, map_flags:MappingFlags(READ | WRITE | EXECUTE | USER)[m
[m[37m[1733835001.667180 0:5 ruxos_posix_api::imp::mmap::trap:90] [36mmapping_flags: MappingFlags(READ | WRITE | EXECUTE | USER)[m
[m[37m[1733835001.667477 0:5 ruxhal::arch::aarch64::trap:102] [36missue=0xf, vaddr=0x50000008aeb8, cause=INSTRUCTION[m
[m[37m[1733835001.667747 0:5 ruxos_posix_api::imp::mmap::trap:61] [36mPage Fault Happening, vaddr:0x50000008a000, casue:INSTRUCTION, map_flags:MappingFlags(READ | WRITE | EXECUTE | USER)[m
[m[37m[1733835001.668166 0:5 ruxos_posix_api::imp::mmap::trap:90] [36mmapping_flags: MappingFlags(READ | WRITE | EXECUTE | USER)[m
[m[37m[1733835001.668461 0:5 ruxhal::arch::aarch64::trap:102] [36missue=0xf, vaddr=0x50000008aeb8, cause=INSTRUCTION[m
[m[37m[1733835001.668729 0:5 ruxos_posix_api::imp::mmap::trap:61] [36mPage Fault Happening, vaddr:0x50000008a000, casue:INSTRUCTION, map_flags:MappingFlags(READ | WRITE | EXECUTE | USER)[m
[m[37m[1733835001.669148 0:5 ruxos_posix_api::imp::mmap::trap:90] [36mmapping_flags: MappingFlags(READ | WRITE | EXECUTE | USER)[m
[m[37m[1733835001.669443 0:5 ruxhal::arch::aarch64::trap:102] [36missue=0xf, vaddr=0x50000008aeb8, cause=INSTRUCTION[m
[m[37m[1733835001.669713 0:5 ruxos_posix_api::imp::mmap::trap:61] [36mPage Fault Happening, vaddr:0x50000008a000, casue:INSTRUCTION, map_flags:MappingFlags(READ | WRITE | EXECUTE | USER)[m
[m[37m[1733835001.670129 0:5 ruxos_posix_api::imp::mmap::trap:90] [36mmapping_flags: MappingFlags(READ | WRITE | EXECUTE | USER)[m
[m[37m[1733835001.670422 0:5 ruxhal::arch::aarch64::trap:102] [36missue=0xf, vaddr=0x50000008aeb8, cause=INSTRUCTION[m
[m[37m[1733835001.670690 0:5 ruxos_posix_api::imp::mmap::trap:61] [36mPage Fault Happening, vaddr:0x50000008a000, casue:INSTRUCTION, map_flags:MappingFlags(READ | WRITE | EXECUTE | USER)[m
[m[37m[1733835001.671107 0:5 ruxos_posix_api::imp::mmap::trap:90] [36mmapping_flags: MappingFlags(READ | WRITE | EXECUTE | USER)[m
[m[37m[1733835001.671400 0:5 ruxhal::arch::aarch64::trap:102] [36missue=0xf, vaddr=0x50000008aeb8, cause=INSTRUCTION[m
[m[37m[1733835001.671668 0:5 ruxos_posix_api::imp::mmap::trap:61] [36mPage Fault Happening, vaddr:0x50000008a000, casue:INSTRUCTION, map_flags:MappingFlags(READ | WRITE | EXECUTE | USER)[m
[m[37m[1733835001.672085 0:5 ruxos_posix_api::imp::mmap::trap:90] [36mmapping_flags: MappingFlags(READ | WRITE | EXECUTE | USER)[m
[m[37m[1733835001.672380 0:5 ruxhal::arch::aarch64::trap:102] [36missue=0xf, vaddr=0x50000008aeb8, cause=INSTRUCTION[m
[m[37m[1733835001.672648 0:5 ruxos_posix_api::imp::mmap::trap:61] [36mPage Fault Happening, vaddr:0x50000008a000, casue:INSTRUCTION, map_flags:MappingFlags(READ | WRITE | EXECUTE | USER)[m
[m[37m[1733835001.673066 0:5 ruxos_posix_api::imp::mmap::trap:90] [36mmapping_flags: MappingFlags(READ | WRITE | EXECUTE | USER)[m
[m[37m[1733835001.673360 0:5 ruxhal::arch::aarch64::trap:102] [36missue=0xf, vaddr=0x50000008aeb8, cause=INSTRUCTION[m
[m[37m[1733835001.673628 0:5 ruxos_posix_api::imp::mmap::trap:61] [36mPage Fault Happening, vaddr:0x50000008a000, casue:INSTRUCTION, map_flags:MappingFlags(READ | WRITE | EXECUTE | USER)[m
[m[37m[1733835001.674046 0:5 ruxos_posix_api::imp::mmap::trap:90] [36mmapping_flags: MappingFlags(READ | WRITE | EXECUTE | USER)[m
[m[37m[1733835001.674342 0:5 ruxhal::arch::aarch64::trap:102] [36missue=0xf, vaddr=0x50000008aeb8, cause=INSTRUCTION[m
[m[37m[1733835001.674640 0:5 ruxos_posix_api::imp::mmap::trap:61] [36mPage Fault Happening, vaddr:0x50000008a000, casue:INSTRUCTION, map_flags:MappingFlags(READ | WRITE | EXECUTE | USER)[m
[m[37m[1733835001.675100 0:5 ruxos_posix_api::imp::mmap::trap:90] [36mmapping_flags: MappingFlags(READ | WRITE | EXECUTE | USER)[m
[m[37m[1733835001.675432 0:5 ruxhal::arch::aarch64::trap:102] [36missue=0xf, vaddr=0x50000008aeb8, cause=INSTRUCTION[m
[m[37m[1733835001.675718 0:5 ruxos_posix_api::imp::mmap::trap:61] [36mPage Fault Happening, vaddr:0x50000008a000, casue:INSTRUCTION, map_flags:MappingFlags(READ | WRITE | EXECUTE | USER)[m
[m[37m[1733835001.676135 0:5 ruxos_posix_api::imp::mmap::trap:90] [36mmapping_flags: MappingFlags(READ | WRITE | EXECUTE | USER)[m
[m[37m[1733835001.676430 0:5 ruxhal::arch::aarch64::trap:102] [36missue=0xf, vaddr=0x50000008aeb8, cause=INSTRUCTION[m
[m[37m[1733835001.676697 0:5 ruxos_posix_api::imp::mmap::trap:61] [36mPage Fault Happening, vaddr:0x50000008a000, casue:INSTRUCTION, map_flags:MappingFlags(READ | WRITE | EXECUTE | USER)[m
[m[37m[1733835001.677114 0:5 ruxos_posix_api::imp::mmap::trap:90] [36mmapping_flags: MappingFlags(READ | WRITE | EXECUTE | USER)[m
[m[37m[1733835001.677409 0:5 ruxhal::arch::aarch64::trap:102] [36missue=0xf, vaddr=0x50000008aeb8, cause=INSTRUCTION[m
[m[37m[1733835001.677677 0:5 ruxos_posix_api::imp::mmap::trap:61] [36mPage Fault Happening, vaddr:0x50000008a000, casue:INSTRUCTION, map_flags:MappingFlags(READ | WRITE | EXECUTE | USER)[m
[m[37m[1733835001.678092 0:5 ruxos_posix_api::imp::mmap::trap:90] [36mmapping_flags: MappingFlags(READ | WRITE | EXECUTE | USER)[m
[m[37m[1733835001.678387 0:5 ruxhal::arch::aarch64::trap:102] [36missue=0xf, vaddr=0x50000008aeb8, cause=INSTRUCTION[m
[m[37m[1733835001.678653 0:5 ruxos_posix_api::imp::mmap::trap:61] [36mPage Fault Happening, vaddr:0x50000008a000, casue:INSTRUCTION, map_flags:MappingFlags(READ | WRITE | EXECUTE | USER)[m
[m[37m[1733835001.679071 0:5 ruxos_posix_api::imp::mmap::trap:90] [36mmapping_flags: MappingFlags(READ | WRITE | EXECUTE | USER)[m
[m[37m[1733835001.679365 0:5 ruxhal::arch::aarch64::trap:102] [36missue=0xf, vaddr=0x50000008aeb8, cause=INSTRUCTION[m
[m[37m[1733835001.679632 0:5 ruxos_posix_api::imp::mmap::trap:61] [36mPage Fault Happening, vaddr:0x50000008a000, casue:INSTRUCTION, map_flags:MappingFlags(READ | WRITE | EXECUTE | USER)[m
[m[37m[1733835001.680049 0:5 ruxos_posix_api::imp::mmap::trap:90] [36mmapping_flags: MappingFlags(READ | WRITE | EXECUTE | USER)[m
[m[37m[1733835001.680344 0:5 ruxhal::arch::aarch64::trap:102] [36missue=0xf, vaddr=0x50000008aeb8, cause=INSTRUCTION[m
[m[37m[1733835001.680613 0:5 ruxos_posix_api::imp::mmap::trap:61] [36mPage Fault Happening, vaddr:0x50000008a000, casue:INSTRUCTION, map_flags:MappingFlags(READ | WRITE | EXECUTE | USER)[m
[m[37m[1733835001.681031 0:5 ruxos_posix_api::imp::mmap::trap:90] [36mmapping_flags: MappingFlags(READ | WRITE | EXECUTE | USER)[m
[m[37m[1733835001.681326 0:5 ruxhal::arch::aarch64::trap:102] [36missue=0xf, vaddr=0x50000008aeb8, cause=INSTRUCTION[m
[m[37m[1733835001.681594 0:5 ruxos_posix_api::imp::mmap::trap:61] [36mPage Fault Happening, vaddr:0x50000008a000, casue:INSTRUCTION, map_flags:MappingFlags(READ | WRITE | EXECUTE | USER)[m
[m[37m[1733835001.682011 0:5 ruxos_posix_api::imp::mmap::trap:90] [36mmapping_flags: MappingFlags(READ | WRITE | EXECUTE | USER)[m
[m[37m[1733835001.682308 0:5 ruxhal::arch::aarch64::trap:102] [36missue=0xf, vaddr=0x50000008aeb8, cause=INSTRUCTION[m
[m[37m[1733835001.682577 0:5 ruxos_posix_api::imp::mmap::trap:61] [36mPage Fault Happening, vaddr:0x50000008a000, casue:INSTRUCTION, map_flags:MappingFlags(READ | WRITE | EXECUTE | USER)[m
[m[37m[1733835001.682994 0:5 ruxos_posix_api::imp::mmap::trap:90] [36mmapping_flags: MappingFlags(READ | WRITE | EXECUTE | USER)[m
[m[37m[1733835001.683288 0:5 ruxhal::arch::aarch64::trap:102] [36missue=0xf, vaddr=0x50000008aeb8, cause=INSTRUCTION[m
[m[37m[1733835001.683560 0:5 ruxos_posix_api::imp::mmap::trap:61] [36mPage Fault Happening, vaddr:0x50000008a000, casue:INSTRUCTION, map_flags:MappingFlags(READ | WRITE | EXECUTE | USER)[m
[m[37m[1733835001.683980 0:5 ruxos_posix_api::imp::mmap::trap:90] [36mmapping_flags: MappingFlags(READ | WRITE | EXECUTE | USER)[m
[m[37m[1733835001.684277 0:5 ruxhal::arch::aarch64::trap:102] [36missue=0xf, vaddr=0x50000008aeb8, cause=INSTRUCTION[m
[m[37m[1733835001.684565 0:5 ruxos_posix_api::imp::mmap::trap:61] [36mPage Fault Happening, vaddr:0x50000008a000, casue:INSTRUCTION, map_flags:MappingFlags(READ | WRITE | EXECUTE | USER)[m
[m[37m[1733835001.685022 0:5 ruxos_posix_api::imp::mmap::trap:90] [36mmapping_flags: MappingFlags(READ | WRITE | EXECUTE | USER)[m
[m[37m[1733835001.685353 0:5 ruxhal::arch::aarch64::trap:102] [36missue=0xf, vaddr=0x50000008aeb8, cause=INSTRUCTION[m
[m[37m[1733835001.685630 0:5 ruxos_posix_api::imp::mmap::trap:61] [36mPage Fault Happening, vaddr:0x50000008a000, casue:INSTRUCTION, map_flags:MappingFlags(READ | WRITE | EXECUTE | USER)[m
[m[37m[1733835001.686047 0:5 ruxos_posix_api::imp::mmap::trap:90] [36mmapping_flags: MappingFlags(READ | WRITE | EXECUTE | USER)[m
[m[37m[1733835001.686341 0:5 ruxhal::arch::aarch64::trap:102] [36missue=0xf, vaddr=0x50000008aeb8, cause=INSTRUCTION[m
[m[37m[1733835001.686609 0:5 ruxos_posix_api::imp::mmap::trap:61] [36mPage Fault Happening, vaddr:0x50000008a000, casue:INSTRUCTION, map_flags:MappingFlags(READ | WRITE | EXECUTE | USER)[m
[m[37m[1733835001.687027 0:5 ruxos_posix_api::imp::mmap::trap:90] [36mmapping_flags: MappingFlags(READ | WRITE | EXECUTE | USER)[m
[m[37m[1733835001.687321 0:5 ruxhal::arch::aarch64::trap:102] [36missue=0xf, vaddr=0x50000008aeb8, cause=INSTRUCTION[m
[m[37m[1733835001.687590 0:5 ruxos_posix_api::imp::mmap::trap:61] [36mPage Fault Happening, vaddr:0x50000008a000, casue:INSTRUCTION, map_flags:MappingFlags(READ | WRITE | EXECUTE | USER)[m
[m[37m[1733835001.688007 0:5 ruxos_posix_api::imp::mmap::trap:90] [36mmapping_flags: MappingFlags(READ | WRITE | EXECUTE | USER)[m
[m[37m[1733835001.688301 0:5 ruxhal::arch::aarch64::trap:102] [36missue=0xf, vaddr=0x50000008aeb8, cause=INSTRUCTION[m
[m[37m[1733835001.688569 0:5 ruxos_posix_api::imp::mmap::trap:61] [36mPage Fault Happening, vaddr:0x50000008a000, casue:INSTRUCTION, map_flags:MappingFlags(READ | WRITE | EXECUTE | USER)[m
[m[37m[1733835001.688989 0:5 ruxos_posix_api::imp::mmap::trap:90] [36mmapping_flags: MappingFlags(READ | WRITE | EXECUTE | USER)[m
[m[37m[1733835001.689284 0:5 ruxhal::arch::aarch64::trap:102] [36missue=0xf, vaddr=0x50000008aeb8, cause=INSTRUCTION[m
[m[37m[1733835001.689552 0:5 ruxos_posix_api::imp::mmap::trap:61] [36mPage Fault Happening, vaddr:0x50000008a000, casue:INSTRUCTION, map_flags:MappingFlags(READ | WRITE | EXECUTE | USER)[m
[m[37m[1733835001.689969 0:5 ruxos_posix_api::imp::mmap::trap:90] [36mmapping_flags: MappingFlags(READ | WRITE | EXECUTE | USER)[m
[m[37m[1733835001.690263 0:5 ruxhal::arch::aarch64::trap:102] [36missue=0xf, vaddr=0x50000008aeb8, cause=INSTRUCTION[m
[m[37m[1733835001.690531 0:5 ruxos_posix_api::imp::mmap::trap:61] [36mPage Fault Happening, vaddr:0x50000008a000, casue:INSTRUCTION, map_flags:MappingFlags(READ | WRITE | EXECUTE | USER)[m
[m[37m[1733835001.690947 0:5 ruxos_posix_api::imp::mmap::trap:90] [36mmapping_flags: MappingFlags(READ | WRITE | EXECUTE | USER)[m
[m[37m[1733835001.691240 0:5 ruxhal::arch::aarch64::trap:102] [36missue=0xf, vaddr=0x50000008aeb8, cause=INSTRUCTION[m
[m[37m[1733835001.691507 0:5 ruxos_posix_api::imp::mmap::trap:61] [36mPage Fault Happening, vaddr:0x50000008a000, casue:INSTRUCTION, map_flags:MappingFlags(READ | WRITE | EXECUTE | USER)[m
[m[37m[1733835001.691923 0:5 ruxos_posix_api::imp::mmap::trap:90] [36mmapping_flags: MappingFlags(READ | WRITE | EXECUTE | USER)[m
[m[37m[1733835001.692219 0:5 ruxhal::arch::aarch64::trap:102] [36missue=0xf, vaddr=0x50000008aeb8, cause=INSTRUCTION[m
[m[37m[1733835001.692487 0:5 ruxos_posix_api::imp::mmap::trap:61] [36mPage Fault Happening, vaddr:0x50000008a000, casue:INSTRUCTION, map_flags:MappingFlags(READ | WRITE | EXECUTE | USER)[m
[m[37m[1733835001.692908 0:5 ruxos_posix_api::imp::mmap::trap:90] [36mmapping_flags: MappingFlags(READ | WRITE | EXECUTE | USER)[m
[m[37m[1733835001.693202 0:5 ruxhal::arch::aarch64::trap:102] [36missue=0xf, vaddr=0x50000008aeb8, cause=INSTRUCTION[m
[m[37m[1733835001.693470 0:5 ruxos_posix_api::imp::mmap::trap:61] [36mPage Fault Happening, vaddr:0x50000008a000, casue:INSTRUCTION, map_flags:MappingFlags(READ | WRITE | EXECUTE | USER)[m
[m[37m[1733835001.693885 0:5 ruxos_posix_api::imp::mmap::trap:90] [36mmapping_flags: MappingFlags(READ | WRITE | EXECUTE | USER)[m
[m[37m[1733835001.694179 0:5 ruxhal::arch::aarch64::trap:102] [36missue=0xf, vaddr=0x50000008aeb8, cause=INSTRUCTION[m
[m[37m[1733835001.694447 0:5 ruxos_posix_api::imp::mmap::trap:61] [36mPage Fault Happening, vaddr:0x50000008a000, casue:INSTRUCTION, map_flags:MappingFlags(READ | WRITE | EXECUTE | USER)[m
[m[37m[1733835001.694926 0:5 ruxos_posix_api::imp::mmap::trap:90] [36mmapping_flags: MappingFlags(READ | WRITE | EXECUTE | USER)[m
[m[37m[1733835001.695258 0:5 ruxhal::arch::aarch64::trap:102] [36missue=0xf, vaddr=0x50000008aeb8, cause=INSTRUCTION[m
[m[37m[1733835001.695549 0:5 ruxos_posix_api::imp::mmap::trap:61] [36mPage Fault Happening, vaddr:0x50000008a000, casue:INSTRUCTION, map_flags:MappingFlags(READ | WRITE | EXECUTE | USER)[m
[m[37m[1733835001.695967 0:5 ruxos_posix_api::imp::mmap::trap:90] [36mmapping_flags: MappingFlags(READ | WRITE | EXECUTE | USER)[m
[m[37m[1733835001.696262 0:5 ruxhal::arch::aarch64::trap:102] [36missue=0xf, vaddr=0x50000008aeb8, cause=INSTRUCTION[m
[m[37m[1733835001.696530 0:5 ruxos_posix_api::imp::mmap::trap:61] [36mPage Fault Happening, vaddr:0x50000008a000, casue:INSTRUCTION, map_flags:MappingFlags(READ | WRITE | EXECUTE | USER)[m
[m[37m[1733835001.696947 0:5 ruxos_posix_api::imp::mmap::trap:90] [36mmapping_flags: MappingFlags(READ | WRITE | EXECUTE | USER)[m
[m[37m[1733835001.697242 0:5 ruxhal::arch::aarch64::trap:102] [36missue=0xf, vaddr=0x50000008aeb8, cause=INSTRUCTION[m
[m[37m[1733835001.697510 0:5 ruxos_posix_api::imp::mmap::trap:61] [36mPage Fault Happening, vaddr:0x50000008a000, casue:INSTRUCTION, map_flags:MappingFlags(READ | WRITE | EXECUTE | USER)[m
[m[37m[1733835001.697927 0:5 ruxos_posix_api::imp::mmap::trap:90] [36mmapping_flags: MappingFlags(READ | WRITE | EXECUTE | USER)[m
[m[37m[1733835001.698222 0:5 ruxhal::arch::aarch64::trap:102] [36missue=0xf, vaddr=0x50000008aeb8, cause=INSTRUCTION[m
[m[37m[1733835001.698490 0:5 ruxos_posix_api::imp::mmap::trap:61] [36mPage Fault Happening, vaddr:0x50000008a000, casue:INSTRUCTION, map_flags:MappingFlags(READ | WRITE | EXECUTE | USER)[m
[m[37m[1733835001.698910 0:5 ruxos_posix_api::imp::mmap::trap:90] [36mmapping_flags: MappingFlags(READ | WRITE | EXECUTE | USER)[m
[m[37m[1733835001.699205 0:5 ruxhal::arch::aarch64::trap:102] [36missue=0xf, vaddr=0x50000008aeb8, cause=INSTRUCTION[m
[m[37m[1733835001.699473 0:5 ruxos_posix_api::imp::mmap::trap:61] [36mPage Fault Happening, vaddr:0x50000008a000, casue:INSTRUCTION, map_flags:MappingFlags(READ | WRITE | EXECUTE | USER)[m
[m[37m[1733835001.699890 0:5 ruxos_posix_api::imp::mmap::trap:90] [36mmapping_flags: MappingFlags(READ | WRITE | EXECUTE | USER)[m
[m[37m[1733835001.700185 0:5 ruxhal::arch::aarch64::trap:102] [36missue=0xf, vaddr=0x50000008aeb8, cause=INSTRUCTION[m
[m[37m[1733835001.700453 0:5 ruxos_posix_api::imp::mmap::trap:61] [36mPage Fault Happening, vaddr:0x50000008a000, casue:INSTRUCTION, map_flags:MappingFlags(READ | WRITE | EXECUTE | USER)[m
[m[37m[1733835001.700870 0:5 ruxos_posix_api::imp::mmap::trap:90] [36mmapping_flags: MappingFlags(READ | WRITE | EXECUTE | USER)[m
[m[37m[1733835001.701165 0:5 ruxhal::arch::aarch64::trap:102] [36missue=0xf, vaddr=0x50000008aeb8, cause=INSTRUCTION[m
[m[37m[1733835001.701433 0:5 ruxos_posix_api::imp::mmap::trap:61] [36mPage Fault Happening, vaddr:0x50000008a000, casue:INSTRUCTION, map_flags:MappingFlags(READ | WRITE | EXECUTE | USER)[m
[m[37m[1733835001.701853 0:5 ruxos_posix_api::imp::mmap::trap:90] [36mmapping_flags: MappingFlags(READ | WRITE | EXECUTE | USER)[m
[m[37m[1733835001.702151 0:5 ruxhal::arch::aarch64::trap:102] [36missue=0xf, vaddr=0x50000008aeb8, cause=INSTRUCTION[m
[m[37m[1733835001.702419 0:5 ruxos_posix_api::imp::mmap::trap:61] [36mPage Fault Happening, vaddr:0x50000008a000, casue:INSTRUCTION, map_flags:MappingFlags(READ | WRITE | EXECUTE | USER)[m
[m[37m[1733835001.702837 0:5 ruxos_posix_api::imp::mmap::trap:90] [36mmapping_flags: MappingFlags(READ | WRITE | EXECUTE | USER)[m
[m[37m[1733835001.703132 0:5 ruxhal::arch::aarch64::trap:102] [36missue=0xf, vaddr=0x50000008aeb8, cause=INSTRUCTION[m
[m[37m[1733835001.703401 0:5 ruxos_posix_api::imp::mmap::trap:61] [36mPage Fault Happening, vaddr:0x50000008a000, casue:INSTRUCTION, map_flags:MappingFlags(READ | WRITE | EXECUTE | USER)[m
[m[37m[1733835001.703818 0:5 ruxos_posix_api::imp::mmap::trap:90] [36mmapping_flags: MappingFlags(READ | WRITE | EXECUTE | USER)[m
[m[37m[1733835001.704112 0:5 ruxhal::arch::aarch64::trap:102] [36missue=0xf, vaddr=0x50000008aeb8, cause=INSTRUCTION[m
[m[37m[1733835001.704379 0:5 ruxos_posix_api::imp::mmap::trap:61] [36mPage Fault Happening, vaddr:0x50000008a000, casue:INSTRUCTION, map_flags:MappingFlags(READ | WRITE | EXECUTE | USER)[m
[m[37m[1733835001.704845 0:5 ruxos_posix_api::imp::mmap::trap:90] [36mmapping_flags: MappingFlags(READ | WRITE | EXECUTE | USER)[m
[m[37m[1733835001.705179 0:5 ruxhal::arch::aarch64::trap:102] [36missue=0xf, vaddr=0x50000008aeb8, cause=INSTRUCTION[m
[m[37m[1733835001.705447 0:5 ruxos_posix_api::imp::mmap::trap:61] [36mPage Fault Happening, vaddr:0x50000008a000, casue:INSTRUCTION, map_flags:MappingFlags(READ | WRITE | EXECUTE | USER)[m
[m[37m[1733835001.705867 0:5 ruxos_posix_api::imp::mmap::trap:90] [36mmapping_flags: MappingFlags(READ | WRITE | EXECUTE | USER)[m
[m[37m[1733835001.706161 0:5 ruxhal::arch::aarch64::trap:102] [36missue=0xf, vaddr=0x50000008aeb8, cause=INSTRUCTION[m
[m[37m[1733835001.706429 0:5 ruxos_posix_api::imp::mmap::trap:61] [36mPage Fault Happening, vaddr:0x50000008a000, casue:INSTRUCTION, map_flags:MappingFlags(READ | WRITE | EXECUTE | USER)[m
[m[37m[1733835001.706848 0:5 ruxos_posix_api::imp::mmap::trap:90] [36mmapping_flags: MappingFlags(READ | WRITE | EXECUTE | USER)[m
[m[37m[1733835001.707142 0:5 ruxhal::arch::aarch64::trap:102] [36missue=0xf, vaddr=0x50000008aeb8, cause=INSTRUCTION[m
[m[37m[1733835001.707410 0:5 ruxos_posix_api::imp::mmap::trap:61] [36mPage Fault Happening, vaddr:0x50000008a000, casue:INSTRUCTION, map_flags:MappingFlags(READ | WRITE | EXECUTE | USER)[m
[m[37m[1733835001.707827 0:5 ruxos_posix_api::imp::mmap::trap:90] [36mmapping_flags: MappingFlags(READ | WRITE | EXECUTE | USER)[m
[m[37m[1733835001.708121 0:5 ruxhal::arch::aarch64::trap:102] [36missue=0xf, vaddr=0x50000008aeb8, cause=INSTRUCTION[m
[m[37m[1733835001.708388 0:5 ruxos_posix_api::imp::mmap::trap:61] [36mPage Fault Happening, vaddr:0x50000008a000, casue:INSTRUCTION, map_flags:MappingFlags(READ | WRITE | EXECUTE | USER)[m
[m[37m[1733835001.708807 0:5 ruxos_posix_api::imp::mmap::trap:90] [36mmapping_flags: MappingFlags(READ | WRITE | EXECUTE | USER)[m
[m[37m[1733835001.709101 0:5 ruxhal::arch::aarch64::trap:102] [36missue=0xf, vaddr=0x50000008aeb8, cause=INSTRUCTION[m
[m[37m[1733835001.709369 0:5 ruxos_posix_api::imp::mmap::trap:61] [36mPage Fault Happening, vaddr:0x50000008a000, casue:INSTRUCTION, map_flags:MappingFlags(READ | WRITE | EXECUTE | USER)[m
[m[37m[1733835001.709788 0:5 ruxos_posix_api::imp::mmap::trap:90] [36mmapping_flags: MappingFlags(READ | WRITE | EXECUTE | USER)[m
[m[37m[1733835001.710083 0:5 ruxhal::arch::aarch64::trap:102] [36missue=0xf, vaddr=0x50000008aeb8, cause=INSTRUCTION[m
[m[37m[1733835001.710351 0:5 ruxos_posix_api::imp::mmap::trap:61] [36mPage Fault Happening, vaddr:0x50000008a000, casue:INSTRUCTION, map_flags:MappingFlags(READ | WRITE | EXECUTE | USER)[m
[m[37m[1733835001.710770 0:5 ruxos_posix_api::imp::mmap::trap:90] [36mmapping_flags: MappingFlags(READ | WRITE | EXECUTE | USER)[m
[m[37m[1733835001.711063 0:5 ruxhal::arch::aarch64::trap:102] [36missue=0xf, vaddr=0x50000008aeb8, cause=INSTRUCTION[m
[m[37m[1733835001.711330 0:5 ruxos_posix_api::imp::mmap::trap:61] [36mPage Fault Happening, vaddr:0x50000008a000, casue:INSTRUCTION, map_flags:MappingFlags(READ | WRITE | EXECUTE | USER)[m
[m[37m[1733835001.711748 0:5 ruxos_posix_api::imp::mmap::trap:90] [36mmapping_flags: MappingFlags(READ | WRITE | EXECUTE | USER)[m
[m[37m[1733835001.712041 0:5 ruxhal::arch::aarch64::trap:102] [36missue=0xf, vaddr=0x50000008aeb8, cause=INSTRUCTION[m
[m[37m[1733835001.712311 0:5 ruxos_posix_api::imp::mmap::trap:61] [36mPage Fault Happening, vaddr:0x50000008a000, casue:INSTRUCTION, map_flags:MappingFlags(READ | WRITE | EXECUTE | USER)[m
[m[37m[1733835001.712729 0:5 ruxos_posix_api::imp::mmap::trap:90] [36mmapping_flags: MappingFlags(READ | WRITE | EXECUTE | USER)[m
[m[37m[1733835001.713023 0:5 ruxhal::arch::aarch64::trap:102] [36missue=0xf, vaddr=0x50000008aeb8, cause=INSTRUCTION[m
[m[37m[1733835001.713292 0:5 ruxos_posix_api::imp::mmap::trap:61] [36mPage Fault Happening, vaddr:0x50000008a000, casue:INSTRUCTION, map_flags:MappingFlags(READ | WRITE | EXECUTE | USER)[m
[m[37m[1733835001.713709 0:5 ruxos_posix_api::imp::mmap::trap:90] [36mmapping_flags: MappingFlags(READ | WRITE | EXECUTE | USER)[m
[m[37m[1733835001.714004 0:5 ruxhal::arch::aarch64::trap:102] [36missue=0xf, vaddr=0x50000008aeb8, cause=INSTRUCTION[m
[m[37m[1733835001.714273 0:5 ruxos_posix_api::imp::mmap::trap:61] [36mPage Fault Happening, vaddr:0x50000008a000, casue:INSTRUCTION, map_flags:MappingFlags(READ | WRITE | EXECUTE | USER)[m
[m[37m[1733835001.714726 0:5 ruxos_posix_api::imp::mmap::trap:90] [36mmapping_flags: MappingFlags(READ | WRITE | EXECUTE | USER)[m
[m[37m[1733835001.715058 0:5 ruxhal::arch::aarch64::trap:102] [36missue=0xf, vaddr=0x50000008aeb8, cause=INSTRUCTION[m
[m[37m[1733835001.715341 0:5 ruxos_posix_api::imp::mmap::trap:61] [36mPage Fault Happening, vaddr:0x50000008a000, casue:INSTRUCTION, map_flags:MappingFlags(READ | WRITE | EXECUTE | USER)[m
[m[37m[1733835001.715759 0:5 ruxos_posix_api::imp::mmap::trap:90] [36mmapping_flags: MappingFlags(READ | WRITE | EXECUTE | USER)[m
[m[37m[1733835001.716054 0:5 ruxhal::arch::aarch64::trap:102] [36missue=0xf, vaddr=0x50000008aeb8, cause=INSTRUCTION[m
[m[37m[1733835001.716323 0:5 ruxos_posix_api::imp::mmap::trap:61] [36mPage Fault Happening, vaddr:0x50000008a000, casue:INSTRUCTION, map_flags:MappingFlags(READ | WRITE | EXECUTE | USER)[m
[m[37m[1733835001.716741 0:5 ruxos_posix_api::imp::mmap::trap:90] [36mmapping_flags: MappingFlags(READ | WRITE | EXECUTE | USER)[m
[m[37m[1733835001.717037 0:5 ruxhal::arch::aarch64::trap:102] [36missue=0xf, vaddr=0x50000008aeb8, cause=INSTRUCTION[m
[m[37m[1733835001.717307 0:5 ruxos_posix_api::imp::mmap::trap:61] [36mPage Fault Happening, vaddr:0x50000008a000, casue:INSTRUCTION, map_flags:MappingFlags(READ | WRITE | EXECUTE | USER)[m
[m[37m[1733835001.717730 0:5 ruxos_posix_api::imp::mmap::trap:90] [36mmapping_flags: MappingFlags(READ | WRITE | EXECUTE | USER)[m
[m[37m[1733835001.718030 0:5 ruxhal::arch::aarch64::trap:102] [36missue=0xf, vaddr=0x50000008aeb8, cause=INSTRUCTION[m
[m[37m[1733835001.718300 0:5 ruxos_posix_api::imp::mmap::trap:61] [36mPage Fault Happening, vaddr:0x50000008a000, casue:INSTRUCTION, map_flags:MappingFlags(READ | WRITE | EXECUTE | USER)[m
[m[37m[1733835001.718719 0:5 ruxos_posix_api::imp::mmap::trap:90] [36mmapping_flags: MappingFlags(READ | WRITE | EXECUTE | USER)[m
[m[37m[1733835001.719016 0:5 ruxhal::arch::aarch64::trap:102] [36missue=0xf, vaddr=0x50000008aeb8, cause=INSTRUCTION[m
[m[37m[1733835001.719284 0:5 ruxos_posix_api::imp::mmap::trap:61] [36mPage Fault Happening, vaddr:0x50000008a000, casue:INSTRUCTION, map_flags:MappingFlags(READ | WRITE | EXECUTE | USER)[m
[m[37m[1733835001.719703 0:5 ruxos_posix_api::imp::mmap::trap:90] [36mmapping_flags: MappingFlags(READ | WRITE | EXECUTE | USER)[m
[m[37m[1733835001.719998 0:5 ruxhal::arch::aarch64::trap:102] [36missue=0xf, vaddr=0x50000008aeb8, cause=INSTRUCTION[m
[m[37m[1733835001.720266 0:5 ruxos_posix_api::imp::mmap::trap:61] [36mPage Fault Happening, vaddr:0x50000008a000, casue:INSTRUCTION, map_flags:MappingFlags(READ | WRITE | EXECUTE | USER)[m
[m[37m[1733835001.720684 0:5 ruxos_posix_api::imp::mmap::trap:90] [36mmapping_flags: MappingFlags(READ | WRITE | EXECUTE | USER)[m
[m[37m[1733835001.720978 0:5 ruxhal::arch::aarch64::trap:102] [36missue=0xf, vaddr=0x50000008aeb8, cause=INSTRUCTION[m
[m[37m[1733835001.721247 0:5 ruxos_posix_api::imp::mmap::trap:61] [36mPage Fault Happening, vaddr:0x50000008a000, casue:INSTRUCTION, map_flags:MappingFlags(READ | WRITE | EXECUTE | USER)[m
[m[37m[1733835001.721665 0:5 ruxos_posix_api::imp::mmap::trap:90] [36mmapping_flags: MappingFlags(READ | WRITE | EXECUTE | USER)[m
[m[37m[1733835001.721960 0:5 ruxhal::arch::aarch64::trap:102] [36missue=0xf, vaddr=0x50000008aeb8, cause=INSTRUCTION[m
[m[37m[1733835001.722229 0:5 ruxos_posix_api::imp::mmap::trap:61] [36mPage Fault Happening, vaddr:0x50000008a000, casue:INSTRUCTION, map_flags:MappingFlags(READ | WRITE | EXECUTE | USER)[m
[m[37m[1733835001.722646 0:5 ruxos_posix_api::imp::mmap::trap:90] [36mmapping_flags: MappingFlags(READ | WRITE | EXECUTE | USER)[m
[m[37m[1733835001.722941 0:5 ruxhal::arch::aarch64::trap:102] [36missue=0xf, vaddr=0x50000008aeb8, cause=INSTRUCTION[m
[m[37m[1733835001.723210 0:5 ruxos_posix_api::imp::mmap::trap:61] [36mPage Fault Happening, vaddr:0x50000008a000, casue:INSTRUCTION, map_flags:MappingFlags(READ | WRITE | EXECUTE | USER)[m
[m[37m[1733835001.723628 0:5 ruxos_posix_api::imp::mmap::trap:90] [36mmapping_flags: MappingFlags(READ | WRITE | EXECUTE | USER)[m
[m[37m[1733835001.723922 0:5 ruxhal::arch::aarch64::trap:102] [36missue=0xf, vaddr=0x50000008aeb8, cause=INSTRUCTION[m
[m[37m[1733835001.724190 0:5 ruxos_posix_api::imp::mmap::trap:61] [36mPage Fault Happening, vaddr:0x50000008a000, casue:INSTRUCTION, map_flags:MappingFlags(READ | WRITE | EXECUTE | USER)[m
[m[37m[1733835001.724643 0:5 ruxos_posix_api::imp::mmap::trap:90] [36mmapping_flags: MappingFlags(READ | WRITE | EXECUTE | USER)[m
[m[37m[1733835001.724979 0:5 ruxhal::arch::aarch64::trap:102] [36missue=0xf, vaddr=0x50000008aeb8, cause=INSTRUCTION[m
[m[37m[1733835001.725247 0:5 ruxos_posix_api::imp::mmap::trap:61] [36mPage Fault Happening, vaddr:0x50000008a000, casue:INSTRUCTION, map_flags:MappingFlags(READ | WRITE | EXECUTE | USER)[m
[m[37m[1733835001.725679 0:5 ruxos_posix_api::imp::mmap::trap:90] [36mmapping_flags: MappingFlags(READ | WRITE | EXECUTE | USER)[m
[m[37m[1733835001.725975 0:5 ruxhal::arch::aarch64::trap:102] [36missue=0xf, vaddr=0x50000008aeb8, cause=INSTRUCTION[m
[m[37m[1733835001.726244 0:5 ruxos_posix_api::imp::mmap::trap:61] [36mPage Fault Happening, vaddr:0x50000008a000, casue:INSTRUCTION, map_flags:MappingFlags(READ | WRITE | EXECUTE | USER)[m
[m[37m[1733835001.726664 0:5 ruxos_posix_api::imp::mmap::trap:90] [36mmapping_flags: MappingFlags(READ | WRITE | EXECUTE | USER)[m
[m[37m[1733835001.726959 0:5 ruxhal::arch::aarch64::trap:102] [36missue=0xf, vaddr=0x50000008aeb8, cause=INSTRUCTION[m
[m[37m[1733835001.727227 0:5 ruxos_posix_api::imp::mmap::trap:61] [36mPage Fault Happening, vaddr:0x50000008a000, casue:INSTRUCTION, map_flags:MappingFlags(READ | WRITE | EXECUTE | USER)[m
[m[37m[1733835001.727647 0:5 ruxos_posix_api::imp::mmap::trap:90] [36mmapping_flags: MappingFlags(READ | WRITE | EXECUTE | USER)[m
[m[37m[1733835001.727941 0:5 ruxhal::arch::aarch64::trap:102] [36missue=0xf, vaddr=0x50000008aeb8, cause=INSTRUCTION[m
[m[37m[1733835001.728211 0:5 ruxos_posix_api::imp::mmap::trap:61] [36mPage Fault Happening, vaddr:0x50000008a000, casue:INSTRUCTION, map_flags:MappingFlags(READ | WRITE | EXECUTE | USER)[m
[m[37m[1733835001.728631 0:5 ruxos_posix_api::imp::mmap::trap:90] [36mmapping_flags: MappingFlags(READ | WRITE | EXECUTE | USER)[m
[m[37m[1733835001.728928 0:5 ruxhal::arch::aarch64::trap:102] [36missue=0xf, vaddr=0x50000008aeb8, cause=INSTRUCTION[m
[m[37m[1733835001.729196 0:5 ruxos_posix_api::imp::mmap::trap:61] [36mPage Fault Happening, vaddr:0x50000008a000, casue:INSTRUCTION, map_flags:MappingFlags(READ | WRITE | EXECUTE | USER)[m
[m[37m[1733835001.729615 0:5 ruxos_posix_api::imp::mmap::trap:90] [36mmapping_flags: MappingFlags(READ | WRITE | EXECUTE | USER)[m
[m[37m[1733835001.729910 0:5 ruxhal::arch::aarch64::trap:102] [36missue=0xf, vaddr=0x50000008aeb8, cause=INSTRUCTION[m
[m[37m[1733835001.730179 0:5 ruxos_posix_api::imp::mmap::trap:61] [36mPage Fault Happening, vaddr:0x50000008a000, casue:INSTRUCTION, map_flags:MappingFlags(READ | WRITE | EXECUTE | USER)[m
[m[37m[1733835001.730596 0:5 ruxos_posix_api::imp::mmap::trap:90] [36mmapping_flags: MappingFlags(READ | WRITE | EXECUTE | USER)[m
[m[37m[1733835001.730891 0:5 ruxhal::arch::aarch64::trap:102] [36missue=0xf, vaddr=0x50000008aeb8, cause=INSTRUCTION[m
[m[37m[1733835001.731160 0:5 ruxos_posix_api::imp::mmap::trap:61] [36mPage Fault Happening, vaddr:0x50000008a000, casue:INSTRUCTION, map_flags:MappingFlags(READ | WRITE | EXECUTE | USER)[m
[m[37m[1733835001.731579 0:5 ruxos_posix_api::imp::mmap::trap:90] [36mmapping_flags: MappingFlags(READ | WRITE | EXECUTE | USER)[m
[m[37m[1733835001.731874 0:5 ruxhal::arch::aarch64::trap:102] [36missue=0xf, vaddr=0x50000008aeb8, cause=INSTRUCTION[m
[m[37m[1733835001.732143 0:5 ruxos_posix_api::imp::mmap::trap:61] [36mPage Fault Happening, vaddr:0x50000008a000, casue:INSTRUCTION, map_flags:MappingFlags(READ | WRITE | EXECUTE | USER)[m
[m[37m[1733835001.732560 0:5 ruxos_posix_api::imp::mmap::trap:90] [36mmapping_flags: MappingFlags(READ | WRITE | EXECUTE | USER)[m
[m[37m[1733835001.732855 0:5 ruxhal::arch::aarch64::trap:102] [36missue=0xf, vaddr=0x50000008aeb8, cause=INSTRUCTION[m
[m[37m[1733835001.733124 0:5 ruxos_posix_api::imp::mmap::trap:61] [36mPage Fault Happening, vaddr:0x50000008a000, casue:INSTRUCTION, map_flags:MappingFlags(READ | WRITE | EXECUTE | USER)[m
[m[37m[1733835001.733541 0:5 ruxos_posix_api::imp::mmap::trap:90] [36mmapping_flags: MappingFlags(READ | WRITE | EXECUTE | USER)[m
[m[37m[1733835001.733836 0:5 ruxhal::arch::aarch64::trap:102] [36missue=0xf, vaddr=0x50000008aeb8, cause=INSTRUCTION[m
[m[37m[1733835001.734104 0:5 ruxos_posix_api::imp::mmap::trap:61] [36mPage Fault Happening, vaddr:0x50000008a000, casue:INSTRUCTION, map_flags:MappingFlags(READ | WRITE | EXECUTE | USER)[m
[m[37m[1733835001.734539 0:5 ruxos_posix_api::imp::mmap::trap:90] [36mmapping_flags: MappingFlags(READ | WRITE | EXECUTE | USER)[m
[m[37m[1733835001.734872 0:5 ruxhal::arch::aarch64::trap:102] [36missue=0xf, vaddr=0x50000008aeb8, cause=INSTRUCTION[m
[m[37m[1733835001.735159 0:5 ruxos_posix_api::imp::mmap::trap:61] [36mPage Fault Happening, vaddr:0x50000008a000, casue:INSTRUCTION, map_flags:MappingFlags(READ | WRITE | EXECUTE | USER)[m
[m[37m[1733835001.735579 0:5 ruxos_posix_api::imp::mmap::trap:90] [36mmapping_flags: MappingFlags(READ | WRITE | EXECUTE | USER)[m
[m[37m[1733835001.735874 0:5 ruxhal::arch::aarch64::trap:102] [36missue=0xf, vaddr=0x50000008aeb8, cause=INSTRUCTION[m
[m[37m[1733835001.736142 0:5 ruxos_posix_api::imp::mmap::trap:61] [36mPage Fault Happening, vaddr:0x50000008a000, casue:INSTRUCTION, map_flags:MappingFlags(READ | WRITE | EXECUTE | USER)[m
[m[37m[1733835001.736560 0:5 ruxos_posix_api::imp::mmap::trap:90] [36mmapping_flags: MappingFlags(READ | WRITE | EXECUTE | USER)[m
[m[37m[1733835001.736854 0:5 ruxhal::arch::aarch64::trap:102] [36missue=0xf, vaddr=0x50000008aeb8, cause=INSTRUCTION[m
[m[37m[1733835001.737124 0:5 ruxos_posix_api::imp::mmap::trap:61] [36mPage Fault Happening, vaddr:0x50000008a000, casue:INSTRUCTION, map_flags:MappingFlags(READ | WRITE | EXECUTE | USER)[m
[m[37m[1733835001.737544 0:5 ruxos_posix_api::imp::mmap::trap:90] [36mmapping_flags: MappingFlags(READ | WRITE | EXECUTE | USER)[m
[m[37m[1733835001.737839 0:5 ruxhal::arch::aarch64::trap:102] [36missue=0xf, vaddr=0x50000008aeb8, cause=INSTRUCTION[m
[m[37m[1733835001.738108 0:5 ruxos_posix_api::imp::mmap::trap:61] [36mPage Fault Happening, vaddr:0x50000008a000, casue:INSTRUCTION, map_flags:MappingFlags(READ | WRITE | EXECUTE | USER)[m
[m[37m[1733835001.738526 0:5 ruxos_posix_api::imp::mmap::trap:90] [36mmapping_flags: MappingFlags(READ | WRITE | EXECUTE | USER)[m
[m[37m[1733835001.738823 0:5 ruxhal::arch::aarch64::trap:102] [36missue=0xf, vaddr=0x50000008aeb8, cause=INSTRUCTION[m
[m[37m[1733835001.739091 0:5 ruxos_posix_api::imp::mmap::trap:61] [36mPage Fault Happening, vaddr:0x50000008a000, casue:INSTRUCTION, map_flags:MappingFlags(READ | WRITE | EXECUTE | USER)[m
[m[37m[1733835001.739508 0:5 ruxos_posix_api::imp::mmap::trap:90] [36mmapping_flags: MappingFlags(READ | WRITE | EXECUTE | USER)[m
[m[37m[1733835001.739802 0:5 ruxhal::arch::aarch64::trap:102] [36missue=0xf, vaddr=0x50000008aeb8, cause=INSTRUCTION[m
[m[37m[1733835001.740070 0:5 ruxos_posix_api::imp::mmap::trap:61] [36mPage Fault Happening, vaddr:0x50000008a000, casue:INSTRUCTION, map_flags:MappingFlags(READ | WRITE | EXECUTE | USER)[m
[m[37m[1733835001.740487 0:5 ruxos_posix_api::imp::mmap::trap:90] [36mmapping_flags: MappingFlags(READ | WRITE | EXECUTE | USER)[m
[m[37m[1733835001.740780 0:5 ruxhal::arch::aarch64::trap:102] [36missue=0xf, vaddr=0x50000008aeb8, cause=INSTRUCTION[m
[m[37m[1733835001.741049 0:5 ruxos_posix_api::imp::mmap::trap:61] [36mPage Fault Happening, vaddr:0x50000008a000, casue:INSTRUCTION, map_flags:MappingFlags(READ | WRITE | EXECUTE | USER)[m
[m[37m[1733835001.741466 0:5 ruxos_posix_api::imp::mmap::trap:90] [36mmapping_flags: MappingFlags(READ | WRITE | EXECUTE | USER)[m
[m[37m[1733835001.741760 0:5 ruxhal::arch::aarch64::trap:102] [36missue=0xf, vaddr=0x50000008aeb8, cause=INSTRUCTION[m
[m[37m[1733835001.742029 0:5 ruxos_posix_api::imp::mmap::trap:61] [36mPage Fault Happening, vaddr:0x50000008a000, casue:INSTRUCTION, map_flags:MappingFlags(READ | WRITE | EXECUTE | USER)[m
[m[37m[1733835001.742449 0:5 ruxos_posix_api::imp::mmap::trap:90] [36mmapping_flags: MappingFlags(READ | WRITE | EXECUTE | USER)[m
[m[37m[1733835001.742744 0:5 ruxhal::arch::aarch64::trap:102] [36missue=0xf, vaddr=0x50000008aeb8, cause=INSTRUCTION[m
[m[37m[1733835001.743012 0:5 ruxos_posix_api::imp::mmap::trap:61] [36mPage Fault Happening, vaddr:0x50000008a000, casue:INSTRUCTION, map_flags:MappingFlags(READ | WRITE | EXECUTE | USER)[m
[m[37m[1733835001.743430 0:5 ruxos_posix_api::imp::mmap::trap:90] [36mmapping_flags: MappingFlags(READ | WRITE | EXECUTE | USER)[m
[m[37m[1733835001.743725 0:5 ruxhal::arch::aarch64::trap:102] [36missue=0xf, vaddr=0x50000008aeb8, cause=INSTRUCTION[m
[m[37m[1733835001.743993 0:5 ruxos_posix_api::imp::mmap::trap:61] [36mPage Fault Happening, vaddr:0x50000008a000, casue:INSTRUCTION, map_flags:MappingFlags(READ | WRITE | EXECUTE | USER)[m
[m[37m[1733835001.744411 0:5 ruxos_posix_api::imp::mmap::trap:90] [36mmapping_flags: MappingFlags(READ | WRITE | EXECUTE | USER)[m
[m[37m[1733835001.744755 0:5 ruxhal::arch::aarch64::trap:102] [36missue=0xf, vaddr=0x50000008aeb8, cause=INSTRUCTION[m
[m[37m[1733835001.745024 0:5 ruxos_posix_api::imp::mmap::trap:61] [36mPage Fault Happening, vaddr:0x50000008a000, casue:INSTRUCTION, map_flags:MappingFlags(READ | WRITE | EXECUTE | USER)[m
[m[37m[1733835001.745441 0:5 ruxos_posix_api::imp::mmap::trap:90] [36mmapping_flags: MappingFlags(READ | WRITE | EXECUTE | USER)[m
[m[37m[1733835001.745738 0:5 ruxhal::arch::aarch64::trap:102] [36missue=0xf, vaddr=0x50000008aeb8, cause=INSTRUCTION[m
[m[37m[1733835001.746006 0:5 ruxos_posix_api::imp::mmap::trap:61] [36mPage Fault Happening, vaddr:0x50000008a000, casue:INSTRUCTION, map_flags:MappingFlags(READ | WRITE | EXECUTE | USER)[m
[m[37m[1733835001.746425 0:5 ruxos_posix_api::imp::mmap::trap:90] [36mmapping_flags: MappingFlags(READ | WRITE | EXECUTE | USER)[m
[m[37m[1733835001.746719 0:5 ruxhal::arch::aarch64::trap:102] [36missue=0xf, vaddr=0x50000008aeb8, cause=INSTRUCTION[m
[m[37m[1733835001.746988 0:5 ruxos_posix_api::imp::mmap::trap:61] [36mPage Fault Happening, vaddr:0x50000008a000, casue:INSTRUCTION, map_flags:MappingFlags(READ | WRITE | EXECUTE | USER)[m
[m[37m[1733835001.747406 0:5 ruxos_posix_api::imp::mmap::trap:90] [36mmapping_flags: MappingFlags(READ | WRITE | EXECUTE | USER)[m
[m[37m[1733835001.747701 0:5 ruxhal::arch::aarch64::trap:102] [36missue=0xf, vaddr=0x50000008aeb8, cause=INSTRUCTION[m
[m[37m[1733835001.747969 0:5 ruxos_posix_api::imp::mmap::trap:61] [36mPage Fault Happening, vaddr:0x50000008a000, casue:INSTRUCTION, map_flags:MappingFlags(READ | WRITE | EXECUTE | USER)[m
[m[37m[1733835001.748388 0:5 ruxos_posix_api::imp::mmap::trap:90] [36mmapping_flags: MappingFlags(READ | WRITE | EXECUTE | USER)[m
[m[37m[1733835001.748683 0:5 ruxhal::arch::aarch64::trap:102] [36missue=0xf, vaddr=0x50000008aeb8, cause=INSTRUCTION[m
[m[37m[1733835001.748954 0:5 ruxos_posix_api::imp::mmap::trap:61] [36mPage Fault Happening, vaddr:0x50000008a000, casue:INSTRUCTION, map_flags:MappingFlags(READ | WRITE | EXECUTE | USER)[m
[m[37m[1733835001.749371 0:5 ruxos_posix_api::imp::mmap::trap:90] [36mmapping_flags: MappingFlags(READ | WRITE | EXECUTE | USER)[m
[m[37m[1733835001.749666 0:5 ruxhal::arch::aarch64::trap:102] [36missue=0xf, vaddr=0x50000008aeb8, cause=INSTRUCTION[m
[m[37m[1733835001.749933 0:5 ruxos_posix_api::imp::mmap::trap:61] [36mPage Fault Happening, vaddr:0x50000008a000, casue:INSTRUCTION, map_flags:MappingFlags(READ | WRITE | EXECUTE | USER)[m
[m[37m[1733835001.750350 0:5 ruxos_posix_api::imp::mmap::trap:90] [36mmapping_flags: MappingFlags(READ | WRITE | EXECUTE | USER)[m
[m[37m[1733835001.750645 0:5 ruxhal::arch::aarch64::trap:102] [36missue=0xf, vaddr=0x50000008aeb8, cause=INSTRUCTION[m
[m[37m[1733835001.750914 0:5 ruxos_posix_api::imp::mmap::trap:61] [36mPage Fault Happening, vaddr:0x50000008a000, casue:INSTRUCTION, map_flags:MappingFlags(READ | WRITE | EXECUTE | USER)[m
[m[37m[1733835001.751331 0:5 ruxos_posix_api::imp::mmap::trap:90] [36mmapping_flags: MappingFlags(READ | WRITE | EXECUTE | USER)[m
[m[37m[1733835001.751625 0:5 ruxhal::arch::aarch64::trap:102] [36missue=0xf, vaddr=0x50000008aeb8, cause=INSTRUCTION[m
[m[37m[1733835001.751894 0:5 ruxos_posix_api::imp::mmap::trap:61] [36mPage Fault Happening, vaddr:0x50000008a000, casue:INSTRUCTION, map_flags:MappingFlags(READ | WRITE | EXECUTE | USER)[m
[m[37m[1733835001.752329 0:5 ruxos_posix_api::imp::mmap::trap:90] [36mmapping_flags: MappingFlags(READ | WRITE | EXECUTE | USER)[m
[m[37m[1733835001.752623 0:5 ruxhal::arch::aarch64::trap:102] [36missue=0xf, vaddr=0x50000008aeb8, cause=INSTRUCTION[m
[m[37m[1733835001.752891 0:5 ruxos_posix_api::imp::mmap::trap:61] [36mPage Fault Happening, vaddr:0x50000008a000, casue:INSTRUCTION, map_flags:MappingFlags(READ | WRITE | EXECUTE | USER)[m
[m[37m[1733835001.753308 0:5 ruxos_posix_api::imp::mmap::trap:90] [36mmapping_flags: MappingFlags(READ | WRITE | EXECUTE | USER)[m
[m[37m[1733835001.753603 0:5 ruxhal::arch::aarch64::trap:102] [36missue=0xf, vaddr=0x50000008aeb8, cause=INSTRUCTION[m
[m[37m[1733835001.753872 0:5 ruxos_posix_api::imp::mmap::trap:61] [36mPage Fault Happening, vaddr:0x50000008a000, casue:INSTRUCTION, map_flags:MappingFlags(READ | WRITE | EXECUTE | USER)[m
[m[37m[1733835001.754290 0:5 ruxos_posix_api::imp::mmap::trap:90] [36mmapping_flags: MappingFlags(READ | WRITE | EXECUTE | USER)[m
[m[37m[1733835001.754630 0:5 ruxhal::arch::aarch64::trap:102] [36missue=0xf, vaddr=0x50000008aeb8, cause=INSTRUCTION[m
[m[37m[1733835001.754899 0:5 ruxos_posix_api::imp::mmap::trap:61] [36mPage Fault Happening, vaddr:0x50000008a000, casue:INSTRUCTION, map_flags:MappingFlags(READ | WRITE | EXECUTE | USER)[m
[m[37m[1733835001.755319 0:5 ruxos_posix_api::imp::mmap::trap:90] [36mmapping_flags: MappingFlags(READ | WRITE | EXECUTE | USER)[m
[m[37m[1733835001.755616 0:5 ruxhal::arch::aarch64::trap:102] [36missue=0xf, vaddr=0x50000008aeb8, cause=INSTRUCTION[m
[m[37m[1733835001.755885 0:5 ruxos_posix_api::imp::mmap::trap:61] [36mPage Fault Happening, vaddr:0x50000008a000, casue:INSTRUCTION, map_flags:MappingFlags(READ | WRITE | EXECUTE | USER)[m
[m[37m[1733835001.756304 0:5 ruxos_posix_api::imp::mmap::trap:90] [36mmapping_flags: MappingFlags(READ | WRITE | EXECUTE | USER)[m
[m[37m[1733835001.756598 0:5 ruxhal::arch::aarch64::trap:102] [36missue=0xf, vaddr=0x50000008aeb8, cause=INSTRUCTION[m
[m[37m[1733835001.756865 0:5 ruxos_posix_api::imp::mmap::trap:61] [36mPage Fault Happening, vaddr:0x50000008a000, casue:INSTRUCTION, map_flags:MappingFlags(READ | WRITE | EXECUTE | USER)[m
[m[37m[1733835001.757282 0:5 ruxos_posix_api::imp::mmap::trap:90] [36mmapping_flags: MappingFlags(READ | WRITE | EXECUTE | USER)[m
[m[37m[1733835001.757577 0:5 ruxhal::arch::aarch64::trap:102] [36missue=0xf, vaddr=0x50000008aeb8, cause=INSTRUCTION[m
[m[37m[1733835001.757857 0:5 ruxos_posix_api::imp::mmap::trap:61] [36mPage Fault Happening, vaddr:0x50000008a000, casue:INSTRUCTION, map_flags:MappingFlags(READ | WRITE | EXECUTE | USER)[m
[m[37m[1733835001.758275 0:5 ruxos_posix_api::imp::mmap::trap:90] [36mmapping_flags: MappingFlags(READ | WRITE | EXECUTE | USER)[m
[m[37m[1733835001.758570 0:5 ruxhal::arch::aarch64::trap:102] [36missue=0xf, vaddr=0x50000008aeb8, cause=INSTRUCTION[m
[m[37m[1733835001.758839 0:5 ruxos_posix_api::imp::mmap::trap:61] [36mPage Fault Happening, vaddr:0x50000008a000, casue:INSTRUCTION, map_flags:MappingFlags(READ | WRITE | EXECUTE | USER)[m
[m[37m[1733835001.759264 0:5 ruxos_posix_api::imp::mmap::trap:90] [36mmapping_flags: MappingFlags(READ | WRITE | EXECUTE | USER)[m
[m[37m[1733835001.759560 0:5 ruxhal::arch::aarch64::trap:102] [36missue=0xf, vaddr=0x50000008aeb8, cause=INSTRUCTION[m
[m[37m[1733835001.759827 0:5 ruxos_posix_api::imp::mmap::trap:61] [36mPage Fault Happening, vaddr:0x50000008a000, casue:INSTRUCTION, map_flags:MappingFlags(READ | WRITE | EXECUTE | USER)[m
[m[37m[1733835001.760244 0:5 ruxos_posix_api::imp::mmap::trap:90] [36mmapping_flags: MappingFlags(READ | WRITE | EXECUTE | USER)[m
[m[37m[1733835001.760538 0:5 ruxhal::arch::aarch64::trap:102] [36missue=0xf, vaddr=0x50000008aeb8, cause=INSTRUCTION[m
[m[37m[1733835001.760807 0:5 ruxos_posix_api::imp::mmap::trap:61] [36mPage Fault Happening, vaddr:0x50000008a000, casue:INSTRUCTION, map_flags:MappingFlags(READ | WRITE | EXECUTE | USER)[m
[m[37m[1733835001.761225 0:5 ruxos_posix_api::imp::mmap::trap:90] [36mmapping_flags: MappingFlags(READ | WRITE | EXECUTE | USER)[m
[m[37m[1733835001.761519 0:5 ruxhal::arch::aarch64::trap:102] [36missue=0xf, vaddr=0x50000008aeb8, cause=INSTRUCTION[m
[m[37m[1733835001.761786 0:5 ruxos_posix_api::imp::mmap::trap:61] [36mPage Fault Happening, vaddr:0x50000008a000, casue:INSTRUCTION, map_flags:MappingFlags(READ | WRITE | EXECUTE | USER)[m
[m[37m[1733835001.762206 0:5 ruxos_posix_api::imp::mmap::trap:90] [36mmapping_flags: MappingFlags(READ | WRITE | EXECUTE | USER)[m
[m[37m[1733835001.762500 0:5 ruxhal::arch::aarch64::trap:102] [36missue=0xf, vaddr=0x50000008aeb8, cause=INSTRUCTION[m
[m[37m[1733835001.762769 0:5 ruxos_posix_api::imp::mmap::trap:61] [36mPage Fault Happening, vaddr:0x50000008a000, casue:INSTRUCTION, map_flags:MappingFlags(READ | WRITE | EXECUTE | USER)[m
[m[37m[1733835001.763186 0:5 ruxos_posix_api::imp::mmap::trap:90] [36mmapping_flags: MappingFlags(READ | WRITE | EXECUTE | USER)[m
[m[37m[1733835001.763480 0:5 ruxhal::arch::aarch64::trap:102] [36missue=0xf, vaddr=0x50000008aeb8, cause=INSTRUCTION[m
[m[37m[1733835001.763748 0:5 ruxos_posix_api::imp::mmap::trap:61] [36mPage Fault Happening, vaddr:0x50000008a000, casue:INSTRUCTION, map_flags:MappingFlags(READ | WRITE | EXECUTE | USER)[m
[m[37m[1733835001.764172 0:5 ruxos_posix_api::imp::mmap::trap:90] [36mmapping_flags: MappingFlags(READ | WRITE | EXECUTE | USER)[m
[m[37m[1733835001.764493 0:5 ruxhal::arch::aarch64::trap:102] [36missue=0xf, vaddr=0x50000008aeb8, cause=INSTRUCTION[m
[m[37m[1733835001.764764 0:5 ruxos_posix_api::imp::mmap::trap:61] [36mPage Fault Happening, vaddr:0x50000008a000, casue:INSTRUCTION, map_flags:MappingFlags(READ | WRITE | EXECUTE | USER)[m
[m[37m[1733835001.765182 0:5 ruxos_posix_api::imp::mmap::trap:90] [36mmapping_flags: MappingFlags(READ | WRITE | EXECUTE | USER)[m
[m[37m[1733835001.765478 0:5 ruxhal::arch::aarch64::trap:102] [36missue=0xf, vaddr=0x50000008aeb8, cause=INSTRUCTION[m
[m[37m[1733835001.765747 0:5 ruxos_posix_api::imp::mmap::trap:61] [36mPage Fault Happening, vaddr:0x50000008a000, casue:INSTRUCTION, map_flags:MappingFlags(READ | WRITE | EXECUTE | USER)[m
[m[37m[1733835001.766165 0:5 ruxos_posix_api::imp::mmap::trap:90] [36mmapping_flags: MappingFlags(READ | WRITE | EXECUTE | USER)[m
[m[37m[1733835001.766460 0:5 ruxhal::arch::aarch64::trap:102] [36missue=0xf, vaddr=0x50000008aeb8, cause=INSTRUCTION[m
[m[37m[1733835001.766727 0:5 ruxos_posix_api::imp::mmap::trap:61] [36mPage Fault Happening, vaddr:0x50000008a000, casue:INSTRUCTION, map_flags:MappingFlags(READ | WRITE | EXECUTE | USER)[m
[m[37m[1733835001.767144 0:5 ruxos_posix_api::imp::mmap::trap:90] [36mmapping_flags: MappingFlags(READ | WRITE | EXECUTE | USER)[m
[m[37m[1733835001.767438 0:5 ruxhal::arch::aarch64::trap:102] [36missue=0xf, vaddr=0x50000008aeb8, cause=INSTRUCTION[m
[m[37m[1733835001.767709 0:5 ruxos_posix_api::imp::mmap::trap:61] [36mPage Fault Happening, vaddr:0x50000008a000, casue:INSTRUCTION, map_flags:MappingFlags(READ | WRITE | EXECUTE | USER)[m
[m[37m[1733835001.768129 0:5 ruxos_posix_api::imp::mmap::trap:90] [36mmapping_flags: MappingFlags(READ | WRITE | EXECUTE | USER)[m
[m[37m[1733835001.768424 0:5 ruxhal::arch::aarch64::trap:102] [36missue=0xf, vaddr=0x50000008aeb8, cause=INSTRUCTION[m
[m[37m[1733835001.768692 0:5 ruxos_posix_api::imp::mmap::trap:61] [36mPage Fault Happening, vaddr:0x50000008a000, casue:INSTRUCTION, map_flags:MappingFlags(READ | WRITE | EXECUTE | USER)[m
[m[37m[1733835001.769120 0:5 ruxos_posix_api::imp::mmap::trap:90] [36mmapping_flags: MappingFlags(READ | WRITE | EXECUTE | USER)[m
[m[37m[1733835001.769415 0:5 ruxhal::arch::aarch64::trap:102] [36missue=0xf, vaddr=0x50000008aeb8, cause=INSTRUCTION[m
[m[37m[1733835001.769684 0:5 ruxos_posix_api::imp::mmap::trap:61] [36mPage Fault Happening, vaddr:0x50000008a000, casue:INSTRUCTION, map_flags:MappingFlags(READ | WRITE | EXECUTE | USER)[m
[m[37m[1733835001.770101 0:5 ruxos_posix_api::imp::mmap::trap:90] [36mmapping_flags: MappingFlags(READ | WRITE | EXECUTE | USER)[m
[m[37m[1733835001.770394 0:5 ruxhal::arch::aarch64::trap:102] [36missue=0xf, vaddr=0x50000008aeb8, cause=INSTRUCTION[m
[m[37m[1733835001.770662 0:5 ruxos_posix_api::imp::mmap::trap:61] [36mPage Fault Happening, vaddr:0x50000008a000, casue:INSTRUCTION, map_flags:MappingFlags(READ | WRITE | EXECUTE | USER)[m
[m[37m[1733835001.771080 0:5 ruxos_posix_api::imp::mmap::trap:90] [36mmapping_flags: MappingFlags(READ | WRITE | EXECUTE | USER)[m
[m[37m[1733835001.771375 0:5 ruxhal::arch::aarch64::trap:102] [36missue=0xf, vaddr=0x50000008aeb8, cause=INSTRUCTION[m
[m[37m[1733835001.771644 0:5 ruxos_posix_api::imp::mmap::trap:61] [36mPage Fault Happening, vaddr:0x50000008a000, casue:INSTRUCTION, map_flags:MappingFlags(READ | WRITE | EXECUTE | USER)[m
[m[37m[1733835001.772062 0:5 ruxos_posix_api::imp::mmap::trap:90] [36mmapping_flags: MappingFlags(READ | WRITE | EXECUTE | USER)[m
[m[37m[1733835001.772358 0:5 ruxhal::arch::aarch64::trap:102] [36missue=0xf, vaddr=0x50000008aeb8, cause=INSTRUCTION[m
[m[37m[1733835001.772627 0:5 ruxos_posix_api::imp::mmap::trap:61] [36mPage Fault Happening, vaddr:0x50000008a000, casue:INSTRUCTION, map_flags:MappingFlags(READ | WRITE | EXECUTE | USER)[m
[m[37m[1733835001.773044 0:5 ruxos_posix_api::imp::mmap::trap:90] [36mmapping_flags: MappingFlags(READ | WRITE | EXECUTE | USER)[m
[m[37m[1733835001.773341 0:5 ruxhal::arch::aarch64::trap:102] [36missue=0xf, vaddr=0x50000008aeb8, cause=INSTRUCTION[m
[m[37m[1733835001.773609 0:5 ruxos_posix_api::imp::mmap::trap:61] [36mPage Fault Happening, vaddr:0x50000008a000, casue:INSTRUCTION, map_flags:MappingFlags(READ | WRITE | EXECUTE | USER)[m
[m[37m[1733835001.774028 0:5 ruxos_posix_api::imp::mmap::trap:90] [36mmapping_flags: MappingFlags(READ | WRITE | EXECUTE | USER)[m
[m[37m[1733835001.774322 0:5 ruxhal::arch::aarch64::trap:102] [36missue=0xf, vaddr=0x50000008aeb8, cause=INSTRUCTION[m
[m[37m[1733835001.774618 0:5 ruxos_posix_api::imp::mmap::trap:61] [36mPage Fault Happening, vaddr:0x50000008a000, casue:INSTRUCTION, map_flags:MappingFlags(READ | WRITE | EXECUTE | USER)[m
[m[37m[1733835001.775078 0:5 ruxos_posix_api::imp::mmap::trap:90] [36mmapping_flags: MappingFlags(READ | WRITE | EXECUTE | USER)[m
[m[37m[1733835001.775409 0:5 ruxhal::arch::aarch64::trap:102] [36missue=0xf, vaddr=0x50000008aeb8, cause=INSTRUCTION[m
[m[37m[1733835001.775693 0:5 ruxos_posix_api::imp::mmap::trap:61] [36mPage Fault Happening, vaddr:0x50000008a000, casue:INSTRUCTION, map_flags:MappingFlags(READ | WRITE | EXECUTE | USER)[m
[m[37m[1733835001.776111 0:5 ruxos_posix_api::imp::mmap::trap:90] [36mmapping_flags: MappingFlags(READ | WRITE | EXECUTE | USER)[m
[m[37m[1733835001.776406 0:5 ruxhal::arch::aarch64::trap:102] [36missue=0xf, vaddr=0x50000008aeb8, cause=INSTRUCTION[m
[m[37m[1733835001.776673 0:5 ruxos_posix_api::imp::mmap::trap:61] [36mPage Fault Happening, vaddr:0x50000008a000, casue:INSTRUCTION, map_flags:MappingFlags(READ | WRITE | EXECUTE | USER)[m
[m[37m[1733835001.777090 0:5 ruxos_posix_api::imp::mmap::trap:90] [36mmapping_flags: MappingFlags(READ | WRITE | EXECUTE | USER)[m
[m[37m[1733835001.777385 0:5 ruxhal::arch::aarch64::trap:102] [36missue=0xf, vaddr=0x50000008aeb8, cause=INSTRUCTION[m
[m[37m[1733835001.777651 0:5 ruxos_posix_api::imp::mmap::trap:61] [36mPage Fault Happening, vaddr:0x50000008a000, casue:INSTRUCTION, map_flags:MappingFlags(READ | WRITE | EXECUTE | USER)[m
[m[37m[1733835001.778070 0:5 ruxos_posix_api::imp::mmap::trap:90] [36mmapping_flags: MappingFlags(READ | WRITE | EXECUTE | USER)[m
[m[37m[1733835001.778365 0:5 ruxhal::arch::aarch64::trap:102] [36missue=0xf, vaddr=0x50000008aeb8, cause=INSTRUCTION[m
[m[37m[1733835001.778634 0:5 ruxos_posix_api::imp::mmap::trap:61] [36mPage Fault Happening, vaddr:0x50000008a000, casue:INSTRUCTION, map_flags:MappingFlags(READ | WRITE | EXECUTE | USER)[m
[m[37m[1733835001.779055 0:5 ruxos_posix_api::imp::mmap::trap:90] [36mmapping_flags: MappingFlags(READ | WRITE | EXECUTE | USER)[m
[m[37m[1733835001.779348 0:5 ruxhal::arch::aarch64::trap:102] [36missue=0xf, vaddr=0x50000008aeb8, cause=INSTRUCTION[m
[m[37m[1733835001.779617 0:5 ruxos_posix_api::imp::mmap::trap:61] [36mPage Fault Happening, vaddr:0x50000008a000, casue:INSTRUCTION, map_flags:MappingFlags(READ | WRITE | EXECUTE | USER)[m
[m[37m[1733835001.780034 0:5 ruxos_posix_api::imp::mmap::trap:90] [36mmapping_flags: MappingFlags(READ | WRITE | EXECUTE | USER)[m
[m[37m[1733835001.780332 0:5 ruxhal::arch::aarch64::trap:102] [36missue=0xf, vaddr=0x50000008aeb8, cause=INSTRUCTION[m
[m[37m[1733835001.780600 0:5 ruxos_posix_api::imp::mmap::trap:61] [36mPage Fault Happening, vaddr:0x50000008a000, casue:INSTRUCTION, map_flags:MappingFlags(READ | WRITE | EXECUTE | USER)[m
[m[37m[1733835001.781018 0:5 ruxos_posix_api::imp::mmap::trap:90] [36mmapping_flags: MappingFlags(READ | WRITE | EXECUTE | USER)[m
[m[37m[1733835001.781313 0:5 ruxhal::arch::aarch64::trap:102] [36missue=0xf, vaddr=0x50000008aeb8, cause=INSTRUCTION[m
[m[37m[1733835001.781581 0:5 ruxos_posix_api::imp::mmap::trap:61] [36mPage Fault Happening, vaddr:0x50000008a000, casue:INSTRUCTION, map_flags:MappingFlags(READ | WRITE | EXECUTE | USER)[m
[m[37m[1733835001.781999 0:5 ruxos_posix_api::imp::mmap::trap:90] [36mmapping_flags: MappingFlags(READ | WRITE | EXECUTE | USER)[m
[m[37m[1733835001.782296 0:5 ruxhal::arch::aarch64::trap:102] [36missue=0xf, vaddr=0x50000008aeb8, cause=INSTRUCTION[m
[m[37m[1733835001.782564 0:5 ruxos_posix_api::imp::mmap::trap:61] [36mPage Fault Happening, vaddr:0x50000008a000, casue:INSTRUCTION, map_flags:MappingFlags(READ | WRITE | EXECUTE | USER)[m
[m[37m[1733835001.782980 0:5 ruxos_posix_api::imp::mmap::trap:90] [36mmapping_flags: MappingFlags(READ | WRITE | EXECUTE | USER)[m
[m[37m[1733835001.783274 0:5 ruxhal::arch::aarch64::trap:102] [36missue=0xf, vaddr=0x50000008aeb8, cause=INSTRUCTION[m
[m[37m[1733835001.783542 0:5 ruxos_posix_api::imp::mmap::trap:61] [36mPage Fault Happening, vaddr:0x50000008a000, casue:INSTRUCTION, map_flags:MappingFlags(READ | WRITE | EXECUTE | USER)[m
[m[37m[1733835001.783966 0:5 ruxos_posix_api::imp::mmap::trap:90] [36mmapping_flags: MappingFlags(READ | WRITE | EXECUTE | USER)[m
[m[37m[1733835001.784262 0:5 ruxhal::arch::aarch64::trap:102] [36missue=0xf, vaddr=0x50000008aeb8, cause=INSTRUCTION[m
[m[37m[1733835001.784549 0:5 ruxos_posix_api::imp::mmap::trap:61] [36mPage Fault Happening, vaddr:0x50000008a000, casue:INSTRUCTION, map_flags:MappingFlags(READ | WRITE | EXECUTE | USER)[m
[m[37m[1733835001.785012 0:5 ruxos_posix_api::imp::mmap::trap:90] [36mmapping_flags: MappingFlags(READ | WRITE | EXECUTE | USER)[m
[m[37m[1733835001.785343 0:5 ruxhal::arch::aarch64::trap:102] [36missue=0xf, vaddr=0x50000008aeb8, cause=INSTRUCTION[m
[m[37m[1733835001.785620 0:5 ruxos_posix_api::imp::mmap::trap:61] [36mPage Fault Happening, vaddr:0x50000008a000, casue:INSTRUCTION, map_flags:MappingFlags(READ | WRITE | EXECUTE | USER)[m
[m[37m[1733835001.786039 0:5 ruxos_posix_api::imp::mmap::trap:90] [36mmapping_flags: MappingFlags(READ | WRITE | EXECUTE | USER)[m
[m[37m[1733835001.786335 0:5 ruxhal::arch::aarch64::trap:102] [36missue=0xf, vaddr=0x50000008aeb8, cause=INSTRUCTION[m
[m[37m[1733835001.786603 0:5 ruxos_posix_api::imp::mmap::trap:61] [36mPage Fault Happening, vaddr:0x50000008a000, casue:INSTRUCTION, map_flags:MappingFlags(READ | WRITE | EXECUTE | USER)[m
[m[37m[1733835001.787019 0:5 ruxos_posix_api::imp::mmap::trap:90] [36mmapping_flags: MappingFlags(READ | WRITE | EXECUTE | USER)[m
[m[37m[1733835001.787313 0:5 ruxhal::arch::aarch64::trap:102] [36missue=0xf, vaddr=0x50000008aeb8, cause=INSTRUCTION[m
[m[37m[1733835001.787581 0:5 ruxos_posix_api::imp::mmap::trap:61] [36mPage Fault Happening, vaddr:0x50000008a000, casue:INSTRUCTION, map_flags:MappingFlags(READ | WRITE | EXECUTE | USER)[m
[m[37m[1733835001.787998 0:5 ruxos_posix_api::imp::mmap::trap:90] [36mmapping_flags: MappingFlags(READ | WRITE | EXECUTE | USER)[m
[m[37m[1733835001.788291 0:5 ruxhal::arch::aarch64::trap:102] [36missue=0xf, vaddr=0x50000008aeb8, cause=INSTRUCTION[m
[m[37m[1733835001.788560 0:5 ruxos_posix_api::imp::mmap::trap:61] [36mPage Fault Happening, vaddr:0x50000008a000, casue:INSTRUCTION, map_flags:MappingFlags(READ | WRITE | EXECUTE | USER)[m
[m[37m[1733835001.788981 0:5 ruxos_posix_api::imp::mmap::trap:90] [36mmapping_flags: MappingFlags(READ | WRITE | EXECUTE | USER)[m
[m[37m[1733835001.789276 0:5 ruxhal::arch::aarch64::trap:102] [36missue=0xf, vaddr=0x50000008aeb8, cause=INSTRUCTION[m
[m[37m[1733835001.789544 0:5 ruxos_posix_api::imp::mmap::trap:61] [36mPage Fault Happening, vaddr:0x50000008a000, casue:INSTRUCTION, map_flags:MappingFlags(READ | WRITE | EXECUTE | USER)[m
[m[37m[1733835001.789962 0:5 ruxos_posix_api::imp::mmap::trap:90] [36mmapping_flags: MappingFlags(READ | WRITE | EXECUTE | USER)[m
[m[37m[1733835001.790256 0:5 ruxhal::arch::aarch64::trap:102] [36missue=0xf, vaddr=0x50000008aeb8, cause=INSTRUCTION[m
[m[37m[1733835001.790526 0:5 ruxos_posix_api::imp::mmap::trap:61] [36mPage Fault Happening, vaddr:0x50000008a000, casue:INSTRUCTION, map_flags:MappingFlags(READ | WRITE | EXECUTE | USER)[m
[m[37m[1733835001.790946 0:5 ruxos_posix_api::imp::mmap::trap:90] [36mmapping_flags: MappingFlags(READ | WRITE | EXECUTE | USER)[m
[m[37m[1733835001.791242 0:5 ruxhal::arch::aarch64::trap:102] [36missue=0xf, vaddr=0x50000008aeb8, cause=INSTRUCTION[m
[m[37m[1733835001.791511 0:5 ruxos_posix_api::imp::mmap::trap:61] [36mPage Fault Happening, vaddr:0x50000008a000, casue:INSTRUCTION, map_flags:MappingFlags(READ | WRITE | EXECUTE | USER)[m
[m[37m[1733835001.791931 0:5 ruxos_posix_api::imp::mmap::trap:90] [36mmapping_flags: MappingFlags(READ | WRITE | EXECUTE | USER)[m
[m[37m[1733835001.792226 0:5 ruxhal::arch::aarch64::trap:102] [36missue=0xf, vaddr=0x50000008aeb8, cause=INSTRUCTION[m
[m[37m[1733835001.792495 0:5 ruxos_posix_api::imp::mmap::trap:61] [36mPage Fault Happening, vaddr:0x50000008a000, casue:INSTRUCTION, map_flags:MappingFlags(READ | WRITE | EXECUTE | USER)[m
[m[37m[1733835001.792912 0:5 ruxos_posix_api::imp::mmap::trap:90] [36mmapping_flags: MappingFlags(READ | WRITE | EXECUTE | USER)[m
[m[37m[1733835001.793206 0:5 ruxhal::arch::aarch64::trap:102] [36missue=0xf, vaddr=0x50000008aeb8, cause=INSTRUCTION[m
[m[37m[1733835001.793475 0:5 ruxos_posix_api::imp::mmap::trap:61] [36mPage Fault Happening, vaddr:0x50000008a000, casue:INSTRUCTION, map_flags:MappingFlags(READ | WRITE | EXECUTE | USER)[m
[m[37m[1733835001.793893 0:5 ruxos_posix_api::imp::mmap::trap:90] [36mmapping_flags: MappingFlags(READ | WRITE | EXECUTE | USER)[m
[m[37m[1733835001.794188 0:5 ruxhal::arch::aarch64::trap:102] [36missue=0xf, vaddr=0x50000008aeb8, cause=INSTRUCTION[m
[m[37m[1733835001.794463 0:5 ruxos_posix_api::imp::mmap::trap:61] [36mPage Fault Happening, vaddr:0x50000008a000, casue:INSTRUCTION, map_flags:MappingFlags(READ | WRITE | EXECUTE | USER)[m
[m[37m[1733835001.794922 0:5 ruxos_posix_api::imp::mmap::trap:90] [36mmapping_flags: MappingFlags(READ | WRITE | EXECUTE | USER)[m
[m[37m[1733835001.795252 0:5 ruxhal::arch::aarch64::trap:102] [36missue=0xf, vaddr=0x50000008aeb8, cause=INSTRUCTION[m
[m[37m[1733835001.795557 0:5 ruxos_posix_api::imp::mmap::trap:61] [36mPage Fault Happening, vaddr:0x50000008a000, casue:INSTRUCTION, map_flags:MappingFlags(READ | WRITE | EXECUTE | USER)[m
[m[37m[1733835001.795974 0:5 ruxos_posix_api::imp::mmap::trap:90] [36mmapping_flags: MappingFlags(READ | WRITE | EXECUTE | USER)[m
[m[37m[1733835001.796268 0:5 ruxhal::arch::aarch64::trap:102] [36missue=0xf, vaddr=0x50000008aeb8, cause=INSTRUCTION[m
[m[37m[1733835001.796536 0:5 ruxos_posix_api::imp::mmap::trap:61] [36mPage Fault Happening, vaddr:0x50000008a000, casue:INSTRUCTION, map_flags:MappingFlags(READ | WRITE | EXECUTE | USER)[m
[m[37m[1733835001.796953 0:5 ruxos_posix_api::imp::mmap::trap:90] [36mmapping_flags: MappingFlags(READ | WRITE | EXECUTE | USER)[m
[m[37m[1733835001.797247 0:5 ruxhal::arch::aarch64::trap:102] [36missue=0xf, vaddr=0x50000008aeb8, cause=INSTRUCTION[m
[m[37m[1733835001.797516 0:5 ruxos_posix_api::imp::mmap::trap:61] [36mPage Fault Happening, vaddr:0x50000008a000, casue:INSTRUCTION, map_flags:MappingFlags(READ | WRITE | EXECUTE | USER)[m
[m[37m[1733835001.797932 0:5 ruxos_posix_api::imp::mmap::trap:90] [36mmapping_flags: MappingFlags(READ | WRITE | EXECUTE | USER)[m
[m[37m[1733835001.798227 0:5 ruxhal::arch::aarch64::trap:102] [36missue=0xf, vaddr=0x50000008aeb8, cause=INSTRUCTION[m
[m[37m[1733835001.798497 0:5 ruxos_posix_api::imp::mmap::trap:61] [36mPage Fault Happening, vaddr:0x50000008a000, casue:INSTRUCTION, map_flags:MappingFlags(READ | WRITE | EXECUTE | USER)[m
[m[37m[1733835001.798916 0:5 ruxos_posix_api::imp::mmap::trap:90] [36mmapping_flags: MappingFlags(READ | WRITE | EXECUTE | USER)[m
[m[37m[1733835001.799210 0:5 ruxhal::arch::aarch64::trap:102] [36missue=0xf, vaddr=0x50000008aeb8, cause=INSTRUCTION[m
[m[37m[1733835001.799478 0:5 ruxos_posix_api::imp::mmap::trap:61] [36mPage Fault Happening, vaddr:0x50000008a000, casue:INSTRUCTION, map_flags:MappingFlags(READ | WRITE | EXECUTE | USER)[m
[m[37m[1733835001.799897 0:5 ruxos_posix_api::imp::mmap::trap:90] [36mmapping_flags: MappingFlags(READ | WRITE | EXECUTE | USER)[m
[m[37m[1733835001.800193 0:5 ruxhal::arch::aarch64::trap:102] [36missue=0xf, vaddr=0x50000008aeb8, cause=INSTRUCTION[m
[m[37m[1733835001.800461 0:5 ruxos_posix_api::imp::mmap::trap:61] [36mPage Fault Happening, vaddr:0x50000008a000, casue:INSTRUCTION, map_flags:MappingFlags(READ | WRITE | EXECUTE | USER)[m
[m[37m[1733835001.800881 0:5 ruxos_posix_api::imp::mmap::trap:90] [36mmapping_flags: MappingFlags(READ | WRITE | EXECUTE | USER)[m
[m[37m[1733835001.801178 0:5 ruxhal::arch::aarch64::trap:102] [36missue=0xf, vaddr=0x50000008aeb8, cause=INSTRUCTION[m
[m[37m[1733835001.801447 0:5 ruxos_posix_api::imp::mmap::trap:61] [36mPage Fault Happening, vaddr:0x50000008a000, casue:INSTRUCTION, map_flags:MappingFlags(READ | WRITE | EXECUTE | USER)[m
[m[37m[1733835001.801865 0:5 ruxos_posix_api::imp::mmap::trap:90] [36mmapping_flags: MappingFlags(READ | WRITE | EXECUTE | USER)[m
[m[37m[1733835001.802162 0:5 ruxhal::arch::aarch64::trap:102] [36missue=0xf, vaddr=0x50000008aeb8, cause=INSTRUCTION[m
[m[37m[1733835001.802430 0:5 ruxos_posix_api::imp::mmap::trap:61] [36mPage Fault Happening, vaddr:0x50000008a000, casue:INSTRUCTION, map_flags:MappingFlags(READ | WRITE | EXECUTE | USER)[m
[m[37m[1733835001.802847 0:5 ruxos_posix_api::imp::mmap::trap:90] [36mmapping_flags: MappingFlags(READ | WRITE | EXECUTE | USER)[m
[m[37m[1733835001.803141 0:5 ruxhal::arch::aarch64::trap:102] [36missue=0xf, vaddr=0x50000008aeb8, cause=INSTRUCTION[m
[m[37m[1733835001.803409 0:5 ruxos_posix_api::imp::mmap::trap:61] [36mPage Fault Happening, vaddr:0x50000008a000, casue:INSTRUCTION, map_flags:MappingFlags(READ | WRITE | EXECUTE | USER)[m
[m[37m[1733835001.803826 0:5 ruxos_posix_api::imp::mmap::trap:90] [36mmapping_flags: MappingFlags(READ | WRITE | EXECUTE | USER)[m
[m[37m[1733835001.804121 0:5 ruxhal::arch::aarch64::trap:102] [36missue=0xf, vaddr=0x50000008aeb8, cause=INSTRUCTION[m
[m[37m[1733835001.804390 0:5 ruxos_posix_api::imp::mmap::trap:61] [36mPage Fault Happening, vaddr:0x50000008a000, casue:INSTRUCTION, map_flags:MappingFlags(READ | WRITE | EXECUTE | USER)[m
[m[37m[1733835001.804861 0:5 ruxos_posix_api::imp::mmap::trap:90] [36mmapping_flags: MappingFlags(READ | WRITE | EXECUTE | USER)[m
[m[37m[1733835001.805192 0:5 ruxhal::arch::aarch64::trap:102] [36missue=0xf, vaddr=0x50000008aeb8, cause=INSTRUCTION[m
[m[37m[1733835001.805477 0:5 ruxos_posix_api::imp::mmap::trap:61] [36mPage Fault Happening, vaddr:0x50000008a000, casue:INSTRUCTION, map_flags:MappingFlags(READ | WRITE | EXECUTE | USER)[m
[m[37m[1733835001.805893 0:5 ruxos_posix_api::imp::mmap::trap:90] [36mmapping_flags: MappingFlags(READ | WRITE | EXECUTE | USER)[m
[m[37m[1733835001.806187 0:5 ruxhal::arch::aarch64::trap:102] [36missue=0xf, vaddr=0x50000008aeb8, cause=INSTRUCTION[m
[m[37m[1733835001.806457 0:5 ruxos_posix_api::imp::mmap::trap:61] [36mPage Fault Happening, vaddr:0x50000008a000, casue:INSTRUCTION, map_flags:MappingFlags(READ | WRITE | EXECUTE | USER)[m
[m[37m[1733835001.806875 0:5 ruxos_posix_api::imp::mmap::trap:90] [36mmapping_flags: MappingFlags(READ | WRITE | EXECUTE | USER)[m
[m[37m[1733835001.807169 0:5 ruxhal::arch::aarch64::trap:102] [36missue=0xf, vaddr=0x50000008aeb8, cause=INSTRUCTION[m
[m[37m[1733835001.807438 0:5 ruxos_posix_api::imp::mmap::trap:61] [36mPage Fault Happening, vaddr:0x50000008a000, casue:INSTRUCTION, map_flags:MappingFlags(READ | WRITE | EXECUTE | USER)[m
[m[37m[1733835001.807857 0:5 ruxos_posix_api::imp::mmap::trap:90] [36mmapping_flags: MappingFlags(READ | WRITE | EXECUTE | USER)[m
[m[37m[1733835001.808151 0:5 ruxhal::arch::aarch64::trap:102] [36missue=0xf, vaddr=0x50000008aeb8, cause=INSTRUCTION[m
[m[37m[1733835001.808420 0:5 ruxos_posix_api::imp::mmap::trap:61] [36mPage Fault Happening, vaddr:0x50000008a000, casue:INSTRUCTION, map_flags:MappingFlags(READ | WRITE | EXECUTE | USER)[m
[m[37m[1733835001.808842 0:5 ruxos_posix_api::imp::mmap::trap:90] [36mmapping_flags: MappingFlags(READ | WRITE | EXECUTE | USER)[m
[m[37m[1733835001.809138 0:5 ruxhal::arch::aarch64::trap:102] [36missue=0xf, vaddr=0x50000008aeb8, cause=INSTRUCTION[m
[m[37m[1733835001.809406 0:5 ruxos_posix_api::imp::mmap::trap:61] [36mPage Fault Happening, vaddr:0x50000008a000, casue:INSTRUCTION, map_flags:MappingFlags(READ | WRITE | EXECUTE | USER)[m
[m[37m[1733835001.809824 0:5 ruxos_posix_api::imp::mmap::trap:90] [36mmapping_flags: MappingFlags(READ | WRITE | EXECUTE | USER)[m
[m[37m[1733835001.810118 0:5 ruxhal::arch::aarch64::trap:102] [36missue=0xf, vaddr=0x50000008aeb8, cause=INSTRUCTION[m
[m[37m[1733835001.810387 0:5 ruxos_posix_api::imp::mmap::trap:61] [36mPage Fault Happening, vaddr:0x50000008a000, casue:INSTRUCTION, map_flags:MappingFlags(READ | WRITE | EXECUTE | USER)[m
[m[37m[1733835001.810804 0:5 ruxos_posix_api::imp::mmap::trap:90] [36mmapping_flags: MappingFlags(READ | WRITE | EXECUTE | USER)[m
[m[37m[1733835001.811098 0:5 ruxhal::arch::aarch64::trap:102] [36missue=0xf, vaddr=0x50000008aeb8, cause=INSTRUCTION[m
[m[37m[1733835001.811368 0:5 ruxos_posix_api::imp::mmap::trap:61] [36mPage Fault Happening, vaddr:0x50000008a000, casue:INSTRUCTION, map_flags:MappingFlags(READ | WRITE | EXECUTE | USER)[m
[m[37m[1733835001.811786 0:5 ruxos_posix_api::imp::mmap::trap:90] [36mmapping_flags: MappingFlags(READ | WRITE | EXECUTE | USER)[m
[m[37m[1733835001.812082 0:5 ruxhal::arch::aarch64::trap:102] [36missue=0xf, vaddr=0x50000008aeb8, cause=INSTRUCTION[m
[m[37m[1733835001.812353 0:5 ruxos_posix_api::imp::mmap::trap:61] [36mPage Fault Happening, vaddr:0x50000008a000, casue:INSTRUCTION, map_flags:MappingFlags(READ | WRITE | EXECUTE | USER)[m
[m[37m[1733835001.812770 0:5 ruxos_posix_api::imp::mmap::trap:90] [36mmapping_flags: MappingFlags(READ | WRITE | EXECUTE | USER)[m
[m[37m[1733835001.813065 0:5 ruxhal::arch::aarch64::trap:102] [36missue=0xf, vaddr=0x50000008aeb8, cause=INSTRUCTION[m
[m[37m[1733835001.813333 0:5 ruxos_posix_api::imp::mmap::trap:61] [36mPage Fault Happening, vaddr:0x50000008a000, casue:INSTRUCTION, map_flags:MappingFlags(READ | WRITE | EXECUTE | USER)[m
[m[37m[1733835001.813751 0:5 ruxos_posix_api::imp::mmap::trap:90] [36mmapping_flags: MappingFlags(READ | WRITE | EXECUTE | USER)[m
[m[37m[1733835001.814045 0:5 ruxhal::arch::aarch64::trap:102] [36missue=0xf, vaddr=0x50000008aeb8, cause=INSTRUCTION[m
[m[37m[1733835001.814313 0:5 ruxos_posix_api::imp::mmap::trap:61] [36mPage Fault Happening, vaddr:0x50000008a000, casue:INSTRUCTION, map_flags:MappingFlags(READ | WRITE | EXECUTE | USER)[m
[m[37m[1733835001.814769 0:5 ruxos_posix_api::imp::mmap::trap:90] [36mmapping_flags: MappingFlags(READ | WRITE | EXECUTE | USER)[m
[m[37m[1733835001.815100 0:5 ruxhal::arch::aarch64::trap:102] [36missue=0xf, vaddr=0x50000008aeb8, cause=INSTRUCTION[m
[m[37m[1733835001.815385 0:5 ruxos_posix_api::imp::mmap::trap:61] [36mPage Fault Happening, vaddr:0x50000008a000, casue:INSTRUCTION, map_flags:MappingFlags(READ | WRITE | EXECUTE | USER)[m
[m[37m[1733835001.815805 0:5 ruxos_posix_api::imp::mmap::trap:90] [36mmapping_flags: MappingFlags(READ | WRITE | EXECUTE | USER)[m
[m[37m[1733835001.816100 0:5 ruxhal::arch::aarch64::trap:102] [36missue=0xf, vaddr=0x50000008aeb8, cause=INSTRUCTION[m
[m[37m[1733835001.816368 0:5 ruxos_posix_api::imp::mmap::trap:61] [36mPage Fault Happening, vaddr:0x50000008a000, casue:INSTRUCTION, map_flags:MappingFlags(READ | WRITE | EXECUTE | USER)[m
[m[37m[1733835001.816785 0:5 ruxos_posix_api::imp::mmap::trap:90] [36mmapping_flags: MappingFlags(READ | WRITE | EXECUTE | USER)[m
[m[37m[1733835001.817080 0:5 ruxhal::arch::aarch64::trap:102] [36missue=0xf, vaddr=0x50000008aeb8, cause=INSTRUCTION[m
[m[37m[1733835001.817348 0:5 ruxos_posix_api::imp::mmap::trap:61] [36mPage Fault Happening, vaddr:0x50000008a000, casue:INSTRUCTION, map_flags:MappingFlags(READ | WRITE | EXECUTE | USER)[m
[m[37m[1733835001.817768 0:5 ruxos_posix_api::imp::mmap::trap:90] [36mmapping_flags: MappingFlags(READ | WRITE | EXECUTE | USER)[m
[m[37m[1733835001.818065 0:5 ruxhal::arch::aarch64::trap:102] [36missue=0xf, vaddr=0x50000008aeb8, cause=INSTRUCTION[m
[m[37m[1733835001.818337 0:5 ruxos_posix_api::imp::mmap::trap:61] [36mPage Fault Happening, vaddr:0x50000008a000, casue:INSTRUCTION, map_flags:MappingFlags(READ | WRITE | EXECUTE | USER)[m
[m[37m[1733835001.818757 0:5 ruxos_posix_api::imp::mmap::trap:90] [36mmapping_flags: MappingFlags(READ | WRITE | EXECUTE | USER)[m
[m[37m[1733835001.819057 0:5 ruxhal::arch::aarch64::trap:102] [36missue=0xf, vaddr=0x50000008aeb8, cause=INSTRUCTION[m
[m[37m[1733835001.819326 0:5 ruxos_posix_api::imp::mmap::trap:61] [36mPage Fault Happening, vaddr:0x50000008a000, casue:INSTRUCTION, map_flags:MappingFlags(READ | WRITE | EXECUTE | USER)[m
[m[37m[1733835001.819743 0:5 ruxos_posix_api::imp::mmap::trap:90] [36mmapping_flags: MappingFlags(READ | WRITE | EXECUTE | USER)[m
[m[37m[1733835001.820037 0:5 ruxhal::arch::aarch64::trap:102] [36missue=0xf, vaddr=0x50000008aeb8, cause=INSTRUCTION[m
[m[37m[1733835001.820304 0:5 ruxos_posix_api::imp::mmap::trap:61] [36mPage Fault Happening, vaddr:0x50000008a000, casue:INSTRUCTION, map_flags:MappingFlags(READ | WRITE | EXECUTE | USER)[m
[m[37m[1733835001.820723 0:5 ruxos_posix_api::imp::mmap::trap:90] [36mmapping_flags: MappingFlags(READ | WRITE | EXECUTE | USER)[m
[m[37m[1733835001.821016 0:5 ruxhal::arch::aarch64::trap:102] [36missue=0xf, vaddr=0x50000008aeb8, cause=INSTRUCTION[m
[m[37m[1733835001.821284 0:5 ruxos_posix_api::imp::mmap::trap:61] [36mPage Fault Happening, vaddr:0x50000008a000, casue:INSTRUCTION, map_flags:MappingFlags(READ | WRITE | EXECUTE | USER)[m
[m[37m[1733835001.821703 0:5 ruxos_posix_api::imp::mmap::trap:90] [36mmapping_flags: MappingFlags(READ | WRITE | EXECUTE | USER)[m
[m[37m[1733835001.821997 0:5 ruxhal::arch::aarch64::trap:102] [36missue=0xf, vaddr=0x50000008aeb8, cause=INSTRUCTION[m
[m[37m[1733835001.822268 0:5 ruxos_posix_api::imp::mmap::trap:61] [36mPage Fault Happening, vaddr:0x50000008a000, casue:INSTRUCTION, map_flags:MappingFlags(READ | WRITE | EXECUTE | USER)[m
[m[37m[1733835001.822686 0:5 ruxos_posix_api::imp::mmap::trap:90] [36mmapping_flags: MappingFlags(READ | WRITE | EXECUTE | USER)[m
[m[37m[1733835001.822980 0:5 ruxhal::arch::aarch64::trap:102] [36missue=0xf, vaddr=0x50000008aeb8, cause=INSTRUCTION[m
[m[37m[1733835001.823250 0:5 ruxos_posix_api::imp::mmap::trap:61] [36mPage Fault Happening, vaddr:0x50000008a000, casue:INSTRUCTION, map_flags:MappingFlags(READ | WRITE | EXECUTE | USER)[m
[m[37m[1733835001.823665 0:5 ruxos_posix_api::imp::mmap::trap:90] [36mmapping_flags: MappingFlags(READ | WRITE | EXECUTE | USER)[m
[m[37m[1733835001.823959 0:5 ruxhal::arch::aarch64::trap:102] [36missue=0xf, vaddr=0x50000008aeb8, cause=INSTRUCTION[m
[m[37m[1733835001.824228 0:5 ruxos_posix_api::imp::mmap::trap:61] [36mPage Fault Happening, vaddr:0x50000008a000, casue:INSTRUCTION, map_flags:MappingFlags(READ | WRITE | EXECUTE | USER)[m
[m[37m[1733835001.824683 0:5 ruxos_posix_api::imp::mmap::trap:90] [36mmapping_flags: MappingFlags(READ | WRITE | EXECUTE | USER)[m
[m[37m[1733835001.825013 0:5 ruxhal::arch::aarch64::trap:102] [36missue=0xf, vaddr=0x50000008aeb8, cause=INSTRUCTION[m
[m[37m[1733835001.825292 0:5 ruxos_posix_api::imp::mmap::trap:61] [36mPage Fault Happening, vaddr:0x50000008a000, casue:INSTRUCTION, map_flags:MappingFlags(READ | WRITE | EXECUTE | USER)[m
[m[37m[1733835001.825711 0:5 ruxos_posix_api::imp::mmap::trap:90] [36mmapping_flags: MappingFlags(READ | WRITE | EXECUTE | USER)[m
[m[37m[1733835001.826007 0:5 ruxhal::arch::aarch64::trap:102] [36missue=0xf, vaddr=0x50000008aeb8, cause=INSTRUCTION[m
[m[37m[1733835001.826277 0:5 ruxos_posix_api::imp::mmap::trap:61] [36mPage Fault Happening, vaddr:0x50000008a000, casue:INSTRUCTION, map_flags:MappingFlags(READ | WRITE | EXECUTE | USER)[m
[m[37m[1733835001.826694 0:5 ruxos_posix_api::imp::mmap::trap:90] [36mmapping_flags: MappingFlags(READ | WRITE | EXECUTE | USER)[m
[m[37m[1733835001.826992 0:5 ruxhal::arch::aarch64::trap:102] [36missue=0xf, vaddr=0x50000008aeb8, cause=INSTRUCTION[m
[m[37m[1733835001.827260 0:5 ruxos_posix_api::imp::mmap::trap:61] [36mPage Fault Happening, vaddr:0x50000008a000, casue:INSTRUCTION, map_flags:MappingFlags(READ | WRITE | EXECUTE | USER)[m
[m[37m[1733835001.827677 0:5 ruxos_posix_api::imp::mmap::trap:90] [36mmapping_flags: MappingFlags(READ | WRITE | EXECUTE | USER)[m
[m[37m[1733835001.827972 0:5 ruxhal::arch::aarch64::trap:102] [36missue=0xf, vaddr=0x50000008aeb8, cause=INSTRUCTION[m
[m[37m[1733835001.828241 0:5 ruxos_posix_api::imp::mmap::trap:61] [36mPage Fault Happening, vaddr:0x50000008a000, casue:INSTRUCTION, map_flags:MappingFlags(READ | WRITE | EXECUTE | USER)[m
[m[37m[1733835001.828659 0:5 ruxos_posix_api::imp::mmap::trap:90] [36mmapping_flags: MappingFlags(READ | WRITE | EXECUTE | USER)[m
[m[37m[1733835001.828956 0:5 ruxhal::arch::aarch64::trap:102] [36missue=0xf, vaddr=0x50000008aeb8, cause=INSTRUCTION[m
[m[37m[1733835001.829225 0:5 ruxos_posix_api::imp::mmap::trap:61] [36mPage Fault Happening, vaddr:0x50000008a000, casue:INSTRUCTION, map_flags:MappingFlags(READ | WRITE | EXECUTE | USER)[m
[m[37m[1733835001.829645 0:5 ruxos_posix_api::imp::mmap::trap:90] [36mmapping_flags: MappingFlags(READ | WRITE | EXECUTE | USER)[m
[m[37m[1733835001.829940 0:5 ruxhal::arch::aarch64::trap:102] [36missue=0xf, vaddr=0x50000008aeb8, cause=INSTRUCTION[m
[m[37m[1733835001.830208 0:5 ruxos_posix_api::imp::mmap::trap:61] [36mPage Fault Happening, vaddr:0x50000008a000, casue:INSTRUCTION, map_flags:MappingFlags(READ | WRITE | EXECUTE | USER)[m
[m[37m[1733835001.830628 0:5 ruxos_posix_api::imp::mmap::trap:90] [36mmapping_flags: MappingFlags(READ | WRITE | EXECUTE | USER)[m
[m[37m[1733835001.830922 0:5 ruxhal::arch::aarch64::trap:102] [36missue=0xf, vaddr=0x50000008aeb8, cause=INSTRUCTION[m
[m[37m[1733835001.831191 0:5 ruxos_posix_api::imp::mmap::trap:61] [36mPage Fault Happening, vaddr:0x50000008a000, casue:INSTRUCTION, map_flags:MappingFlags(READ | WRITE | EXECUTE | USER)[m
[m[37m[1733835001.831610 0:5 ruxos_posix_api::imp::mmap::trap:90] [36mmapping_flags: MappingFlags(READ | WRITE | EXECUTE | USER)[m
[m[37m[1733835001.831905 0:5 ruxhal::arch::aarch64::trap:102] [36missue=0xf, vaddr=0x50000008aeb8, cause=INSTRUCTION[m
[m[37m[1733835001.832175 0:5 ruxos_posix_api::imp::mmap::trap:61] [36mPage Fault Happening, vaddr:0x50000008a000, casue:INSTRUCTION, map_flags:MappingFlags(READ | WRITE | EXECUTE | USER)[m
[m[37m[1733835001.832593 0:5 ruxos_posix_api::imp::mmap::trap:90] [36mmapping_flags: MappingFlags(READ | WRITE | EXECUTE | USER)[m
[m[37m[1733835001.832889 0:5 ruxhal::arch::aarch64::trap:102] [36missue=0xf, vaddr=0x50000008aeb8, cause=INSTRUCTION[m
[m[37m[1733835001.833159 0:5 ruxos_posix_api::imp::mmap::trap:61] [36mPage Fault Happening, vaddr:0x50000008a000, casue:INSTRUCTION, map_flags:MappingFlags(READ | WRITE | EXECUTE | USER)[m
[m[37m[1733835001.833577 0:5 ruxos_posix_api::imp::mmap::trap:90] [36mmapping_flags: MappingFlags(READ | WRITE | EXECUTE | USER)[m
[m[37m[1733835001.833872 0:5 ruxhal::arch::aarch64::trap:102] [36missue=0xf, vaddr=0x50000008aeb8, cause=INSTRUCTION[m
[m[37m[1733835001.834140 0:5 ruxos_posix_api::imp::mmap::trap:61] [36mPage Fault Happening, vaddr:0x50000008a000, casue:INSTRUCTION, map_flags:MappingFlags(READ | WRITE | EXECUTE | USER)[m
[m[37m[1733835001.834578 0:5 ruxos_posix_api::imp::mmap::trap:90] [36mmapping_flags: MappingFlags(READ | WRITE | EXECUTE | USER)[m
[m[37m[1733835001.834909 0:5 ruxhal::arch::aarch64::trap:102] [36missue=0xf, vaddr=0x50000008aeb8, cause=INSTRUCTION[m
[m[37m[1733835001.835189 0:5 ruxos_posix_api::imp::mmap::trap:61] [36mPage Fault Happening, vaddr:0x50000008a000, casue:INSTRUCTION, map_flags:MappingFlags(READ | WRITE | EXECUTE | USER)[m
[m[37m[1733835001.835610 0:5 ruxos_posix_api::imp::mmap::trap:90] [36mmapping_flags: MappingFlags(READ | WRITE | EXECUTE | USER)[m
[m[37m[1733835001.835908 0:5 ruxhal::arch::aarch64::trap:102] [36missue=0xf, vaddr=0x50000008aeb8, cause=INSTRUCTION[m
[m[37m[1733835001.836177 0:5 ruxos_posix_api::imp::mmap::trap:61] [36mPage Fault Happening, vaddr:0x50000008a000, casue:INSTRUCTION, map_flags:MappingFlags(READ | WRITE | EXECUTE | USER)[m
[m[37m[1733835001.836594 0:5 ruxos_posix_api::imp::mmap::trap:90] [36mmapping_flags: MappingFlags(READ | WRITE | EXECUTE | USER)[m
[m[37m[1733835001.836889 0:5 ruxhal::arch::aarch64::trap:102] [36missue=0xf, vaddr=0x50000008aeb8, cause=INSTRUCTION[m
[m[37m[1733835001.837158 0:5 ruxos_posix_api::imp::mmap::trap:61] [36mPage Fault Happening, vaddr:0x50000008a000, casue:INSTRUCTION, map_flags:MappingFlags(READ | WRITE | EXECUTE | USER)[m
[m[37m[1733835001.837577 0:5 ruxos_posix_api::imp::mmap::trap:90] [36mmapping_flags: MappingFlags(READ | WRITE | EXECUTE | USER)[m
[m[37m[1733835001.837872 0:5 ruxhal::arch::aarch64::trap:102] [36missue=0xf, vaddr=0x50000008aeb8, cause=INSTRUCTION[m
[m[37m[1733835001.838141 0:5 ruxos_posix_api::imp::mmap::trap:61] [36mPage Fault Happening, vaddr:0x50000008a000, casue:INSTRUCTION, map_flags:MappingFlags(READ | WRITE | EXECUTE | USER)[m
[m[37m[1733835001.838560 0:5 ruxos_posix_api::imp::mmap::trap:90] [36mmapping_flags: MappingFlags(READ | WRITE | EXECUTE | USER)[m
[m[37m[1733835001.838859 0:5 ruxhal::arch::aarch64::trap:102] [36missue=0xf, vaddr=0x50000008aeb8, cause=INSTRUCTION[m
[m[37m[1733835001.839127 0:5 ruxos_posix_api::imp::mmap::trap:61] [36mPage Fault Happening, vaddr:0x50000008a000, casue:INSTRUCTION, map_flags:MappingFlags(READ | WRITE | EXECUTE | USER)[m
[m[37m[1733835001.839544 0:5 ruxos_posix_api::imp::mmap::trap:90] [36mmapping_flags: MappingFlags(READ | WRITE | EXECUTE | USER)[m
[m[37m[1733835001.839839 0:5 ruxhal::arch::aarch64::trap:102] [36missue=0xf, vaddr=0x50000008aeb8, cause=INSTRUCTION[m
[m[37m[1733835001.840107 0:5 ruxos_posix_api::imp::mmap::trap:61] [36mPage Fault Happening, vaddr:0x50000008a000, casue:INSTRUCTION, map_flags:MappingFlags(READ | WRITE | EXECUTE | USER)[m
[m[37m[1733835001.840525 0:5 ruxos_posix_api::imp::mmap::trap:90] [36mmapping_flags: MappingFlags(READ | WRITE | EXECUTE | USER)[m
[m[37m[1733835001.840820 0:5 ruxhal::arch::aarch64::trap:102] [36missue=0xf, vaddr=0x50000008aeb8, cause=INSTRUCTION[m
[m[37m[1733835001.841089 0:5 ruxos_posix_api::imp::mmap::trap:61] [36mPage Fault Happening, vaddr:0x50000008a000, casue:INSTRUCTION, map_flags:MappingFlags(READ | WRITE | EXECUTE | USER)[m
[m[37m[1733835001.841508 0:5 ruxos_posix_api::imp::mmap::trap:90] [36mmapping_flags: MappingFlags(READ | WRITE | EXECUTE | USER)[m
[m[37m[1733835001.841803 0:5 ruxhal::arch::aarch64::trap:102] [36missue=0xf, vaddr=0x50000008aeb8, cause=INSTRUCTION[m
[m[37m[1733835001.842072 0:5 ruxos_posix_api::imp::mmap::trap:61] [36mPage Fault Happening, vaddr:0x50000008a000, casue:INSTRUCTION, map_flags:MappingFlags(READ | WRITE | EXECUTE | USER)[m
[m[37m[1733835001.842491 0:5 ruxos_posix_api::imp::mmap::trap:90] [36mmapping_flags: MappingFlags(READ | WRITE | EXECUTE | USER)[m
[m[37m[1733835001.842786 0:5 ruxhal::arch::aarch64::trap:102] [36missue=0xf, vaddr=0x50000008aeb8, cause=INSTRUCTION[m
[m[37m[1733835001.843055 0:5 ruxos_posix_api::imp::mmap::trap:61] [36mPage Fault Happening, vaddr:0x50000008a000, casue:INSTRUCTION, map_flags:MappingFlags(READ | WRITE | EXECUTE | USER)[m
[m[37m[1733835001.843474 0:5 ruxos_posix_api::imp::mmap::trap:90] [36mmapping_flags: MappingFlags(READ | WRITE | EXECUTE | USER)[m
[m[37m[1733835001.843768 0:5 ruxhal::arch::aarch64::trap:102] [36missue=0xf, vaddr=0x50000008aeb8, cause=INSTRUCTION[m
[m[37m[1733835001.844037 0:5 ruxos_posix_api::imp::mmap::trap:61] [36mPage Fault Happening, vaddr:0x50000008a000, casue:INSTRUCTION, map_flags:MappingFlags(READ | WRITE | EXECUTE | USER)[m
[m[37m[1733835001.844456 0:5 ruxos_posix_api::imp::mmap::trap:90] [36mmapping_flags: MappingFlags(READ | WRITE | EXECUTE | USER)[m
[m[37m[1733835001.844808 0:5 ruxhal::arch::aarch64::trap:102] [36missue=0xf, vaddr=0x50000008aeb8, cause=INSTRUCTION[m
[m[37m[1733835001.845098 0:5 ruxos_posix_api::imp::mmap::trap:61] [36mPage Fault Happening, vaddr:0x50000008a000, casue:INSTRUCTION, map_flags:MappingFlags(READ | WRITE | EXECUTE | USER)[m
[m[37m[1733835001.845518 0:5 ruxos_posix_api::imp::mmap::trap:90] [36mmapping_flags: MappingFlags(READ | WRITE | EXECUTE | USER)[m
[m[37m[1733835001.845811 0:5 ruxhal::arch::aarch64::trap:102] [36missue=0xf, vaddr=0x50000008aeb8, cause=INSTRUCTION[m
[m[37m[1733835001.846078 0:5 ruxos_posix_api::imp::mmap::trap:61] [36mPage Fault Happening, vaddr:0x50000008a000, casue:INSTRUCTION, map_flags:MappingFlags(READ | WRITE | EXECUTE | USER)[m
[m[37m[1733835001.846497 0:5 ruxos_posix_api::imp::mmap::trap:90] [36mmapping_flags: MappingFlags(READ | WRITE | EXECUTE | USER)[m
[m[37m[1733835001.846791 0:5 ruxhal::arch::aarch64::trap:102] [36missue=0xf, vaddr=0x50000008aeb8, cause=INSTRUCTION[m
[m[37m[1733835001.847060 0:5 ruxos_posix_api::imp::mmap::trap:61] [36mPage Fault Happening, vaddr:0x50000008a000, casue:INSTRUCTION, map_flags:MappingFlags(READ | WRITE | EXECUTE | USER)[m
[m[37m[1733835001.847477 0:5 ruxos_posix_api::imp::mmap::trap:90] [36mmapping_flags: MappingFlags(READ | WRITE | EXECUTE | USER)[m
[m[37m[1733835001.847770 0:5 ruxhal::arch::aarch64::trap:102] [36missue=0xf, vaddr=0x50000008aeb8, cause=INSTRUCTION[m
[m[37m[1733835001.848037 0:5 ruxos_posix_api::imp::mmap::trap:61] [36mPage Fault Happening, vaddr:0x50000008a000, casue:INSTRUCTION, map_flags:MappingFlags(READ | WRITE | EXECUTE | USER)[m
[m[37m[1733835001.848457 0:5 ruxos_posix_api::imp::mmap::trap:90] [36mmapping_flags: MappingFlags(READ | WRITE | EXECUTE | USER)[m
[m[37m[1733835001.848751 0:5 ruxhal::arch::aarch64::trap:102] [36missue=0xf, vaddr=0x50000008aeb8, cause=INSTRUCTION[m
[m[37m[1733835001.849021 0:5 ruxos_posix_api::imp::mmap::trap:61] [36mPage Fault Happening, vaddr:0x50000008a000, casue:INSTRUCTION, map_flags:MappingFlags(READ | WRITE | EXECUTE | USER)[m
[m[37m[1733835001.849441 0:5 ruxos_posix_api::imp::mmap::trap:90] [36mmapping_flags: MappingFlags(READ | WRITE | EXECUTE | USER)[m
[m[37m[1733835001.849736 0:5 ruxhal::arch::aarch64::trap:102] [36missue=0xf, vaddr=0x50000008aeb8, cause=INSTRUCTION[m
[m[37m[1733835001.850004 0:5 ruxos_posix_api::imp::mmap::trap:61] [36mPage Fault Happening, vaddr:0x50000008a000, casue:INSTRUCTION, map_flags:MappingFlags(READ | WRITE | EXECUTE | USER)[m
[m[37m[1733835001.850422 0:5 ruxos_posix_api::imp::mmap::trap:90] [36mmapping_flags: MappingFlags(READ | WRITE | EXECUTE | USER)[m
[m[37m[1733835001.850717 0:5 ruxhal::arch::aarch64::trap:102] [36missue=0xf, vaddr=0x50000008aeb8, cause=INSTRUCTION[m
[m[37m[1733835001.850989 0:5 ruxos_posix_api::imp::mmap::trap:61] [36mPage Fault Happening, vaddr:0x50000008a000, casue:INSTRUCTION, map_flags:MappingFlags(READ | WRITE | EXECUTE | USER)[m
[m[37m[1733835001.851409 0:5 ruxos_posix_api::imp::mmap::trap:90] [36mmapping_flags: MappingFlags(READ | WRITE | EXECUTE | USER)[m
[m[37m[1733835001.851703 0:5 ruxhal::arch::aarch64::trap:102] [36missue=0xf, vaddr=0x50000008aeb8, cause=INSTRUCTION[m
[m[37m[1733835001.851974 0:5 ruxos_posix_api::imp::mmap::trap:61] [36mPage Fault Happening, vaddr:0x50000008a000, casue:INSTRUCTION, map_flags:MappingFlags(READ | WRITE | EXECUTE | USER)[m
[m[37m[1733835001.852397 0:5 ruxos_posix_api::imp::mmap::trap:90] [36mmapping_flags: MappingFlags(READ | WRITE | EXECUTE | USER)[m
[m[37m[1733835001.852691 0:5 ruxhal::arch::aarch64::trap:102] [36missue=0xf, vaddr=0x50000008aeb8, cause=INSTRUCTION[m
[m[37m[1733835001.852957 0:5 ruxos_posix_api::imp::mmap::trap:61] [36mPage Fault Happening, vaddr:0x50000008a000, casue:INSTRUCTION, map_flags:MappingFlags(READ | WRITE | EXECUTE | USER)[m
[m[37m[1733835001.853376 0:5 ruxos_posix_api::imp::mmap::trap:90] [36mmapping_flags: MappingFlags(READ | WRITE | EXECUTE | USER)[m
[m[37m[1733835001.853673 0:5 ruxhal::arch::aarch64::trap:102] [36missue=0xf, vaddr=0x50000008aeb8, cause=INSTRUCTION[m
[m[37m[1733835001.853942 0:5 ruxos_posix_api::imp::mmap::trap:61] [36mPage Fault Happening, vaddr:0x50000008a000, casue:INSTRUCTION, map_flags:MappingFlags(READ | WRITE | EXECUTE | USER)[m
[m[37m[1733835001.854359 0:5 ruxos_posix_api::imp::mmap::trap:90] [36mmapping_flags: MappingFlags(READ | WRITE | EXECUTE | USER)[m
[m[37m[1733835001.854684 0:5 ruxhal::arch::aarch64::trap:102] [36missue=0xf, vaddr=0x50000008aeb8, cause=INSTRUCTION[m
[m[37m[1733835001.854967 0:5 ruxos_posix_api::imp::mmap::trap:61] [36mPage Fault Happening, vaddr:0x50000008a000, casue:INSTRUCTION, map_flags:MappingFlags(READ | WRITE | EXECUTE | USER)[m
[m[37m[1733835001.855385 0:5 ruxos_posix_api::imp::mmap::trap:90] [36mmapping_flags: MappingFlags(READ | WRITE | EXECUTE | USER)[m
[m[37m[1733835001.855691 0:5 ruxhal::arch::aarch64::trap:102] [36missue=0xf, vaddr=0x50000008aeb8, cause=INSTRUCTION[m
[m[37m[1733835001.855959 0:5 ruxos_posix_api::imp::mmap::trap:61] [36mPage Fault Happening, vaddr:0x50000008a000, casue:INSTRUCTION, map_flags:MappingFlags(READ | WRITE | EXECUTE | USER)[m
[m[37m[1733835001.856378 0:5 ruxos_posix_api::imp::mmap::trap:90] [36mmapping_flags: MappingFlags(READ | WRITE | EXECUTE | USER)[m
[m[37m[1733835001.856672 0:5 ruxhal::arch::aarch64::trap:102] [36missue=0xf, vaddr=0x50000008aeb8, cause=INSTRUCTION[m
[m[37m[1733835001.856941 0:5 ruxos_posix_api::imp::mmap::trap:61] [36mPage Fault Happening, vaddr:0x50000008a000, casue:INSTRUCTION, map_flags:MappingFlags(READ | WRITE | EXECUTE | USER)[m
[m[37m[1733835001.857359 0:5 ruxos_posix_api::imp::mmap::trap:90] [36mmapping_flags: MappingFlags(READ | WRITE | EXECUTE | USER)[m
[m[37m[1733835001.857652 0:5 ruxhal::arch::aarch64::trap:102] [36missue=0xf, vaddr=0x50000008aeb8, cause=INSTRUCTION[m
[m[37m[1733835001.857919 0:5 ruxos_posix_api::imp::mmap::trap:61] [36mPage Fault Happening, vaddr:0x50000008a000, casue:INSTRUCTION, map_flags:MappingFlags(READ | WRITE | EXECUTE | USER)[m
[m[37m[1733835001.858337 0:5 ruxos_posix_api::imp::mmap::trap:90] [36mmapping_flags: MappingFlags(READ | WRITE | EXECUTE | USER)[m
[m[37m[1733835001.858633 0:5 ruxhal::arch::aarch64::trap:102] [36missue=0xf, vaddr=0x50000008aeb8, cause=INSTRUCTION[m
[m[37m[1733835001.858904 0:5 ruxos_posix_api::imp::mmap::trap:61] [36mPage Fault Happening, vaddr:0x50000008a000, casue:INSTRUCTION, map_flags:MappingFlags(READ | WRITE | EXECUTE | USER)[m
[m[37m[1733835001.859321 0:5 ruxos_posix_api::imp::mmap::trap:90] [36mmapping_flags: MappingFlags(READ | WRITE | EXECUTE | USER)[m
[m[37m[1733835001.859616 0:5 ruxhal::arch::aarch64::trap:102] [36missue=0xf, vaddr=0x50000008aeb8, cause=INSTRUCTION[m
[m[37m[1733835001.859885 0:5 ruxos_posix_api::imp::mmap::trap:61] [36mPage Fault Happening, vaddr:0x50000008a000, casue:INSTRUCTION, map_flags:MappingFlags(READ | WRITE | EXECUTE | USER)[m
[m[37m[1733835001.860302 0:5 ruxos_posix_api::imp::mmap::trap:90] [36mmapping_flags: MappingFlags(READ | WRITE | EXECUTE | USER)[m
[m[37m[1733835001.860596 0:5 ruxhal::arch::aarch64::trap:102] [36missue=0xf, vaddr=0x50000008aeb8, cause=INSTRUCTION[m
[m[37m[1733835001.860866 0:5 ruxos_posix_api::imp::mmap::trap:61] [36mPage Fault Happening, vaddr:0x50000008a000, casue:INSTRUCTION, map_flags:MappingFlags(READ | WRITE | EXECUTE | USER)[m
[m[37m[1733835001.861285 0:5 ruxos_posix_api::imp::mmap::trap:90] [36mmapping_flags: MappingFlags(READ | WRITE | EXECUTE | USER)[m
[m[37m[1733835001.861580 0:5 ruxhal::arch::aarch64::trap:102] [36missue=0xf, vaddr=0x50000008aeb8, cause=INSTRUCTION[m
[m[37m[1733835001.861848 0:5 ruxos_posix_api::imp::mmap::trap:61] [36mPage Fault Happening, vaddr:0x50000008a000, casue:INSTRUCTION, map_flags:MappingFlags(READ | WRITE | EXECUTE | USER)[m
[m[37m[1733835001.862267 0:5 ruxos_posix_api::imp::mmap::trap:90] [36mmapping_flags: MappingFlags(READ | WRITE | EXECUTE | USER)[m
[m[37m[1733835001.862563 0:5 ruxhal::arch::aarch64::trap:102] [36missue=0xf, vaddr=0x50000008aeb8, cause=INSTRUCTION[m
[m[37m[1733835001.862832 0:5 ruxos_posix_api::imp::mmap::trap:61] [36mPage Fault Happening, vaddr:0x50000008a000, casue:INSTRUCTION, map_flags:MappingFlags(READ | WRITE | EXECUTE | USER)[m
[m[37m[1733835001.863250 0:5 ruxos_posix_api::imp::mmap::trap:90] [36mmapping_flags: MappingFlags(READ | WRITE | EXECUTE | USER)[m
[m[37m[1733835001.863545 0:5 ruxhal::arch::aarch64::trap:102] [36missue=0xf, vaddr=0x50000008aeb8, cause=INSTRUCTION[m
[m[37m[1733835001.863813 0:5 ruxos_posix_api::imp::mmap::trap:61] [36mPage Fault Happening, vaddr:0x50000008a000, casue:INSTRUCTION, map_flags:MappingFlags(READ | WRITE | EXECUTE | USER)[m
[m[37m[1733835001.864232 0:5 ruxos_posix_api::imp::mmap::trap:90] [36mmapping_flags: MappingFlags(READ | WRITE | EXECUTE | USER)[m
[m[37m[1733835001.864571 0:5 ruxhal::arch::aarch64::trap:102] [36missue=0xf, vaddr=0x50000008aeb8, cause=INSTRUCTION[m
[m[37m[1733835001.864840 0:5 ruxos_posix_api::imp::mmap::trap:61] [36mPage Fault Happening, vaddr:0x50000008a000, casue:INSTRUCTION, map_flags:MappingFlags(READ | WRITE | EXECUTE | USER)[m
[m[37m[1733835001.865257 0:5 ruxos_posix_api::imp::mmap::trap:90] [36mmapping_flags: MappingFlags(READ | WRITE | EXECUTE | USER)[m
[m[37m[1733835001.865554 0:5 ruxhal::arch::aarch64::trap:102] [36missue=0xf, vaddr=0x50000008aeb8, cause=INSTRUCTION[m
[m[37m[1733835001.865823 0:5 ruxos_posix_api::imp::mmap::trap:61] [36mPage Fault Happening, vaddr:0x50000008a000, casue:INSTRUCTION, map_flags:MappingFlags(READ | WRITE | EXECUTE | USER)[m
[m[37m[1733835001.866242 0:5 ruxos_posix_api::imp::mmap::trap:90] [36mmapping_flags: MappingFlags(READ | WRITE | EXECUTE | USER)[m
[m[37m[1733835001.866538 0:5 ruxhal::arch::aarch64::trap:102] [36missue=0xf, vaddr=0x50000008aeb8, cause=INSTRUCTION[m
[m[37m[1733835001.866807 0:5 ruxos_posix_api::imp::mmap::trap:61] [36mPage Fault Happening, vaddr:0x50000008a000, casue:INSTRUCTION, map_flags:MappingFlags(READ | WRITE | EXECUTE | USER)[m
[m[37m[1733835001.867227 0:5 ruxos_posix_api::imp::mmap::trap:90] [36mmapping_flags: MappingFlags(READ | WRITE | EXECUTE | USER)[m
[m[37m[1733835001.867522 0:5 ruxhal::arch::aarch64::trap:102] [36missue=0xf, vaddr=0x50000008aeb8, cause=INSTRUCTION[m
[m[37m[1733835001.867793 0:5 ruxos_posix_api::imp::mmap::trap:61] [36mPage Fault Happening, vaddr:0x50000008a000, casue:INSTRUCTION, map_flags:MappingFlags(READ | WRITE | EXECUTE | USER)[m
[m[37m[1733835001.868214 0:5 ruxos_posix_api::imp::mmap::trap:90] [36mmapping_flags: MappingFlags(READ | WRITE | EXECUTE | USER)[m
[m[37m[1733835001.868509 0:5 ruxhal::arch::aarch64::trap:102] [36missue=0xf, vaddr=0x50000008aeb8, cause=INSTRUCTION[m
[m[37m[1733835001.868778 0:5 ruxos_posix_api::imp::mmap::trap:61] [36mPage Fault Happening, vaddr:0x50000008a000, casue:INSTRUCTION, map_flags:MappingFlags(READ | WRITE | EXECUTE | USER)[m
[m[37m[1733835001.869198 0:5 ruxos_posix_api::imp::mmap::trap:90] [36mmapping_flags: MappingFlags(READ | WRITE | EXECUTE | USER)[m
[m[37m[1733835001.869492 0:5 ruxhal::arch::aarch64::trap:102] [36missue=0xf, vaddr=0x50000008aeb8, cause=INSTRUCTION[m
[m[37m[1733835001.869761 0:5 ruxos_posix_api::imp::mmap::trap:61] [36mPage Fault Happening, vaddr:0x50000008a000, casue:INSTRUCTION, map_flags:MappingFlags(READ | WRITE | EXECUTE | USER)[m
[m[37m[1733835001.870180 0:5 ruxos_posix_api::imp::mmap::trap:90] [36mmapping_flags: MappingFlags(READ | WRITE | EXECUTE | USER)[m
[m[37m[1733835001.870475 0:5 ruxhal::arch::aarch64::trap:102] [36missue=0xf, vaddr=0x50000008aeb8, cause=INSTRUCTION[m
[m[37m[1733835001.870746 0:5 ruxos_posix_api::imp::mmap::trap:61] [36mPage Fault Happening, vaddr:0x50000008a000, casue:INSTRUCTION, map_flags:MappingFlags(READ | WRITE | EXECUTE | USER)[m
[m[37m[1733835001.871165 0:5 ruxos_posix_api::imp::mmap::trap:90] [36mmapping_flags: MappingFlags(READ | WRITE | EXECUTE | USER)[m
[m[37m[1733835001.871463 0:5 ruxhal::arch::aarch64::trap:102] [36missue=0xf, vaddr=0x50000008aeb8, cause=INSTRUCTION[m
[m[37m[1733835001.871731 0:5 ruxos_posix_api::imp::mmap::trap:61] [36mPage Fault Happening, vaddr:0x50000008a000, casue:INSTRUCTION, map_flags:MappingFlags(READ | WRITE | EXECUTE | USER)[m
[m[37m[1733835001.872151 0:5 ruxos_posix_api::imp::mmap::trap:90] [36mmapping_flags: MappingFlags(READ | WRITE | EXECUTE | USER)[m
[m[37m[1733835001.872448 0:5 ruxhal::arch::aarch64::trap:102] [36missue=0xf, vaddr=0x50000008aeb8, cause=INSTRUCTION[m
[m[37m[1733835001.872716 0:5 ruxos_posix_api::imp::mmap::trap:61] [36mPage Fault Happening, vaddr:0x50000008a000, casue:INSTRUCTION, map_flags:MappingFlags(READ | WRITE | EXECUTE | USER)[m
[m[37m[1733835001.873133 0:5 ruxos_posix_api::imp::mmap::trap:90] [36mmapping_flags: MappingFlags(READ | WRITE | EXECUTE | USER)[m
[m[37m[1733835001.873428 0:5 ruxhal::arch::aarch64::trap:102] [36missue=0xf, vaddr=0x50000008aeb8, cause=INSTRUCTION[m
[m[37m[1733835001.873696 0:5 ruxos_posix_api::imp::mmap::trap:61] [36mPage Fault Happening, vaddr:0x50000008a000, casue:INSTRUCTION, map_flags:MappingFlags(READ | WRITE | EXECUTE | USER)[m
[m[37m[1733835001.874113 0:5 ruxos_posix_api::imp::mmap::trap:90] [36mmapping_flags: MappingFlags(READ | WRITE | EXECUTE | USER)[m
[m[37m[1733835001.874406 0:5 ruxhal::arch::aarch64::trap:102] [36missue=0xf, vaddr=0x50000008aeb8, cause=INSTRUCTION[m
[m[37m[1733835001.874711 0:5 ruxos_posix_api::imp::mmap::trap:61] [36mPage Fault Happening, vaddr:0x50000008a000, casue:INSTRUCTION, map_flags:MappingFlags(READ | WRITE | EXECUTE | USER)[m
[m[37m[1733835001.875171 0:5 ruxos_posix_api::imp::mmap::trap:90] [36mmapping_flags: MappingFlags(READ | WRITE | EXECUTE | USER)[m
[m[37m[1733835001.875505 0:5 ruxhal::arch::aarch64::trap:102] [36missue=0xf, vaddr=0x50000008aeb8, cause=INSTRUCTION[m
[m[37m[1733835001.875787 0:5 ruxos_posix_api::imp::mmap::trap:61] [36mPage Fault Happening, vaddr:0x50000008a000, casue:INSTRUCTION, map_flags:MappingFlags(READ | WRITE | EXECUTE | USER)[m
[m[37m[1733835001.876205 0:5 ruxos_posix_api::imp::mmap::trap:90] [36mmapping_flags: MappingFlags(READ | WRITE | EXECUTE | USER)[m
[m[37m[1733835001.876500 0:5 ruxhal::arch::aarch64::trap:102] [36missue=0xf, vaddr=0x50000008aeb8, cause=INSTRUCTION[m
[m[37m[1733835001.876770 0:5 ruxos_posix_api::imp::mmap::trap:61] [36mPage Fault Happening, vaddr:0x50000008a000, casue:INSTRUCTION, map_flags:MappingFlags(READ | WRITE | EXECUTE | USER)[m
[m[37m[1733835001.877187 0:5 ruxos_posix_api::imp::mmap::trap:90] [36mmapping_flags: MappingFlags(READ | WRITE | EXECUTE | USER)[m
[m[37m[1733835001.877482 0:5 ruxhal::arch::aarch64::trap:102] [36missue=0xf, vaddr=0x50000008aeb8, cause=INSTRUCTION[m
[m[37m[1733835001.877750 0:5 ruxos_posix_api::imp::mmap::trap:61] [36mPage Fault Happening, vaddr:0x50000008a000, casue:INSTRUCTION, map_flags:MappingFlags(READ | WRITE | EXECUTE | USER)[m
[m[37m[1733835001.878167 0:5 ruxos_posix_api::imp::mmap::trap:90] [36mmapping_flags: MappingFlags(READ | WRITE | EXECUTE | USER)[m
[m[37m[1733835001.878463 0:5 ruxhal::arch::aarch64::trap:102] [36missue=0xf, vaddr=0x50000008aeb8, cause=INSTRUCTION[m
[m[37m[1733835001.878730 0:5 ruxos_posix_api::imp::mmap::trap:61] [36mPage Fault Happening, vaddr:0x50000008a000, casue:INSTRUCTION, map_flags:MappingFlags(READ | WRITE | EXECUTE | USER)[m
[m[37m[1733835001.879150 0:5 ruxos_posix_api::imp::mmap::trap:90] [36mmapping_flags: MappingFlags(READ | WRITE | EXECUTE | USER)[m
[m[37m[1733835001.879443 0:5 ruxhal::arch::aarch64::trap:102] [36missue=0xf, vaddr=0x50000008aeb8, cause=INSTRUCTION[m
[m[37m[1733835001.879711 0:5 ruxos_posix_api::imp::mmap::trap:61] [36mPage Fault Happening, vaddr:0x50000008a000, casue:INSTRUCTION, map_flags:MappingFlags(READ | WRITE | EXECUTE | USER)[m
[m[37m[1733835001.880129 0:5 ruxos_posix_api::imp::mmap::trap:90] [36mmapping_flags: MappingFlags(READ | WRITE | EXECUTE | USER)[m
[m[37m[1733835001.880426 0:5 ruxhal::arch::aarch64::trap:102] [36missue=0xf, vaddr=0x50000008aeb8, cause=INSTRUCTION[m
[m[37m[1733835001.880694 0:5 ruxos_posix_api::imp::mmap::trap:61] [36mPage Fault Happening, vaddr:0x50000008a000, casue:INSTRUCTION, map_flags:MappingFlags(READ | WRITE | EXECUTE | USER)[m
[m[37m[1733835001.881113 0:5 ruxos_posix_api::imp::mmap::trap:90] [36mmapping_flags: MappingFlags(READ | WRITE | EXECUTE | USER)[m
[m[37m[1733835001.881408 0:5 ruxhal::arch::aarch64::trap:102] [36missue=0xf, vaddr=0x50000008aeb8, cause=INSTRUCTION[m
[m[37m[1733835001.881677 0:5 ruxos_posix_api::imp::mmap::trap:61] [36mPage Fault Happening, vaddr:0x50000008a000, casue:INSTRUCTION, map_flags:MappingFlags(READ | WRITE | EXECUTE | USER)[m
[m[37m[1733835001.882094 0:5 ruxos_posix_api::imp::mmap::trap:90] [36mmapping_flags: MappingFlags(READ | WRITE | EXECUTE | USER)[m
[m[37m[1733835001.882389 0:5 ruxhal::arch::aarch64::trap:102] [36missue=0xf, vaddr=0x50000008aeb8, cause=INSTRUCTION[m
[m[37m[1733835001.882658 0:5 ruxos_posix_api::imp::mmap::trap:61] [36mPage Fault Happening, vaddr:0x50000008a000, casue:INSTRUCTION, map_flags:MappingFlags(READ | WRITE | EXECUTE | USER)[m
[m[37m[1733835001.883077 0:5 ruxos_posix_api::imp::mmap::trap:90] [36mmapping_flags: MappingFlags(READ | WRITE | EXECUTE | USER)[m
[m[37m[1733835001.883373 0:5 ruxhal::arch::aarch64::trap:102] [36missue=0xf, vaddr=0x50000008aeb8, cause=INSTRUCTION[m
[m[37m[1733835001.883663 0:5 ruxos_posix_api::impQEMU: Terminated
